"","CTRY","YEAR","YDAY","TEMP","MIN","MAX","IND","period","MEAN"
"1","US",1982,1,-12.3,-17.8,-2.3,4,"1982-1984",-10.05
"2","US",1982,2,-4.6,-8.9,-1.7,4,"1982-1984",-5.3
"3","US",1982,3,-13.8,-18.9,-1.7,4,"1982-1984",-10.3
"4","US",1982,4,-12.4,-18.9,-8.3,4,"1982-1984",-13.6
"5","US",1982,5,-8.7,-15,-4.4,4,"1982-1984",-9.7
"6","US",1982,6,-14.4,-16.7,-3.9,4,"1982-1984",-10.3
"7","US",1982,7,-16.6,-22.3,-9.4,4,"1982-1984",-15.85
"8","US",1982,8,-10,-14.5,-2.8,4,"1982-1984",-8.65
"9","US",1982,9,-14.4,-18.9,-2.8,4,"1982-1984",-10.85
"10","US",1982,10,-24,-27.8,-12.3,4,"1982-1984",-20.05
"11","US",1982,11,-19.1,-25,-11.7,4,"1982-1984",-18.35
"12","US",1982,12,-12.6,-15,-11.7,4,"1982-1984",-13.35
"13","US",1982,13,-18.7,-25,-10.6,4,"1982-1984",-17.8
"14","US",1982,14,-13.9,-18.9,-8.9,4,"1982-1984",-13.9
"15","US",1982,15,-8.4,-12.3,1.1,4,"1982-1984",-5.6
"16","US",1982,16,-20,-23.4,-13.9,4,"1982-1984",-18.65
"17","US",1982,17,-13.4,-22.8,-2.8,4,"1982-1984",-12.8
"18","US",1982,18,-5.7,-12.3,2.8,4,"1982-1984",-4.75
"19","US",1982,19,-6.3,-10.6,3.3,4,"1982-1984",-3.65
"20","US",1982,20,-10.1,-11.7,-3.4,4,"1982-1984",-7.55
"21","US",1982,21,-9.5,-10.6,-7.8,4,"1982-1984",-9.2
"22","US",1982,22,-3.1,-8.4,0,4,"1982-1984",-4.2
"23","US",1982,23,-15.8,-18.9,-9.4,4,"1982-1984",-14.15
"24","US",1982,24,-12.5,-14.5,-8.3,4,"1982-1984",-11.4
"25","US",1982,25,-7.4,-13.9,-1.1,4,"1982-1984",-7.5
"26","US",1982,26,-8.2,-15.6,3.3,4,"1982-1984",-6.15
"27","US",1982,27,3,-2.8,5,4,"1982-1984",1.1
"28","US",1982,28,-2.7,-9.4,5,4,"1982-1984",-2.2
"29","US",1982,29,0.1,-5,3.3,4,"1982-1984",-0.85
"30","US",1982,30,-4,-6.7,3.3,4,"1982-1984",-1.7
"31","US",1982,31,-12,-14.5,-2.8,4,"1982-1984",-8.65
"32","US",1982,32,-7.4,-10.6,-2.2,4,"1982-1984",-6.4
"33","US",1982,33,-7.6,-12.3,-2.3,4,"1982-1984",-7.3
"34","US",1982,34,-18.6,-22.8,-4.5,4,"1982-1984",-13.65
"35","US",1982,35,-19.2,-22.8,-16.7,4,"1982-1984",-19.75
"36","US",1982,36,-17.7,-20,-16.7,4,"1982-1984",-18.35
"37","US",1982,37,-19.1,-25.6,-8.9,4,"1982-1984",-17.25
"38","US",1982,38,-11.9,-16.7,-4.4,4,"1982-1984",-10.55
"39","US",1982,39,-12.3,-16.2,-4.5,4,"1982-1984",-10.35
"40","US",1982,40,-15.3,-22.3,-9.5,4,"1982-1984",-15.9
"41","US",1982,41,-14.6,-20,-8.3,4,"1982-1984",-14.15
"42","US",1982,42,-12.4,-18.4,-4.4,4,"1982-1984",-11.4
"43","US",1982,43,-5.8,-13.4,-1.7,4,"1982-1984",-7.55
"44","US",1982,44,-7.7,-15,-0.6,4,"1982-1984",-7.8
"45","US",1982,45,-2.2,-7.8,3.3,4,"1982-1984",-2.25
"46","US",1982,46,1.7,-0.6,5,4,"1982-1984",2.2
"47","US",1982,47,1.2,0.5,5,4,"1982-1984",2.75
"48","US",1982,48,1.1,0.5,1.7,4,"1982-1984",1.1
"49","US",1982,49,3,-0.6,10.6,4,"1982-1984",5
"50","US",1982,50,4.2,-2.8,14.4,4,"1982-1984",5.8
"51","US",1982,51,7.9,1.1,16.1,4,"1982-1984",8.6
"52","US",1982,52,5.9,-1.7,18.3,4,"1982-1984",8.3
"53","US",1982,53,9.4,-0.6,23.3,4,"1982-1984",11.35
"54","US",1982,54,3.1,-0.6,17.2,4,"1982-1984",8.3
"55","US",1982,55,0.2,-6.2,3.3,4,"1982-1984",-1.45
"56","US",1982,56,-2.9,-5.6,2.2,4,"1982-1984",-1.7
"57","US",1982,57,-2.7,-7.8,4.4,4,"1982-1984",-1.7
"58","US",1982,58,-0.6,-6.7,7.8,4,"1982-1984",0.55
"59","US",1982,59,3.3,-2.8,11.7,4,"1982-1984",4.45
"60","US",1982,60,3.7,-4.5,17.2,4,"1982-1984",6.35
"61","US",1982,61,6.2,0,17.2,4,"1982-1984",8.6
"62","US",1982,62,-3.2,-4.5,-0.6,4,"1982-1984",-2.55
"63","US",1982,63,-5.2,-6.7,-2.8,4,"1982-1984",-4.75
"64","US",1982,64,-6.9,-11.1,-2.8,4,"1982-1984",-6.95
"65","US",1982,65,-11.6,-20.6,-1.1,4,"1982-1984",-10.85
"66","US",1982,66,-10.8,-18.4,-1.2,4,"1982-1984",-9.8
"67","US",1982,67,-4.4,-9.5,0.6,4,"1982-1984",-4.45
"68","US",1982,68,-9,-16.7,1.7,4,"1982-1984",-7.5
"69","US",1982,69,2.2,-6.2,16.7,4,"1982-1984",5.25
"70","US",1982,70,3.6,-0.6,16.6,4,"1982-1984",8
"71","US",1982,71,7.6,0.5,18.9,4,"1982-1984",9.7
"72","US",1982,72,5.6,-4.5,19.4,4,"1982-1984",7.45
"73","US",1982,73,4.4,-1.7,16.1,4,"1982-1984",7.2
"74","US",1982,74,4.4,2.7,11.1,4,"1982-1984",6.9
"75","US",1982,75,7.6,2.7,14.4,4,"1982-1984",8.55
"76","US",1982,76,4.1,-1.7,15.5,4,"1982-1984",6.9
"77","US",1982,77,5.2,2.7,7.2,4,"1982-1984",4.95
"78","US",1982,78,5.9,5,9.4,4,"1982-1984",7.2
"79","US",1982,79,5,1.1,10,4,"1982-1984",5.55
"80","US",1982,80,0.7,-3.4,7.7,4,"1982-1984",2.15
"81","US",1982,81,1.6,-6.7,11.1,4,"1982-1984",2.2
"82","US",1982,82,6.4,-1.7,16.1,4,"1982-1984",7.2
"83","US",1982,83,4.1,-2.8,16.6,4,"1982-1984",6.9
"84","US",1982,84,2.1,-2.3,6.7,4,"1982-1984",2.2
"85","US",1982,85,0.8,-6.7,10,4,"1982-1984",1.65
"86","US",1982,86,4.3,-0.6,10,4,"1982-1984",4.7
"87","US",1982,87,4.6,-2.3,10.5,4,"1982-1984",4.1
"88","US",1982,88,8.8,5.5,15,4,"1982-1984",10.25
"89","US",1982,89,12.7,8.8,18.3,4,"1982-1984",13.55
"90","US",1982,90,11.6,1.6,20.6,4,"1982-1984",11.1
"91","US",1982,91,13.8,1.1,25,4,"1982-1984",13.05
"92","US",1982,92,20.2,7.8,27.8,4,"1982-1984",17.8
"93","US",1982,93,0.7,-3.9,8.9,4,"1982-1984",2.5
"94","US",1982,94,2.2,-3.4,8.8,4,"1982-1984",2.7
"95","US",1982,95,0.6,-2.3,8.3,4,"1982-1984",3
"96","US",1982,96,-3.3,-8.9,2.2,4,"1982-1984",-3.35
"97","US",1982,97,-0.1,-1.7,2.2,4,"1982-1984",0.25
"98","US",1982,98,-0.6,-1.7,2.2,4,"1982-1984",0.25
"99","US",1982,99,1.2,-6.2,13.3,4,"1982-1984",3.55
"100","US",1982,100,6.8,0,15.6,4,"1982-1984",7.8
"101","US",1982,101,9.3,-1.7,24.4,4,"1982-1984",11.35
"102","US",1982,102,17.1,11.6,26.7,4,"1982-1984",19.15
"103","US",1982,103,14.1,3.3,27.2,4,"1982-1984",15.25
"104","US",1982,104,16.6,7.2,30,4,"1982-1984",18.6
"105","US",1982,105,21.4,17.2,30,4,"1982-1984",23.6
"106","US",1982,106,13.8,8.3,26.1,4,"1982-1984",17.2
"107","US",1982,107,9.1,3.3,17.2,4,"1982-1984",10.25
"108","US",1982,108,11.2,2.2,21.1,4,"1982-1984",11.65
"109","US",1982,109,13.5,9.4,21.1,4,"1982-1984",15.25
"110","US",1982,110,7.8,3.3,15.5,4,"1982-1984",9.4
"111","US",1982,111,5.9,-3.4,15,4,"1982-1984",5.8
"112","US",1982,112,6.7,-2.8,15.6,4,"1982-1984",6.4
"113","US",1982,113,11.1,2.7,21.7,4,"1982-1984",12.2
"114","US",1982,114,14.4,7.2,22.2,4,"1982-1984",14.7
"115","US",1982,115,14.8,7.7,22.2,4,"1982-1984",14.95
"116","US",1982,116,13.3,6.1,22.2,4,"1982-1984",14.15
"117","US",1982,117,9.2,5.5,18.3,4,"1982-1984",11.9
"118","US",1982,118,6,1.1,11.6,4,"1982-1984",6.35
"119","US",1982,119,8.1,1.1,12.8,4,"1982-1984",6.95
"120","US",1982,120,12.4,9.4,16.7,4,"1982-1984",13.05
"121","US",1982,121,11.7,2.7,18.9,4,"1982-1984",10.8
"122","US",1982,122,14.7,6.1,22.2,4,"1982-1984",14.15
"123","US",1982,123,18.4,11.6,27.2,4,"1982-1984",19.4
"124","US",1982,124,22.7,12.7,28.3,4,"1982-1984",20.5
"125","US",1982,125,14.7,9.4,28.3,4,"1982-1984",18.85
"126","US",1982,126,10.1,7.2,17.2,4,"1982-1984",12.2
"127","US",1982,127,13.5,2.7,23.3,4,"1982-1984",13
"128","US",1982,128,16.5,7.7,26.1,4,"1982-1984",16.9
"129","US",1982,129,20.2,15,28.3,4,"1982-1984",21.65
"130","US",1982,130,22.2,17.2,28.3,4,"1982-1984",22.75
"131","US",1982,131,19.3,15,26.6,4,"1982-1984",20.8
"132","US",1982,132,18.2,15,23.8,4,"1982-1984",19.4
"133","US",1982,133,18.9,16.1,22.7,4,"1982-1984",19.4
"134","US",1982,134,17.9,14.4,22.2,4,"1982-1984",18.3
"135","US",1982,135,16.1,12.2,22.2,4,"1982-1984",17.2
"136","US",1982,136,18.5,12.7,22.8,4,"1982-1984",17.75
"137","US",1982,137,17.3,13.3,22.7,4,"1982-1984",18
"138","US",1982,138,18.8,11.6,26.7,4,"1982-1984",19.15
"139","US",1982,139,21.2,16.1,27.2,4,"1982-1984",21.65
"140","US",1982,140,20.7,16.6,27.2,4,"1982-1984",21.9
"141","US",1982,141,15.1,12.2,22.7,4,"1982-1984",17.45
"142","US",1982,142,13.8,11.1,18.9,4,"1982-1984",15
"143","US",1982,143,16.1,9.4,22.2,4,"1982-1984",15.8
"144","US",1982,144,17.1,15.5,22.7,4,"1982-1984",19.1
"145","US",1982,145,17.1,16.1,18.3,4,"1982-1984",17.2
"146","US",1982,146,17.2,15.5,20,4,"1982-1984",17.75
"147","US",1982,147,18,10.5,25,4,"1982-1984",17.75
"148","US",1982,148,19.6,17.2,25.5,4,"1982-1984",21.35
"149","US",1982,149,20.3,16.1,24.4,4,"1982-1984",20.25
"150","US",1982,150,18.9,16.6,25,4,"1982-1984",20.8
"151","US",1982,151,14.3,11.6,22.2,4,"1982-1984",16.9
"152","US",1982,152,13.1,5,20,4,"1982-1984",12.5
"153","US",1982,153,15.5,12.2,20.5,4,"1982-1984",16.35
"154","US",1982,154,13.4,7.2,18.9,4,"1982-1984",13.05
"155","US",1982,155,15.4,7.7,21.7,4,"1982-1984",14.7
"156","US",1982,156,16.7,11.6,22.2,4,"1982-1984",16.9
"157","US",1982,157,23.6,19.4,32.2,4,"1982-1984",25.8
"158","US",1982,158,20.8,13.3,32.2,4,"1982-1984",22.75
"159","US",1982,159,17.6,12.7,26.7,4,"1982-1984",19.7
"160","US",1982,160,18.6,15.5,21.1,4,"1982-1984",18.3
"161","US",1982,161,16.5,7.7,25,4,"1982-1984",16.35
"162","US",1982,162,18.4,12.2,25.5,4,"1982-1984",18.85
"163","US",1982,163,17.9,11.6,25.6,4,"1982-1984",18.6
"164","US",1982,164,19.1,12.2,26.1,4,"1982-1984",19.15
"165","US",1982,165,20.7,16.1,27.8,4,"1982-1984",21.95
"166","US",1982,166,19.2,17.7,28.3,4,"1982-1984",23
"167","US",1982,167,16.9,8.3,24.4,4,"1982-1984",16.35
"168","US",1982,168,19.1,12.7,26.1,4,"1982-1984",19.4
"169","US",1982,169,19.4,16.6,26.1,4,"1982-1984",21.35
"170","US",1982,170,17.6,10.5,25,4,"1982-1984",17.75
"171","US",1982,171,21.1,14.4,27.2,4,"1982-1984",20.8
"172","US",1982,172,20.4,11.1,27.8,4,"1982-1984",19.45
"173","US",1982,173,20.8,13.3,28.3,4,"1982-1984",20.8
"174","US",1982,174,21.8,15.5,28.9,4,"1982-1984",22.2
"175","US",1982,175,23.8,17.2,30.6,4,"1982-1984",23.9
"176","US",1982,176,22.7,18.3,31.1,4,"1982-1984",24.7
"177","US",1982,177,21.4,15,27.8,4,"1982-1984",21.4
"178","US",1982,178,22.3,19.4,28.3,4,"1982-1984",23.85
"179","US",1982,179,23.9,17.7,30,4,"1982-1984",23.85
"180","US",1982,180,25.7,21.1,32.2,4,"1982-1984",26.65
"181","US",1982,181,21.8,18.8,33.3,4,"1982-1984",26.05
"182","US",1982,182,20.7,17.2,27.2,4,"1982-1984",22.2
"183","US",1982,183,24.1,20,31.1,4,"1982-1984",25.55
"184","US",1982,184,27.7,21.1,35,4,"1982-1984",28.05
"185","US",1982,185,29.1,23.3,35,4,"1982-1984",29.15
"186","US",1982,186,29.3,24.4,35,4,"1982-1984",29.7
"187","US",1982,187,25.6,21.1,34.4,4,"1982-1984",27.75
"188","US",1982,188,23.5,15,31.1,4,"1982-1984",23.05
"189","US",1982,189,25.6,20.5,31.7,4,"1982-1984",26.1
"190","US",1982,190,26.6,20.5,33.3,4,"1982-1984",26.9
"191","US",1982,191,22.6,18.8,33.3,4,"1982-1984",26.05
"192","US",1982,192,23.1,17.7,29.4,4,"1982-1984",23.55
"193","US",1982,193,25.2,18.3,32.8,4,"1982-1984",25.55
"194","US",1982,194,25.1,18.3,33.3,4,"1982-1984",25.8
"195","US",1982,195,25.8,20,32.7,4,"1982-1984",26.35
"196","US",1982,196,27,23.3,32.7,4,"1982-1984",28
"197","US",1982,197,29.4,25,36.1,4,"1982-1984",30.55
"198","US",1982,198,29.6,25.5,36.1,4,"1982-1984",30.8
"199","US",1982,199,25.3,20,32.7,4,"1982-1984",26.35
"200","US",1982,200,27.7,22.7,33.3,4,"1982-1984",28
"201","US",1982,201,29.4,22.7,36.7,4,"1982-1984",29.7
"202","US",1982,202,27.7,21.6,36.6,4,"1982-1984",29.1
"203","US",1982,203,26.9,21.1,33.3,4,"1982-1984",27.2
"204","US",1982,204,26.7,20.5,32.2,4,"1982-1984",26.35
"205","US",1982,205,26.3,19.4,32.8,4,"1982-1984",26.1
"206","US",1982,206,26.7,20,33.9,4,"1982-1984",26.95
"207","US",1982,207,26.6,18.8,33.9,4,"1982-1984",26.35
"208","US",1982,208,25,21.6,33.8,4,"1982-1984",27.7
"209","US",1982,209,24.1,17.7,30,4,"1982-1984",23.85
"210","US",1982,210,23.6,19.4,30.5,4,"1982-1984",24.95
"211","US",1982,211,22.9,13.8,29.4,4,"1982-1984",21.6
"212","US",1982,212,24.2,15.5,34.4,4,"1982-1984",24.95
"213","US",1982,213,27.3,20,35.6,4,"1982-1984",27.8
"214","US",1982,214,29.1,23.3,36.1,4,"1982-1984",29.7
"215","US",1982,215,31.2,26.1,37.8,4,"1982-1984",31.95
"216","US",1982,216,30.9,26.6,37.7,4,"1982-1984",32.15
"217","US",1982,217,26.4,22.2,35.5,4,"1982-1984",28.85
"218","US",1982,218,26.5,22.7,31.1,4,"1982-1984",26.9
"219","US",1982,219,25.1,21.1,30.6,4,"1982-1984",25.85
"220","US",1982,220,25.2,18.8,31.1,4,"1982-1984",24.95
"221","US",1982,221,20.1,16.6,31.6,4,"1982-1984",24.1
"222","US",1982,222,15.3,13.3,22.2,4,"1982-1984",17.75
"223","US",1982,223,17.5,12.2,23.9,4,"1982-1984",18.05
"224","US",1982,224,19.9,16.7,23.8,4,"1982-1984",20.25
"225","US",1982,225,22,19.4,27.2,4,"1982-1984",23.3
"226","US",1982,226,21.8,20,27.7,4,"1982-1984",23.85
"227","US",1982,227,22,20,25,4,"1982-1984",22.5
"228","US",1982,228,23.4,21.1,27.2,4,"1982-1984",24.15
"229","US",1982,229,22.8,17.7,28.9,4,"1982-1984",23.3
"230","US",1982,230,23.8,18.8,29.4,4,"1982-1984",24.1
"231","US",1982,231,25.8,21.1,33.3,4,"1982-1984",27.2
"232","US",1982,232,24.7,21.6,33.3,4,"1982-1984",27.45
"233","US",1982,233,20.9,13.3,28.3,4,"1982-1984",20.8
"234","US",1982,234,24.1,18.3,31.1,4,"1982-1984",24.7
"235","US",1982,235,23.8,19.4,31.1,4,"1982-1984",25.25
"236","US",1982,236,22.3,19.4,29.4,4,"1982-1984",24.4
"237","US",1982,237,19.5,12.7,25.6,4,"1982-1984",19.15
"238","US",1982,238,19.3,16.1,26.1,4,"1982-1984",21.1
"239","US",1982,239,19.9,16.1,23.8,4,"1982-1984",19.95
"240","US",1982,240,18.6,13.8,26.7,4,"1982-1984",20.25
"241","US",1982,241,22.2,20.5,27.8,4,"1982-1984",24.15
"242","US",1982,242,23.3,21.1,27.7,4,"1982-1984",24.4
"243","US",1982,243,25,20.5,28.9,4,"1982-1984",24.7
"244","US",1982,244,25.1,20.5,29.4,4,"1982-1984",24.95
"245","US",1982,245,22.9,16.6,29.4,4,"1982-1984",23
"246","US",1982,246,21.5,15,28.3,4,"1982-1984",21.65
"247","US",1982,247,23.1,16.6,30.6,4,"1982-1984",23.6
"248","US",1982,248,24.2,20.5,30.5,4,"1982-1984",25.5
"249","US",1982,249,21.3,19.4,29.4,4,"1982-1984",24.4
"250","US",1982,250,20.4,17.2,23.9,4,"1982-1984",20.55
"251","US",1982,251,21.9,18.8,27.8,4,"1982-1984",23.3
"252","US",1982,252,23.4,20.5,27.8,4,"1982-1984",24.15
"253","US",1982,253,24.5,20,30,4,"1982-1984",25
"254","US",1982,254,25.2,20,31.1,4,"1982-1984",25.55
"255","US",1982,255,22.8,20,31.1,4,"1982-1984",25.55
"256","US",1982,256,15.1,13.3,27.7,4,"1982-1984",20.5
"257","US",1982,257,14.5,12.7,17.2,4,"1982-1984",14.95
"258","US",1982,258,13.7,11.1,17.2,4,"1982-1984",14.15
"259","US",1982,259,14.1,12.2,17.2,4,"1982-1984",14.7
"260","US",1982,260,16.4,14.4,18.3,4,"1982-1984",16.35
"261","US",1982,261,13.6,6.6,21.1,4,"1982-1984",13.85
"262","US",1982,262,15.9,10.5,23.3,4,"1982-1984",16.9
"263","US",1982,263,10.6,6.6,23.8,4,"1982-1984",15.2
"264","US",1982,264,9.4,2.7,18.3,4,"1982-1984",10.5
"265","US",1982,265,12.9,5,22.8,4,"1982-1984",13.9
"266","US",1982,266,16,10,22.8,4,"1982-1984",16.4
"267","US",1982,267,15.8,10.5,22.7,4,"1982-1984",16.6
"268","US",1982,268,11.6,4.4,20.5,4,"1982-1984",12.45
"269","US",1982,269,13.5,7.7,22.2,4,"1982-1984",14.95
"270","US",1982,270,16.8,11.6,24.4,4,"1982-1984",18
"271","US",1982,271,21.1,17.7,27.8,4,"1982-1984",22.75
"272","US",1982,272,23.2,17.7,28.3,4,"1982-1984",23
"273","US",1982,273,19.9,16.6,27.2,4,"1982-1984",21.9
"274","US",1982,274,16.9,13.3,23.9,4,"1982-1984",18.6
"275","US",1982,275,18,12.7,24.4,4,"1982-1984",18.55
"276","US",1982,276,14.9,7.2,23.9,4,"1982-1984",15.55
"277","US",1982,277,16.3,10,25.6,4,"1982-1984",17.8
"278","US",1982,278,21.2,12.7,30,4,"1982-1984",21.35
"279","US",1982,279,17.3,10,30,4,"1982-1984",20
"280","US",1982,280,12.8,5.5,24.4,4,"1982-1984",14.95
"281","US",1982,281,18.3,13.8,25,4,"1982-1984",19.4
"282","US",1982,282,13.7,8.8,24.4,4,"1982-1984",16.6
"283","US",1982,283,10.6,8.8,18.8,4,"1982-1984",13.8
"284","US",1982,284,10.6,4.4,16.1,4,"1982-1984",10.25
"285","US",1982,285,7.5,1.1,17.2,4,"1982-1984",9.15
"286","US",1982,286,8.6,4.4,13.3,4,"1982-1984",8.85
"287","US",1982,287,9.2,0.5,22.8,4,"1982-1984",11.65
"288","US",1982,288,13.8,6.6,23.8,4,"1982-1984",15.2
"289","US",1982,289,9.1,1.6,20.5,4,"1982-1984",11.05
"290","US",1982,290,14.3,10,21.1,4,"1982-1984",15.55
"291","US",1982,291,14.8,9.4,22.2,4,"1982-1984",15.8
"292","US",1982,292,9.1,2.8,22.2,4,"1982-1984",12.5
"293","US",1982,293,3.8,0.5,10.5,4,"1982-1984",5.5
"294","US",1982,294,3.1,-3.9,12.8,4,"1982-1984",4.45
"295","US",1982,295,6,-1.1,15.6,4,"1982-1984",7.25
"296","US",1982,296,8.1,2.2,18.3,4,"1982-1984",10.25
"297","US",1982,297,11.6,5,21.1,4,"1982-1984",13.05
"298","US",1982,298,12.3,5.5,21.1,4,"1982-1984",13.3
"299","US",1982,299,11.8,5.5,21.1,4,"1982-1984",13.3
"300","US",1982,300,15.8,11.6,22.2,4,"1982-1984",16.9
"301","US",1982,301,13.3,9.4,22.2,4,"1982-1984",15.8
"302","US",1982,302,10.9,2.7,19.4,4,"1982-1984",11.05
"303","US",1982,303,12.1,3.3,19.4,4,"1982-1984",11.35
"304","US",1982,304,9.3,4.4,19.4,4,"1982-1984",11.9
"305","US",1982,305,11.5,7.2,16.7,4,"1982-1984",11.95
"306","US",1982,306,9.8,6.1,17.2,4,"1982-1984",11.65
"307","US",1982,307,3.2,-1.2,12.7,4,"1982-1984",5.75
"308","US",1982,308,-2.7,-6.2,5.5,4,"1982-1984",-0.35
"309","US",1982,309,-2.6,-7.8,5.6,4,"1982-1984",-1.1
"310","US",1982,310,3.9,-3.4,16.1,4,"1982-1984",6.35
"311","US",1982,311,6.2,-1.2,16.1,4,"1982-1984",7.45
"312","US",1982,312,5.2,3.3,15,4,"1982-1984",9.15
"313","US",1982,313,7.2,4.4,14.4,4,"1982-1984",9.4
"314","US",1982,314,8.5,4.4,14.4,4,"1982-1984",9.4
"315","US",1982,315,8.9,2.7,21.7,4,"1982-1984",12.2
"316","US",1982,316,1,-3.9,10,4,"1982-1984",3.05
"317","US",1982,317,-4.4,-10,4.4,4,"1982-1984",-2.8
"318","US",1982,318,-1.2,-5,4.4,4,"1982-1984",-0.3
"319","US",1982,319,-1.8,-7.8,7.8,4,"1982-1984",0
"320","US",1982,320,1.8,-5.6,11.1,4,"1982-1984",2.75
"321","US",1982,321,1.2,-6.2,12.8,4,"1982-1984",3.3
"322","US",1982,322,4.4,-0.6,13.3,4,"1982-1984",6.35
"323","US",1982,323,10.9,7.7,17.8,4,"1982-1984",12.75
"324","US",1982,324,11.2,5.5,17.7,4,"1982-1984",11.6
"325","US",1982,325,4.4,-2.3,14.4,4,"1982-1984",6.05
"326","US",1982,326,1.9,-1.1,14.4,4,"1982-1984",6.65
"327","US",1982,327,-4,-7.3,1.1,4,"1982-1984",-3.1
"328","US",1982,328,-5.7,-12.3,4.4,4,"1982-1984",-3.95
"329","US",1982,329,-0.4,-5.6,6.7,4,"1982-1984",0.55
"330","US",1982,330,-1.7,-5.6,7.2,4,"1982-1984",0.8
"331","US",1982,331,-5.7,-10.6,1.1,4,"1982-1984",-4.75
"332","US",1982,332,0.5,-0.6,2.2,4,"1982-1984",0.8
"333","US",1982,333,-0.5,-3.9,2.2,4,"1982-1984",-0.85
"334","US",1982,334,2.6,-1.7,13.3,4,"1982-1984",5.8
"335","US",1982,335,9.1,0.5,18.3,4,"1982-1984",9.4
"336","US",1982,336,12.8,10,18.3,4,"1982-1984",14.15
"337","US",1982,337,4.7,-0.6,14.4,4,"1982-1984",6.9
"338","US",1982,338,0.3,-3.4,10,4,"1982-1984",3.3
"339","US",1982,339,3.7,2.2,6.1,4,"1982-1984",4.15
"340","US",1982,340,0.3,-5,7.2,4,"1982-1984",1.1
"341","US",1982,341,0.1,-3.4,7.2,4,"1982-1984",1.9
"342","US",1982,342,-4.3,-5.6,1.6,4,"1982-1984",-2
"343","US",1982,343,-7.9,-12.3,-0.6,4,"1982-1984",-6.45
"344","US",1982,344,0.4,-4.5,5.6,4,"1982-1984",0.55
"345","US",1982,345,-8.7,-13.9,5.5,4,"1982-1984",-4.2
"346","US",1982,346,-8.3,-13.9,2.8,4,"1982-1984",-5.55
"347","US",1982,347,-0.9,-7.3,7.8,4,"1982-1984",0.25
"348","US",1982,348,0.1,-5.6,7.7,4,"1982-1984",1.05
"349","US",1982,349,-3.3,-7.3,1.1,4,"1982-1984",-3.1
"350","US",1982,350,-7.9,-12.8,0,4,"1982-1984",-6.4
"351","US",1982,351,-0.1,-6.2,12.2,4,"1982-1984",3
"352","US",1982,352,5.9,-2.3,12.8,4,"1982-1984",5.25
"353","US",1982,353,3.4,-3.9,12.7,4,"1982-1984",4.4
"354","US",1982,354,1.3,-6.2,10,4,"1982-1984",1.9
"355","US",1982,355,2.2,-4.5,12.2,4,"1982-1984",3.85
"356","US",1982,356,2.3,-4.5,12.2,4,"1982-1984",3.85
"357","US",1982,357,1.9,-5,11.6,4,"1982-1984",3.3
"358","US",1982,358,3.3,1.6,6.1,4,"1982-1984",3.85
"359","US",1982,359,-0.7,-4.5,5.5,4,"1982-1984",0.5
"360","US",1982,360,-4.7,-8.9,3.3,4,"1982-1984",-2.8
"361","US",1982,361,-2.1,-5,3.3,4,"1982-1984",-0.85
"362","US",1982,362,-6.4,-10.6,0,4,"1982-1984",-5.3
"363","US",1982,363,-10.6,-15.6,-3.3,4,"1982-1984",-9.45
"364","US",1982,364,-8.8,-13.4,-1.7,4,"1982-1984",-7.55
"365","US",1982,365,-6.9,-12.8,-1.7,4,"1982-1984",-7.25
"366","US",1983,1,-5.6,-11.2,1.1,4,"1982-1984",-5.05
"367","US",1983,2,-5.1,-10.6,1.1,4,"1982-1984",-4.75
"368","US",1983,3,-4.8,-9.5,-2.3,4,"1982-1984",-5.9
"369","US",1983,4,-2.6,-5,1.1,4,"1982-1984",-1.95
"370","US",1983,5,-4.2,-7.3,1.1,4,"1982-1984",-3.1
"371","US",1983,6,1.6,-4.5,8.3,4,"1982-1984",1.9
"372","US",1983,7,1.2,-2.3,8.3,4,"1982-1984",3
"373","US",1983,8,-0.7,-3.4,2.7,4,"1982-1984",-0.35
"374","US",1983,9,2.1,-0.6,3.3,4,"1982-1984",1.35
"375","US",1983,10,0.4,-3.4,3.8,4,"1982-1984",0.2
"376","US",1983,11,-1.1,-4.4,3.3,4,"1982-1984",-0.55
"377","US",1983,12,-3.1,-8.9,8.9,4,"1982-1984",0
"378","US",1983,13,3.7,-3.9,11.7,4,"1982-1984",3.9
"379","US",1983,14,3.6,0,11.6,4,"1982-1984",5.8
"380","US",1983,15,-3.3,-4.5,5.5,4,"1982-1984",0.5
"381","US",1983,16,-3.8,-7.8,2.8,4,"1982-1984",-2.5
"382","US",1983,17,-5.6,-9.5,2.7,4,"1982-1984",-3.4
"383","US",1983,18,-8.6,-12.8,-2.8,4,"1982-1984",-7.8
"384","US",1983,19,-4.7,-6.2,-2.8,4,"1982-1984",-4.5
"385","US",1983,20,-3.7,-4.5,-1.7,4,"1982-1984",-3.1
"386","US",1983,21,-4.4,-10,-1.1,4,"1982-1984",-5.55
"387","US",1983,22,-5.6,-10,-0.6,4,"1982-1984",-5.3
"388","US",1983,23,-2.8,-7.8,0.6,4,"1982-1984",-3.6
"389","US",1983,24,-0.7,-2.3,1.7,4,"1982-1984",-0.3
"390","US",1983,25,-0.4,-1.2,1.6,4,"1982-1984",0.2
"391","US",1983,26,-7.9,-10.6,0.5,4,"1982-1984",-5.05
"392","US",1983,27,-8.7,-11.2,-2.2,4,"1982-1984",-6.7
"393","US",1983,28,0.5,-5.6,3.3,4,"1982-1984",-1.15
"394","US",1983,29,1.6,-0.6,3.3,4,"1982-1984",1.35
"395","US",1983,30,-1.2,-3.9,2.7,4,"1982-1984",-0.6
"396","US",1983,31,-3.7,-5.6,0,4,"1982-1984",-2.8
"397","US",1983,32,-7.4,-8.9,-2.8,4,"1982-1984",-5.85
"398","US",1983,33,-5.9,-6.7,-4.4,4,"1982-1984",-5.55
"399","US",1983,34,-9.4,-11.7,-4.5,4,"1982-1984",-8.1
"400","US",1983,35,-12.4,-18.4,-2.8,4,"1982-1984",-10.6
"401","US",1983,36,-4.4,-6.2,-2.2,4,"1982-1984",-4.2
"402","US",1983,37,-10.2,-17.3,-2.3,4,"1982-1984",-9.8
"403","US",1983,38,-14.6,-22.8,-2.8,4,"1982-1984",-12.8
"404","US",1983,39,-3.7,-10,-0.6,4,"1982-1984",-5.3
"405","US",1983,40,-7.8,-13.4,-0.6,4,"1982-1984",-7
"406","US",1983,41,-1.8,-5.6,1.1,4,"1982-1984",-2.25
"407","US",1983,42,0.4,-0.6,1.1,4,"1982-1984",0.25
"408","US",1983,43,-0.9,-2.8,1.1,4,"1982-1984",-0.85
"409","US",1983,44,2.2,-0.6,6.7,4,"1982-1984",3.05
"410","US",1983,45,2.9,-1.2,8.3,4,"1982-1984",3.55
"411","US",1983,46,2.4,1.6,8.3,4,"1982-1984",4.95
"412","US",1983,47,2.9,-1.7,10,4,"1982-1984",4.15
"413","US",1983,48,1.8,-2.8,10,4,"1982-1984",3.6
"414","US",1983,49,3.6,-1.2,12.2,4,"1982-1984",5.5
"415","US",1983,50,8.2,3.3,15,4,"1982-1984",9.15
"416","US",1983,51,5.7,1.7,15,4,"1982-1984",8.35
"417","US",1983,52,1.8,0.5,8.3,4,"1982-1984",4.4
"418","US",1983,53,4.5,1.6,12.2,4,"1982-1984",6.9
"419","US",1983,54,3.2,-1.2,12.8,4,"1982-1984",5.8
"420","US",1983,55,3.5,1.1,12.7,4,"1982-1984",6.9
"421","US",1983,56,-0.1,-2.3,3.8,4,"1982-1984",0.75
"422","US",1983,57,4.7,-0.6,13.9,4,"1982-1984",6.65
"423","US",1983,58,9.2,5.5,15,4,"1982-1984",10.25
"424","US",1983,59,7.6,1.6,17.2,4,"1982-1984",9.4
"425","US",1983,60,10.1,3.3,17.7,4,"1982-1984",10.5
"426","US",1983,61,9.7,0,22.8,4,"1982-1984",11.4
"427","US",1983,62,13.5,2.7,25.6,4,"1982-1984",14.15
"428","US",1983,63,14.5,12.2,25.5,4,"1982-1984",18.85
"429","US",1983,64,14.4,12.2,16.7,4,"1982-1984",14.45
"430","US",1983,65,11.5,9.4,17.2,4,"1982-1984",13.3
"431","US",1983,66,3.4,0.5,12.2,4,"1982-1984",6.35
"432","US",1983,67,-1,-3.4,5,4,"1982-1984",0.8
"433","US",1983,68,-1.4,-5.6,4.4,4,"1982-1984",-0.6
"434","US",1983,69,-3.4,-8.9,4.4,4,"1982-1984",-2.25
"435","US",1983,70,-2.3,-8.4,7.2,4,"1982-1984",-0.6
"436","US",1983,71,3.4,-4.5,16.1,4,"1982-1984",5.8
"437","US",1983,72,8.7,-1.2,17.2,4,"1982-1984",8
"438","US",1983,73,5.3,-2.8,17.2,4,"1982-1984",7.2
"439","US",1983,74,7.1,4.4,15,4,"1982-1984",9.7
"440","US",1983,75,1.4,0,10.5,4,"1982-1984",5.25
"441","US",1983,76,0.9,0,2.2,4,"1982-1984",1.1
"442","US",1983,77,1.1,0,2.8,4,"1982-1984",1.4
"443","US",1983,78,1.4,0,2.8,4,"1982-1984",1.4
"444","US",1983,79,-0.8,-2.3,2.7,4,"1982-1984",0.2
"445","US",1983,80,-1.4,-5,3.9,4,"1982-1984",-0.55
"446","US",1983,81,-1.8,-8.4,4.4,4,"1982-1984",-2
"447","US",1983,82,0.7,-5,7.8,4,"1982-1984",1.4
"448","US",1983,83,3.7,0.5,8.3,4,"1982-1984",4.4
"449","US",1983,84,2.9,0.5,8.3,4,"1982-1984",4.4
"450","US",1983,85,1.5,1.1,4.4,4,"1982-1984",2.75
"451","US",1983,86,0.7,-1.2,2.7,4,"1982-1984",0.75
"452","US",1983,87,0,-5,3.9,4,"1982-1984",-0.55
"453","US",1983,88,1.9,1.1,4.4,4,"1982-1984",2.75
"454","US",1983,89,4.9,0.5,12.2,4,"1982-1984",6.35
"455","US",1983,90,9.8,4.4,16.7,4,"1982-1984",10.55
"456","US",1983,91,7.9,3.9,17.2,4,"1982-1984",10.55
"457","US",1983,92,3.2,1.6,10,4,"1982-1984",5.8
"458","US",1983,93,3.6,1.1,6.1,4,"1982-1984",3.6
"459","US",1983,94,3,0.5,7.2,4,"1982-1984",3.85
"460","US",1983,95,1.8,0.5,5.5,4,"1982-1984",3
"461","US",1983,96,2.4,0.5,5.6,4,"1982-1984",3.05
"462","US",1983,97,3.6,-3.4,11.1,4,"1982-1984",3.85
"463","US",1983,98,3.2,0,11.1,4,"1982-1984",5.55
"464","US",1983,99,2.3,0.5,7.2,4,"1982-1984",3.85
"465","US",1983,100,5.3,1.1,13.3,4,"1982-1984",7.2
"466","US",1983,101,7.5,-1.2,17.2,4,"1982-1984",8
"467","US",1983,102,10.1,6.6,17.7,4,"1982-1984",12.15
"468","US",1983,103,4,1.1,15.5,4,"1982-1984",8.3
"469","US",1983,104,0.3,-2.3,4.4,4,"1982-1984",1.05
"470","US",1983,105,3.3,-3.4,11.7,4,"1982-1984",4.15
"471","US",1983,106,5.9,-1.7,11.7,4,"1982-1984",5
"472","US",1983,107,5.6,0.5,11.6,4,"1982-1984",6.05
"473","US",1983,108,3.3,-3.9,11.1,4,"1982-1984",3.6
"474","US",1983,109,5.1,1.6,11.1,4,"1982-1984",6.35
"475","US",1983,110,8.5,4.4,16.1,4,"1982-1984",10.25
"476","US",1983,111,12.3,10,16.6,4,"1982-1984",13.3
"477","US",1983,112,12.5,9.4,18.3,4,"1982-1984",13.85
"478","US",1983,113,12.5,5,18.8,4,"1982-1984",11.9
"479","US",1983,114,9.7,-0.6,18.9,4,"1982-1984",9.15
"480","US",1983,115,13.1,2.7,24.4,4,"1982-1984",13.55
"481","US",1983,116,19.3,10,25.6,4,"1982-1984",17.8
"482","US",1983,117,11.9,5,25.5,4,"1982-1984",15.25
"483","US",1983,118,10.6,2.2,18.9,4,"1982-1984",10.55
"484","US",1983,119,12.9,10,18.8,4,"1982-1984",14.4
"485","US",1983,120,12.7,7.7,20.6,4,"1982-1984",14.15
"486","US",1983,121,14.3,11.7,20.5,4,"1982-1984",16.1
"487","US",1983,122,8.5,7.2,15.5,4,"1982-1984",11.35
"488","US",1983,123,11.9,7.2,20,4,"1982-1984",13.6
"489","US",1983,124,14.1,5.5,20.5,4,"1982-1984",13
"490","US",1983,125,16.4,7.7,27.2,4,"1982-1984",17.45
"491","US",1983,126,20.8,16.1,27.2,4,"1982-1984",21.65
"492","US",1983,127,14.7,10,18.3,4,"1982-1984",14.15
"493","US",1983,128,10.8,1.6,18.9,4,"1982-1984",10.25
"494","US",1983,129,15.6,8.8,23.9,4,"1982-1984",16.35
"495","US",1983,130,17.3,11.1,23.9,4,"1982-1984",17.5
"496","US",1983,131,19,15,24.4,4,"1982-1984",19.7
"497","US",1983,132,17.4,11.1,24.4,4,"1982-1984",17.75
"498","US",1983,133,12.4,3.8,19.4,4,"1982-1984",11.6
"499","US",1983,134,9.6,6.1,19.4,4,"1982-1984",12.75
"500","US",1983,135,8.4,0,16.7,4,"1982-1984",8.35
"501","US",1983,136,13.1,5,20,4,"1982-1984",12.5
"502","US",1983,137,12.4,8.8,20.5,4,"1982-1984",14.65
"503","US",1983,138,11.9,9.4,15.6,4,"1982-1984",12.5
"504","US",1983,139,13.2,11.1,17.2,4,"1982-1984",14.15
"505","US",1983,140,12.4,6.1,17.7,4,"1982-1984",11.9
"506","US",1983,141,12.2,6.1,17.8,4,"1982-1984",11.95
"507","US",1983,142,15.3,7.2,22.8,4,"1982-1984",15
"508","US",1983,143,14.8,4.4,24.4,4,"1982-1984",14.4
"509","US",1983,144,19.6,11.1,31.1,4,"1982-1984",21.1
"510","US",1983,145,17.7,9.4,31.1,4,"1982-1984",20.25
"511","US",1983,146,16.7,7.2,25.6,4,"1982-1984",16.4
"512","US",1983,147,22.9,13.8,33.9,4,"1982-1984",23.85
"513","US",1983,148,22.2,12.7,33.8,4,"1982-1984",23.25
"514","US",1983,149,17.3,10,31.1,4,"1982-1984",20.55
"515","US",1983,150,14.4,8.3,20.6,4,"1982-1984",14.45
"516","US",1983,151,13.8,8.3,21.1,4,"1982-1984",14.7
"517","US",1983,152,13.2,6.1,19.4,4,"1982-1984",12.75
"518","US",1983,153,17.4,13.3,24.4,4,"1982-1984",18.85
"519","US",1983,154,20,12.2,27.8,4,"1982-1984",20
"520","US",1983,155,19.1,10.5,27.8,4,"1982-1984",19.15
"521","US",1983,156,15.7,11.6,28.8,4,"1982-1984",20.2
"522","US",1983,157,14.8,6.6,23.9,4,"1982-1984",15.25
"523","US",1983,158,16.8,7.2,26.1,4,"1982-1984",16.65
"524","US",1983,159,20.4,11.1,28.9,4,"1982-1984",20
"525","US",1983,160,22.5,15.5,30.6,4,"1982-1984",23.05
"526","US",1983,161,21.7,18.8,30.5,4,"1982-1984",24.65
"527","US",1983,162,19.8,18.3,24.4,4,"1982-1984",21.35
"528","US",1983,163,22,20,25,4,"1982-1984",22.5
"529","US",1983,164,21.6,16.1,25,4,"1982-1984",20.55
"530","US",1983,165,18.7,14.4,26.1,4,"1982-1984",20.25
"531","US",1983,166,20.9,13.8,26.7,4,"1982-1984",20.25
"532","US",1983,167,19.8,16.6,26.6,4,"1982-1984",21.6
"533","US",1983,168,20.8,17.7,27.2,4,"1982-1984",22.45
"534","US",1983,169,20,16.6,27.2,4,"1982-1984",21.9
"535","US",1983,170,21.9,18.8,27.2,4,"1982-1984",23
"536","US",1983,171,26.5,22.2,32.8,4,"1982-1984",27.5
"537","US",1983,172,27.8,22.2,32.8,4,"1982-1984",27.5
"538","US",1983,173,27.2,20.5,33.3,4,"1982-1984",26.9
"539","US",1983,174,27.6,20.5,34.4,4,"1982-1984",27.45
"540","US",1983,175,27.9,20.5,34.4,4,"1982-1984",27.45
"541","US",1983,176,27.2,20,33.8,4,"1982-1984",26.9
"542","US",1983,177,25,21.6,33.8,4,"1982-1984",27.7
"543","US",1983,178,23.4,20,30.5,4,"1982-1984",25.25
"544","US",1983,179,22.8,20,28.8,4,"1982-1984",24.4
"545","US",1983,180,22.8,21.1,28.3,4,"1982-1984",24.7
"546","US",1983,181,25.4,18.8,34.4,4,"1982-1984",26.6
"547","US",1983,182,29.2,23.3,34.4,4,"1982-1984",28.85
"548","US",1983,183,29.9,25,35,4,"1982-1984",30
"549","US",1983,184,29.9,25,35,4,"1982-1984",30
"550","US",1983,185,23.8,16.1,33.8,4,"1982-1984",24.95
"551","US",1983,186,22.8,15.5,28.9,4,"1982-1984",22.2
"552","US",1983,187,24.1,16.6,31.1,4,"1982-1984",23.85
"553","US",1983,188,25.2,17.2,32.8,4,"1982-1984",25
"554","US",1983,189,26.8,20,33.3,4,"1982-1984",26.65
"555","US",1983,190,26.8,18.8,34.4,4,"1982-1984",26.6
"556","US",1983,191,27.6,19.4,36.1,4,"1982-1984",27.75
"557","US",1983,192,27.1,21.6,36.1,4,"1982-1984",28.85
"558","US",1983,193,24.6,17.2,33.9,4,"1982-1984",25.55
"559","US",1983,194,29.4,23.3,35,4,"1982-1984",29.15
"560","US",1983,195,27.4,22.7,35,4,"1982-1984",28.85
"561","US",1983,196,27.3,21.6,32.8,4,"1982-1984",27.2
"562","US",1983,197,26.1,22.2,32.7,4,"1982-1984",27.45
"563","US",1983,198,27.2,22.2,33.9,4,"1982-1984",28.05
"564","US",1983,199,30.3,24.4,37.8,4,"1982-1984",31.1
"565","US",1983,200,31.8,24.4,39.4,4,"1982-1984",31.9
"566","US",1983,201,31.3,22.2,39.4,4,"1982-1984",30.8
"567","US",1983,202,31.9,24.4,38.9,4,"1982-1984",31.65
"568","US",1983,203,30.7,21.6,39.4,4,"1982-1984",30.5
"569","US",1983,204,27.5,21.6,39.4,4,"1982-1984",30.5
"570","US",1983,205,23.4,19.4,30.5,4,"1982-1984",24.95
"571","US",1983,206,22.2,13.8,31.1,4,"1982-1984",22.45
"572","US",1983,207,24.9,16.1,32.8,4,"1982-1984",24.45
"573","US",1983,208,30.3,24.4,41.1,4,"1982-1984",32.75
"574","US",1983,209,30.8,26.1,41.1,4,"1982-1984",33.6
"575","US",1983,210,26.8,22.7,37.2,4,"1982-1984",29.95
"576","US",1983,211,27.6,20.5,33.9,4,"1982-1984",27.2
"577","US",1983,212,26.5,18.3,35,4,"1982-1984",26.65
"578","US",1983,213,27.8,21.1,37.8,4,"1982-1984",29.45
"579","US",1983,214,30.9,23.3,38.9,4,"1982-1984",31.1
"580","US",1983,215,30.9,23.8,38.8,4,"1982-1984",31.3
"581","US",1983,216,30.4,23.8,37.8,4,"1982-1984",30.8
"582","US",1983,217,29.3,24.4,37.7,4,"1982-1984",31.05
"583","US",1983,218,27.7,23.8,36.1,4,"1982-1984",29.95
"584","US",1983,219,26.4,19.4,35,4,"1982-1984",27.2
"585","US",1983,220,26.9,17.2,35.6,4,"1982-1984",26.4
"586","US",1983,221,27.4,18.3,36.6,4,"1982-1984",27.45
"587","US",1983,222,30.8,23.8,38.9,4,"1982-1984",31.35
"588","US",1983,223,27.3,19.4,38.8,4,"1982-1984",29.1
"589","US",1983,224,23.8,15,32.2,4,"1982-1984",23.6
"590","US",1983,225,25.3,18.8,32.2,4,"1982-1984",25.5
"591","US",1983,226,26.4,22.7,33.3,4,"1982-1984",28
"592","US",1983,227,29.3,23.3,37.8,4,"1982-1984",30.55
"593","US",1983,228,32.9,24.4,41.7,4,"1982-1984",33.05
"594","US",1983,229,33.1,24.4,41.6,4,"1982-1984",33
"595","US",1983,230,32.9,25,40,4,"1982-1984",32.5
"596","US",1983,231,30.7,23.8,39.4,4,"1982-1984",31.6
"597","US",1983,232,26.2,22.2,36.6,4,"1982-1984",29.4
"598","US",1983,233,26.8,21.1,35.6,4,"1982-1984",28.35
"599","US",1983,234,27.3,21.1,35.5,4,"1982-1984",28.3
"600","US",1983,235,24.6,22.2,30.5,4,"1982-1984",26.35
"601","US",1983,236,27.1,22.2,36.1,4,"1982-1984",29.15
"602","US",1983,237,30,23.8,37.2,4,"1982-1984",30.5
"603","US",1983,238,30.9,24.4,37.8,4,"1982-1984",31.1
"604","US",1983,239,28.1,23.8,37.7,4,"1982-1984",30.75
"605","US",1983,240,26.7,20.5,34.4,4,"1982-1984",27.45
"606","US",1983,241,27.9,21.6,35,4,"1982-1984",28.3
"607","US",1983,242,27.8,23.3,35.5,4,"1982-1984",29.4
"608","US",1983,243,25.7,18.8,32.8,4,"1982-1984",25.8
"609","US",1983,244,25,16.1,33.9,4,"1982-1984",25
"610","US",1983,245,26.2,18.8,36.1,4,"1982-1984",27.45
"611","US",1983,246,27.3,20,36.1,4,"1982-1984",28.05
"612","US",1983,247,27.7,21.6,36.7,4,"1982-1984",29.15
"613","US",1983,248,26.1,19.4,36.6,4,"1982-1984",28
"614","US",1983,249,23.8,17.7,32.7,4,"1982-1984",25.2
"615","US",1983,250,20.2,8.3,33.3,4,"1982-1984",20.8
"616","US",1983,251,30.1,25.5,37.8,4,"1982-1984",31.65
"617","US",1983,252,30.6,24.4,37.7,4,"1982-1984",31.05
"618","US",1983,253,27.2,22.8,36.6,4,"1982-1984",29.7
"619","US",1983,254,17.6,7.2,28.3,4,"1982-1984",17.75
"620","US",1983,255,19.4,14.4,28.8,4,"1982-1984",21.6
"621","US",1983,256,14.8,6.6,23.9,4,"1982-1984",15.25
"622","US",1983,257,18,13.3,24.4,4,"1982-1984",18.85
"623","US",1983,258,18.8,15,26.7,4,"1982-1984",20.85
"624","US",1983,259,17.2,9.4,27.2,4,"1982-1984",18.3
"625","US",1983,260,22.7,16.6,33.9,4,"1982-1984",25.25
"626","US",1983,261,22.9,16.1,33.8,4,"1982-1984",24.95
"627","US",1983,262,22.7,15,33.3,4,"1982-1984",24.15
"628","US",1983,263,10.8,4.4,NA,4,"1982-1984",NA
"629","US",1983,264,9.1,3.3,17.2,4,"1982-1984",10.25
"630","US",1983,265,9.7,5.5,17.2,4,"1982-1984",11.35
"631","US",1983,266,8.4,-0.6,19.4,4,"1982-1984",9.4
"632","US",1983,267,15.8,8.8,26.7,4,"1982-1984",17.75
"633","US",1983,268,19.3,10.5,28.9,4,"1982-1984",19.7
"634","US",1983,269,20.1,9.4,31.7,4,"1982-1984",20.55
"635","US",1983,270,21.9,13.3,32.8,4,"1982-1984",23.05
"636","US",1983,271,22.6,18.8,32.7,4,"1982-1984",25.75
"637","US",1983,272,21.1,18.3,27.8,4,"1982-1984",23.05
"638","US",1983,273,22.3,16.6,28.9,4,"1982-1984",22.75
"639","US",1983,274,22.5,17.7,29.4,4,"1982-1984",23.55
"640","US",1983,275,24.2,18.8,30,4,"1982-1984",24.4
"641","US",1983,276,18.3,14.4,29.4,4,"1982-1984",21.9
"642","US",1983,277,14.3,11.1,21.6,4,"1982-1984",16.35
"643","US",1983,278,14.1,6.6,23.9,4,"1982-1984",15.25
"644","US",1983,279,15.9,11.6,23.9,4,"1982-1984",17.75
"645","US",1983,280,16.4,12.7,24.4,4,"1982-1984",18.55
"646","US",1983,281,12.1,8.8,19.4,4,"1982-1984",14.1
"647","US",1983,282,12.1,8.3,18.3,4,"1982-1984",13.3
"648","US",1983,283,16.1,13.3,20.6,4,"1982-1984",16.95
"649","US",1983,284,15,12.7,20.5,4,"1982-1984",16.6
"650","US",1983,285,8.1,2.7,14.4,4,"1982-1984",8.55
"651","US",1983,286,5.8,1.1,13.3,4,"1982-1984",7.2
"652","US",1983,287,7.6,-1.2,20,4,"1982-1984",9.4
"653","US",1983,288,18.1,13.8,23.3,4,"1982-1984",18.55
"654","US",1983,289,11.9,6.6,24.4,4,"1982-1984",15.5
"655","US",1983,290,9.8,2.2,18.9,4,"1982-1984",10.55
"656","US",1983,291,12.7,10.5,18.8,4,"1982-1984",14.65
"657","US",1983,292,12.9,12.2,15.5,4,"1982-1984",13.85
"658","US",1983,293,11.1,10,13.8,4,"1982-1984",11.9
"659","US",1983,294,8.3,7.7,11.6,4,"1982-1984",9.65
"660","US",1983,295,9.1,8.3,10.6,4,"1982-1984",9.45
"661","US",1983,296,10.7,8.8,15,4,"1982-1984",11.9
"662","US",1983,297,8,2.2,15.5,4,"1982-1984",8.85
"663","US",1983,298,9.2,-0.6,16.7,4,"1982-1984",8.05
"664","US",1983,299,11.3,2.7,21.1,4,"1982-1984",11.9
"665","US",1983,300,13.8,7.2,25.6,4,"1982-1984",16.4
"666","US",1983,301,15.6,10.5,25.5,4,"1982-1984",18
"667","US",1983,302,7.7,3.8,18.3,4,"1982-1984",11.05
"668","US",1983,303,9.2,6.6,12.2,4,"1982-1984",9.4
"669","US",1983,304,11.1,10,15,4,"1982-1984",12.5
"670","US",1983,305,13.7,8.3,21.1,4,"1982-1984",14.7
"671","US",1983,306,17.8,16.1,21.1,4,"1982-1984",18.6
"672","US",1983,307,15.3,12.2,21.1,4,"1982-1984",16.65
"673","US",1983,308,8.2,5.5,20,4,"1982-1984",12.75
"674","US",1983,309,8.6,7.2,12.2,4,"1982-1984",9.7
"675","US",1983,310,12.1,11.1,13.9,4,"1982-1984",12.5
"676","US",1983,311,11.1,3.8,19.4,4,"1982-1984",11.6
"677","US",1983,312,11.8,7.8,19.4,4,"1982-1984",13.6
"678","US",1983,313,3.9,1.1,13.3,4,"1982-1984",7.2
"679","US",1983,314,2.6,-0.6,5.6,4,"1982-1984",2.5
"680","US",1983,315,-0.4,-3.4,5.5,4,"1982-1984",1.05
"681","US",1983,316,1.3,0,3.3,4,"1982-1984",1.65
"682","US",1983,317,4.7,-1.7,16.1,4,"1982-1984",7.2
"683","US",1983,318,8.7,3.8,16.1,4,"1982-1984",9.95
"684","US",1983,319,3.3,1.1,11.6,4,"1982-1984",6.35
"685","US",1983,320,-0.5,-3.9,6.1,4,"1982-1984",1.1
"686","US",1983,321,3.8,-1.7,13.9,4,"1982-1984",6.1
"687","US",1983,322,5.3,-0.6,14.4,4,"1982-1984",6.9
"688","US",1983,323,9,5.6,13.8,4,"1982-1984",9.7
"689","US",1983,324,5.9,1.6,12.8,4,"1982-1984",7.2
"690","US",1983,325,3.3,-1.2,12.7,4,"1982-1984",5.75
"691","US",1983,326,2.8,1.6,8.8,4,"1982-1984",5.2
"692","US",1983,327,-1.3,-3.4,3.3,4,"1982-1984",-0.05
"693","US",1983,328,-2.1,-8.9,6.7,4,"1982-1984",-1.1
"694","US",1983,329,1.3,-5.6,12.2,4,"1982-1984",3.3
"695","US",1983,330,1.8,-1.7,12.2,4,"1982-1984",5.25
"696","US",1983,331,-2.4,-3.9,2.2,4,"1982-1984",-0.85
"697","US",1983,332,-3.6,-5,-0.6,4,"1982-1984",-2.8
"698","US",1983,333,-6.7,-13.4,-1.7,4,"1982-1984",-7.55
"699","US",1983,334,-8.7,-11.7,-1.7,4,"1982-1984",-6.7
"700","US",1983,335,-10.6,-16.7,-2.8,4,"1982-1984",-9.75
"701","US",1983,336,-7.2,-10.6,-2.8,4,"1982-1984",-6.7
"702","US",1983,337,-10.1,-13.9,-5.6,4,"1982-1984",-9.75
"703","US",1983,338,-4.9,-10,-0.6,4,"1982-1984",-5.3
"704","US",1983,339,-2.8,-6.1,-0.6,4,"1982-1984",-3.35
"705","US",1983,340,-6.7,-10,-3.4,4,"1982-1984",-6.7
"706","US",1983,341,-8.8,-15.6,-2.8,4,"1982-1984",-9.2
"707","US",1983,342,-8.3,-16.2,2.2,4,"1982-1984",-7
"708","US",1983,343,-7.1,-12.3,2.2,4,"1982-1984",-5.05
"709","US",1983,344,-6.8,-11.2,-1.1,4,"1982-1984",-6.15
"710","US",1983,345,-1.6,-3.9,-0.6,4,"1982-1984",-2.25
"711","US",1983,346,-8.8,-13.9,-0.6,4,"1982-1984",-7.25
"712","US",1983,347,-4.9,-7.8,-3.3,4,"1982-1984",-5.55
"713","US",1983,348,-9.1,-11.7,-3.4,4,"1982-1984",-7.55
"714","US",1983,349,-8,-10,-6.1,4,"1982-1984",-8.05
"715","US",1983,350,-13.6,-18.9,-6.7,4,"1982-1984",-12.8
"716","US",1983,351,-16.6,-21.2,-10.6,4,"1982-1984",-15.9
"717","US",1983,352,-20.6,-25.6,-14.5,4,"1982-1984",-20.05
"718","US",1983,353,-23.9,-27.8,-19.5,4,"1982-1984",-23.65
"719","US",1983,354,-23.3,-26.7,-20,4,"1982-1984",-23.35
"720","US",1983,355,-21.9,-24.5,-18.9,4,"1982-1984",-21.7
"721","US",1983,356,-25.3,-32.8,-18.9,4,"1982-1984",-25.85
"722","US",1983,357,-22.6,-23.9,-21.1,4,"1982-1984",-22.5
"723","US",1983,358,-25.3,-27.8,-21.2,4,"1982-1984",-24.5
"724","US",1983,359,-22.6,-26.7,-15.6,4,"1982-1984",-21.15
"725","US",1983,360,-16.1,-21.7,-7.8,4,"1982-1984",-14.75
"726","US",1983,361,-8,-9.5,-6.7,4,"1982-1984",-8.1
"727","US",1983,362,-12.2,-15.6,-6.7,4,"1982-1984",-11.15
"728","US",1983,363,-16.9,-20,-10.6,4,"1982-1984",-15.3
"729","US",1983,364,-15.9,-21.7,-6.7,4,"1982-1984",-14.2
"730","US",1983,365,-4.9,-11.2,-2.8,4,"1982-1984",-7
"731","US",1984,1,-1.6,-3.4,1.7,4,"1982-1984",-0.85
"732","US",1984,2,-5.9,-12.8,1.6,4,"1982-1984",-5.6
"733","US",1984,3,-3.1,-8.4,3.9,4,"1982-1984",-2.25
"734","US",1984,4,0.9,-4.5,4.4,4,"1982-1984",-0.0499999999999998
"735","US",1984,5,3.2,-1.2,7.2,4,"1982-1984",3
"736","US",1984,6,2.9,-2.3,7.2,4,"1982-1984",2.45
"737","US",1984,7,0.1,-6.2,5,4,"1982-1984",-0.6
"738","US",1984,8,-2.4,-6.2,5,4,"1982-1984",-0.6
"739","US",1984,9,-1.9,-2.8,1.6,4,"1982-1984",-0.6
"740","US",1984,10,-9.2,-16.2,-1.2,4,"1982-1984",-8.7
"741","US",1984,11,-7.8,-12.3,-1.7,4,"1982-1984",-7
"742","US",1984,12,-6.3,-8.9,-1.7,4,"1982-1984",-5.3
"743","US",1984,13,-12.2,-15,-5,4,"1982-1984",-10
"744","US",1984,14,-14.1,-17.8,-10,4,"1982-1984",-13.9
"745","US",1984,15,-11.2,-12.2,-9.4,4,"1982-1984",-10.8
"746","US",1984,16,-13.7,-20,-8.3,4,"1982-1984",-14.15
"747","US",1984,17,-14.1,-18.4,-8.4,4,"1982-1984",-13.4
"748","US",1984,18,-17.6,-22.8,-11.7,4,"1982-1984",-17.25
"749","US",1984,19,-16.6,-22.3,-8.9,4,"1982-1984",-15.6
"750","US",1984,20,-19.8,-26.2,-8.9,4,"1982-1984",-17.55
"751","US",1984,21,-14.5,-19.5,-7.8,4,"1982-1984",-13.65
"752","US",1984,22,-8.4,-12.8,-1.7,4,"1982-1984",-7.25
"753","US",1984,23,-1.4,-3.9,0.6,4,"1982-1984",-1.65
"754","US",1984,24,-2.8,-8.9,6.1,4,"1982-1984",-1.4
"755","US",1984,25,0.6,-6.1,6.1,4,"1982-1984",0
"756","US",1984,26,2.6,1.1,4.4,4,"1982-1984",2.75
"757","US",1984,27,-1.6,-6.1,2.2,4,"1982-1984",-1.95
"758","US",1984,28,4.6,1.1,8.3,4,"1982-1984",4.7
"759","US",1984,29,2.7,-1.1,14.4,4,"1982-1984",6.65
"760","US",1984,30,0.9,-1.1,4.4,4,"1982-1984",1.65
"761","US",1984,31,2.1,-3.3,8.3,4,"1982-1984",2.5
"762","US",1984,32,2.7,-3.3,11.1,4,"1982-1984",3.9
"763","US",1984,33,3.7,1.1,6.7,4,"1982-1984",3.9
"764","US",1984,34,2.8,-1.7,8.3,4,"1982-1984",3.3
"765","US",1984,35,2.5,1.1,5,4,"1982-1984",3.05
"766","US",1984,36,-8.7,-16.1,2.2,4,"1982-1984",-6.95
"767","US",1984,37,-8.2,-13.9,3.3,4,"1982-1984",-5.3
"768","US",1984,38,-1.4,-6.7,6.1,4,"1982-1984",-0.3
"769","US",1984,39,1.4,-6.1,12.8,4,"1982-1984",3.35
"770","US",1984,40,3.6,-0.6,8.3,4,"1982-1984",3.85
"771","US",1984,41,3.1,-1.1,8.9,4,"1982-1984",3.9
"772","US",1984,42,4.5,-3.3,17.2,4,"1982-1984",6.95
"773","US",1984,43,3.7,1.7,8.3,4,"1982-1984",5
"774","US",1984,44,1.6,-5.6,11.7,4,"1982-1984",3.05
"775","US",1984,45,6,-2.2,18.3,4,"1982-1984",8.05
"776","US",1984,46,10.9,8.9,15,4,"1982-1984",11.95
"777","US",1984,47,5.1,2.8,9.4,4,"1982-1984",6.1
"778","US",1984,48,2.7,0,6.7,4,"1982-1984",3.35
"779","US",1984,49,1.1,0,3.3,4,"1982-1984",1.65
"780","US",1984,50,-0.4,-2.2,1.7,4,"1982-1984",-0.25
"781","US",1984,51,-2.7,-9.4,3.9,4,"1982-1984",-2.75
"782","US",1984,52,-0.6,-7.2,8.9,4,"1982-1984",0.85
"783","US",1984,53,4.4,-3.3,18.3,4,"1982-1984",7.5
"784","US",1984,54,3.9,-0.6,8.3,4,"1982-1984",3.85
"785","US",1984,55,1.1,-5,10,4,"1982-1984",2.5
"786","US",1984,56,1.3,-5,8.3,4,"1982-1984",1.65
"787","US",1984,57,3.6,0.6,6.7,4,"1982-1984",3.65
"788","US",1984,58,-0.4,-1.7,1.7,4,"1982-1984",0
"789","US",1984,59,-2.1,-4.4,1.7,4,"1982-1984",-1.35
"790","US",1984,60,-2.3,-8.9,5,4,"1982-1984",-1.95
"791","US",1984,61,1.4,-3.9,12.8,4,"1982-1984",4.45
"792","US",1984,62,2,-2.8,9.4,4,"1982-1984",3.3
"793","US",1984,63,2.9,-1.7,8.9,4,"1982-1984",3.6
"794","US",1984,64,3.7,1.7,7.8,4,"1982-1984",4.75
"795","US",1984,65,0.6,-1.7,2.8,4,"1982-1984",0.55
"796","US",1984,66,-1.1,-6.1,5.6,4,"1982-1984",-0.25
"797","US",1984,67,-1.1,-6.7,7.2,4,"1982-1984",0.25
"798","US",1984,68,-8.4,-12.8,7.2,4,"1982-1984",-2.8
"799","US",1984,69,-8.1,-11.7,-4.3,4,"1982-1984",-8
"800","US",1984,70,-8,-21.7,6.7,4,"1982-1984",-7.5
"801","US",1984,71,-2.9,-6.1,7.2,4,"1982-1984",0.55
"802","US",1984,72,-4.2,-5.6,-1.1,4,"1982-1984",-3.35
"803","US",1984,73,0.4,-2.2,7.8,4,"1982-1984",2.8
"804","US",1984,74,4.2,0,13.9,4,"1982-1984",6.95
"805","US",1984,75,5.4,0.6,15,4,"1982-1984",7.8
"806","US",1984,76,-2.3,-4.4,7.8,4,"1982-1984",1.7
"807","US",1984,77,0.6,-1.7,1.7,4,"1982-1984",0
"808","US",1984,78,-1.4,-2.8,1.1,4,"1982-1984",-0.85
"809","US",1984,79,-2.9,-3.9,-0.6,4,"1982-1984",-2.25
"810","US",1984,80,-1.8,-7.2,5.6,4,"1982-1984",-0.8
"811","US",1984,81,3.2,1.7,5.6,4,"1982-1984",3.65
"812","US",1984,82,1.5,-0.6,5.6,4,"1982-1984",2.5
"813","US",1984,83,0.1,-5,6.7,4,"1982-1984",0.85
"814","US",1984,84,4.9,0,11.7,4,"1982-1984",5.85
"815","US",1984,85,4.9,-3.9,13.9,4,"1982-1984",5
"816","US",1984,86,6.7,5,14.4,4,"1982-1984",9.7
"817","US",1984,87,5.4,4.4,8.9,4,"1982-1984",6.65
"818","US",1984,88,3.2,1.1,8.9,4,"1982-1984",5
"819","US",1984,89,3.4,0.6,6.1,4,"1982-1984",3.35
"820","US",1984,90,1.9,-3.9,7.8,4,"1982-1984",1.95
"821","US",1984,91,3.4,0,7.8,4,"1982-1984",3.9
"822","US",1984,92,2.6,-3.3,7.8,4,"1982-1984",2.25
"823","US",1984,93,3.6,1.1,8.3,4,"1982-1984",4.7
"824","US",1984,94,6.1,3.3,7.2,4,"1982-1984",5.25
"825","US",1984,95,5.3,2.2,12.2,4,"1982-1984",7.2
"826","US",1984,96,6.9,-1.1,15.6,4,"1982-1984",7.25
"827","US",1984,97,8.1,-1.1,17.2,4,"1982-1984",8.05
"828","US",1984,98,11.2,8.3,17.2,4,"1982-1984",12.75
"829","US",1984,99,8.9,7.8,14.4,4,"1982-1984",11.1
"830","US",1984,100,7.9,6.7,10.6,4,"1982-1984",8.65
"831","US",1984,101,9.6,8.3,11.7,4,"1982-1984",10
"832","US",1984,102,11.6,9.4,15.6,4,"1982-1984",12.5
"833","US",1984,103,10.2,7.8,15.6,4,"1982-1984",11.7
"834","US",1984,104,8.6,6.7,14.4,4,"1982-1984",10.55
"835","US",1984,105,7.8,5.6,11.1,4,"1982-1984",8.35
"836","US",1984,106,10.4,7.2,16.1,4,"1982-1984",11.65
"837","US",1984,107,11.4,6.1,17.8,4,"1982-1984",11.95
"838","US",1984,108,8.7,0,18.3,4,"1982-1984",9.15
"839","US",1984,109,9.1,0,18.3,4,"1982-1984",9.15
"840","US",1984,110,9.2,-0.6,18.3,4,"1982-1984",8.85
"841","US",1984,111,10.3,6.7,17.2,4,"1982-1984",11.95
"842","US",1984,112,6.9,6.1,13.3,4,"1982-1984",9.7
"843","US",1984,113,4.7,3.3,7.2,4,"1982-1984",5.25
"844","US",1984,114,8.2,2.2,19.4,4,"1982-1984",10.8
"845","US",1984,115,12.3,3.9,20,4,"1982-1984",11.95
"846","US",1984,116,15.2,6.1,25,4,"1982-1984",15.55
"847","US",1984,117,21.9,17.8,27.2,4,"1982-1984",22.5
"848","US",1984,118,13.3,7.2,27.8,4,"1982-1984",17.5
"849","US",1984,119,8.4,2.8,15,4,"1982-1984",8.9
"850","US",1984,120,8.5,1.7,16.1,4,"1982-1984",8.9
"851","US",1984,121,4.8,1.1,10.6,4,"1982-1984",5.85
"852","US",1984,122,6.4,-0.6,12.8,4,"1982-1984",6.1
"853","US",1984,123,11.8,7.2,17.8,4,"1982-1984",12.5
"854","US",1984,124,12.3,8.9,18.9,4,"1982-1984",13.9
"855","US",1984,125,11.1,7.2,16.1,4,"1982-1984",11.65
"856","US",1984,126,11.3,4.4,17.8,4,"1982-1984",11.1
"857","US",1984,127,12.7,10,18.3,4,"1982-1984",14.15
"858","US",1984,128,9.1,6.1,13.9,4,"1982-1984",10
"859","US",1984,129,9.2,2.2,16.1,4,"1982-1984",9.15
"860","US",1984,130,9.9,2.8,18.3,4,"1982-1984",10.55
"861","US",1984,131,16.2,10,26.1,4,"1982-1984",18.05
"862","US",1984,132,18.4,13.3,26.1,4,"1982-1984",19.7
"863","US",1984,133,17.9,11.7,23.9,4,"1982-1984",17.8
"864","US",1984,134,20.7,14.4,25,4,"1982-1984",19.7
"865","US",1984,135,15.4,6.7,25,4,"1982-1984",15.85
"866","US",1984,136,16.7,13.9,22.2,4,"1982-1984",18.05
"867","US",1984,137,18.1,12.2,25.6,4,"1982-1984",18.9
"868","US",1984,138,21,16.1,28.9,4,"1982-1984",22.5
"869","US",1984,139,20.7,17.8,28.9,4,"1982-1984",23.35
"870","US",1984,140,18.7,16.7,25.6,4,"1982-1984",21.15
"871","US",1984,141,18.4,11.1,25.6,4,"1982-1984",18.35
"872","US",1984,142,19.4,12.8,26.7,4,"1982-1984",19.75
"873","US",1984,143,18.7,15,26.7,4,"1982-1984",20.85
"874","US",1984,144,16.3,7.2,23.9,4,"1982-1984",15.55
"875","US",1984,145,19.8,16.1,25,4,"1982-1984",20.55
"876","US",1984,146,14.7,10.6,25,4,"1982-1984",17.8
"877","US",1984,147,13.1,8.3,18.3,4,"1982-1984",13.3
"878","US",1984,148,13.3,11.7,17.8,4,"1982-1984",14.75
"879","US",1984,149,13.2,8.9,18.9,4,"1982-1984",13.9
"880","US",1984,150,13.3,5,21.1,4,"1982-1984",13.05
"881","US",1984,151,14.9,7.8,22.2,4,"1982-1984",15
"882","US",1984,152,19.2,12.2,28.3,4,"1982-1984",20.25
"883","US",1984,153,22.6,17.2,28.3,4,"1982-1984",22.75
"884","US",1984,154,17.2,11.7,28.9,4,"1982-1984",20.3
"885","US",1984,155,17.8,9.4,24.4,4,"1982-1984",16.9
"886","US",1984,156,20.8,17.8,25.6,4,"1982-1984",21.7
"887","US",1984,157,23.6,18.9,30.6,4,"1982-1984",24.75
"888","US",1984,158,24.2,21.1,30.6,4,"1982-1984",25.85
"889","US",1984,159,24.3,18.9,33.9,4,"1982-1984",26.4
"890","US",1984,160,22.3,13.3,33.9,4,"1982-1984",23.6
"891","US",1984,161,21.2,17.2,28.9,4,"1982-1984",23.05
"892","US",1984,162,18.7,14.4,24.4,4,"1982-1984",19.4
"893","US",1984,163,21.1,16.1,27.8,4,"1982-1984",21.95
"894","US",1984,164,22.7,17.8,27.8,4,"1982-1984",22.8
"895","US",1984,165,22.7,18.3,31.1,4,"1982-1984",24.7
"896","US",1984,166,25,20,31.1,4,"1982-1984",25.55
"897","US",1984,167,22.1,19.4,31.1,4,"1982-1984",25.25
"898","US",1984,168,25.2,21.7,31.1,4,"1982-1984",26.4
"899","US",1984,169,24.6,20.6,31.1,4,"1982-1984",25.85
"900","US",1984,170,22.9,17.8,28.9,4,"1982-1984",23.35
"901","US",1984,171,23.6,16.1,29.4,4,"1982-1984",22.75
"902","US",1984,172,23.8,20.6,29.4,4,"1982-1984",25
"903","US",1984,173,24.6,21.1,29.4,4,"1982-1984",25.25
"904","US",1984,174,25.3,20.6,31.7,4,"1982-1984",26.15
"905","US",1984,175,24.4,20.6,31.7,4,"1982-1984",26.15
"906","US",1984,176,21.2,12.8,28.3,4,"1982-1984",20.55
"907","US",1984,177,24.8,18.9,31.7,4,"1982-1984",25.3
"908","US",1984,178,27.1,20.6,33.9,4,"1982-1984",27.25
"909","US",1984,179,24.1,15.6,33.9,4,"1982-1984",24.75
"910","US",1984,180,24.3,16.7,33.3,4,"1982-1984",25
"911","US",1984,181,23.7,16.7,33.9,4,"1982-1984",25.3
"912","US",1984,182,21.9,13.3,30.6,4,"1982-1984",21.95
"913","US",1984,183,21.7,15,29.4,4,"1982-1984",22.2
"914","US",1984,184,22.7,15.6,30.6,4,"1982-1984",23.1
"915","US",1984,185,24.8,19.4,31.7,4,"1982-1984",25.55
"916","US",1984,186,24.4,19.4,31.7,4,"1982-1984",25.55
"917","US",1984,187,23.4,17.2,30.6,4,"1982-1984",23.9
"918","US",1984,188,20.8,15.6,31.1,4,"1982-1984",23.35
"919","US",1984,189,20.8,15.6,26.1,4,"1982-1984",20.85
"920","US",1984,190,26.6,20,38.3,4,"1982-1984",29.15
"921","US",1984,191,30.1,22.8,38.3,4,"1982-1984",30.55
"922","US",1984,192,28.2,24.4,36.7,4,"1982-1984",30.55
"923","US",1984,193,23.8,16.1,32.2,4,"1982-1984",24.15
"924","US",1984,194,25.2,16.7,32.8,4,"1982-1984",24.75
"925","US",1984,195,26.7,19.4,36.1,4,"1982-1984",27.75
"926","US",1984,196,28.6,21.1,36.7,4,"1982-1984",28.9
"927","US",1984,197,24.5,15.6,37.8,4,"1982-1984",26.7
"928","US",1984,198,26.3,17.8,33.3,4,"1982-1984",25.55
"929","US",1984,199,23.9,16.7,33.3,4,"1982-1984",25
"930","US",1984,200,23.6,14.4,33.3,4,"1982-1984",23.85
"931","US",1984,201,26.6,17.2,36.7,4,"1982-1984",26.95
"932","US",1984,202,28.6,22.8,36.7,4,"1982-1984",29.75
"933","US",1984,203,28.3,20.6,36.1,4,"1982-1984",28.35
"934","US",1984,204,29.9,23.3,37.2,4,"1982-1984",30.25
"935","US",1984,205,29.1,20,37.8,4,"1982-1984",28.9
"936","US",1984,206,27.9,22.2,37.8,4,"1982-1984",30
"937","US",1984,207,25.4,19.4,32.8,4,"1982-1984",26.1
"938","US",1984,208,25.7,20.6,31.7,4,"1982-1984",26.15
"939","US",1984,209,22.2,15,30,4,"1982-1984",22.5
"940","US",1984,210,23.1,14.4,30,4,"1982-1984",22.2
"941","US",1984,211,24.4,16.7,31.1,4,"1982-1984",23.9
"942","US",1984,212,24.4,15,32.8,4,"1982-1984",23.9
"943","US",1984,213,26.6,20,33.9,4,"1982-1984",26.95
"944","US",1984,214,26,20,33.9,4,"1982-1984",26.95
"945","US",1984,215,26.6,20.6,33.9,4,"1982-1984",27.25
"946","US",1984,216,27.1,20,34.4,4,"1982-1984",27.2
"947","US",1984,217,26.1,20.6,34.4,4,"1982-1984",27.5
"948","US",1984,218,26.4,18.9,34.4,4,"1982-1984",26.65
"949","US",1984,219,28.3,21.1,36.1,4,"1982-1984",28.6
"950","US",1984,220,28.9,23.3,36.1,4,"1982-1984",29.7
"951","US",1984,221,27.5,19.4,36.1,4,"1982-1984",27.75
"952","US",1984,222,28.3,22.2,36.1,4,"1982-1984",29.15
"953","US",1984,223,23.5,15,34.4,4,"1982-1984",24.7
"954","US",1984,224,25.1,17.8,32.2,4,"1982-1984",25
"955","US",1984,225,26.3,17.2,32.8,4,"1982-1984",25
"956","US",1984,226,25.7,18.3,33.3,4,"1982-1984",25.8
"957","US",1984,227,25.3,15,34.4,4,"1982-1984",24.7
"958","US",1984,228,27.8,18.9,36.7,4,"1982-1984",27.8
"959","US",1984,229,28.3,21.1,36.7,4,"1982-1984",28.9
"960","US",1984,230,28.4,22.8,36.7,4,"1982-1984",29.75
"961","US",1984,231,25.2,21.7,37.8,4,"1982-1984",29.75
"962","US",1984,232,23.8,17.2,30.6,4,"1982-1984",23.9
"963","US",1984,233,24.3,17.2,31.1,4,"1982-1984",24.15
"964","US",1984,234,24.1,20,31.7,4,"1982-1984",25.85
"965","US",1984,235,22.1,15,28.3,4,"1982-1984",21.65
"966","US",1984,236,18.5,11.7,27.8,4,"1982-1984",19.75
"967","US",1984,237,20.4,15.6,27.8,4,"1982-1984",21.7
"968","US",1984,238,22.7,17.2,31.7,4,"1982-1984",24.45
"969","US",1984,239,26.3,21.7,33.3,4,"1982-1984",27.5
"970","US",1984,240,28.1,18.3,37.8,4,"1982-1984",28.05
"971","US",1984,241,27.4,16.7,38.9,4,"1982-1984",27.8
"972","US",1984,242,25.9,18.3,39.4,4,"1982-1984",28.85
"973","US",1984,243,21.5,13.3,31.1,4,"1982-1984",22.2
"974","US",1984,244,22.6,11.7,36.7,4,"1982-1984",24.2
"975","US",1984,245,30.4,23.9,36.7,4,"1982-1984",30.3
"976","US",1984,246,21.2,17.8,25.6,4,"1982-1984",21.7
"977","US",1984,247,18.1,11.7,26.1,4,"1982-1984",18.9
"978","US",1984,248,20.6,14.4,26.7,4,"1982-1984",20.55
"979","US",1984,249,17.1,10,26.7,4,"1982-1984",18.35
"980","US",1984,250,23.3,17.2,35.6,4,"1982-1984",26.4
"981","US",1984,251,27.2,23.3,37.8,4,"1982-1984",30.55
"982","US",1984,252,18.9,13.3,31.1,4,"1982-1984",22.2
"983","US",1984,253,19.9,13.9,28.3,4,"1982-1984",21.1
"984","US",1984,254,19,14.4,28.3,4,"1982-1984",21.35
"985","US",1984,255,17.6,13.3,23.3,4,"1982-1984",18.3
"986","US",1984,256,26.9,21.7,34.4,4,"1982-1984",28.05
"987","US",1984,257,21.7,18.3,35,4,"1982-1984",26.65
"988","US",1984,258,16.4,13.3,22.8,4,"1982-1984",18.05
"989","US",1984,259,10.9,2.8,20.6,4,"1982-1984",11.7
"990","US",1984,260,11.4,1.7,20.6,4,"1982-1984",11.15
"991","US",1984,261,17,12.8,23.9,4,"1982-1984",18.35
"992","US",1984,262,18.8,11.1,30.6,4,"1982-1984",20.85
"993","US",1984,263,22.3,13.3,33.3,4,"1982-1984",23.3
"994","US",1984,264,21.2,13.3,33.9,4,"1982-1984",23.6
"995","US",1984,265,20.3,12.2,29.4,4,"1982-1984",20.8
"996","US",1984,266,22,18.3,27.8,4,"1982-1984",23.05
"997","US",1984,267,21.8,14.4,31.7,4,"1982-1984",23.05
"998","US",1984,268,17.2,9.4,32.2,4,"1982-1984",20.8
"999","US",1984,269,8.3,5,12.8,4,"1982-1984",8.9
"1000","US",1984,270,4.1,-2.2,12.8,4,"1982-1984",5.3
"1001","US",1984,271,8.3,5.6,11.7,4,"1982-1984",8.65
"1002","US",1984,272,8.4,3.9,11.7,4,"1982-1984",7.8
"1003","US",1984,273,4.3,-3.3,14.4,4,"1982-1984",5.55
"1004","US",1984,274,7.4,-2.2,18.3,4,"1982-1984",8.05
"1005","US",1984,275,10.3,1.1,21.1,4,"1982-1984",11.1
"1006","US",1984,276,15,8.9,25,4,"1982-1984",16.95
"1007","US",1984,277,15.2,3.9,27.2,4,"1982-1984",15.55
"1008","US",1984,278,18.4,13.9,27.8,4,"1982-1984",20.85
"1009","US",1984,279,16.6,15,27.2,4,"1982-1984",21.1
"1010","US",1984,280,17.7,16.1,21.7,4,"1982-1984",18.9
"1011","US",1984,281,17.3,13.3,23.9,4,"1982-1984",18.6
"1012","US",1984,282,14.2,9.4,25,4,"1982-1984",17.2
"1013","US",1984,283,15.8,8.3,19.4,4,"1982-1984",13.85
"1014","US",1984,284,15.9,11.7,21.1,4,"1982-1984",16.4
"1015","US",1984,285,16.9,12.2,22.8,4,"1982-1984",17.5
"1016","US",1984,286,19.5,15,25,4,"1982-1984",20
"1017","US",1984,287,16.4,13.3,25.6,4,"1982-1984",19.45
"1018","US",1984,288,17.1,12.2,21.7,4,"1982-1984",16.95
"1019","US",1984,289,11.4,6.7,21.7,4,"1982-1984",14.2
"1020","US",1984,290,7.1,4.4,13.9,4,"1982-1984",9.15
"1021","US",1984,291,4.6,-0.6,10.6,4,"1982-1984",5
"1022","US",1984,292,11.1,7.8,16.7,4,"1982-1984",12.25
"1023","US",1984,293,7.7,2.8,16.7,4,"1982-1984",9.75
"1024","US",1984,294,8.8,2.8,15,4,"1982-1984",8.9
"1025","US",1984,295,6.9,-1.1,13.3,4,"1982-1984",6.1
"1026","US",1984,296,7.8,5.6,12.2,4,"1982-1984",8.9
"1027","US",1984,297,3.8,-3.9,13.3,4,"1982-1984",4.7
"1028","US",1984,298,5.7,-1.1,13.3,4,"1982-1984",6.1
"1029","US",1984,299,8.8,6.1,13.3,4,"1982-1984",9.7
"1030","US",1984,300,10.3,3.3,20.6,4,"1982-1984",11.95
"1031","US",1984,301,17.3,13.9,20.6,4,"1982-1984",17.25
"1032","US",1984,302,5.1,0.6,20,4,"1982-1984",10.3
"1033","US",1984,303,5.4,-1.7,16.7,4,"1982-1984",7.5
"1034","US",1984,304,6.2,2.2,17.2,4,"1982-1984",9.7
"1035","US",1984,305,6,1.7,13.3,4,"1982-1984",7.5
"1036","US",1984,306,4,-2.8,14.4,4,"1982-1984",5.8
"1037","US",1984,307,-1.3,-6.7,8.3,4,"1982-1984",0.8
"1038","US",1984,308,7.4,2.8,17.2,4,"1982-1984",10
"1039","US",1984,309,10.6,2.2,17.2,4,"1982-1984",9.7
"1040","US",1984,310,7.1,-0.6,17.8,4,"1982-1984",8.6
"1041","US",1984,311,4.9,-3.9,16.7,4,"1982-1984",6.4
"1042","US",1984,312,12.9,7.8,21.1,4,"1982-1984",14.45
"1043","US",1984,313,9.7,1.1,21.1,4,"1982-1984",11.1
"1044","US",1984,314,11.9,8.9,18.9,4,"1982-1984",13.9
"1045","US",1984,315,0.7,-1.7,15,4,"1982-1984",6.65
"1046","US",1984,316,-1.8,-4.4,3.9,4,"1982-1984",-0.25
"1047","US",1984,317,1.1,-6.1,13.9,4,"1982-1984",3.9
"1048","US",1984,318,8.1,1.7,16.7,4,"1982-1984",9.2
"1049","US",1984,319,13.4,8.3,19.4,4,"1982-1984",13.85
"1050","US",1984,320,7.7,2.2,19.4,4,"1982-1984",10.8
"1051","US",1984,321,0.8,-7.8,10,4,"1982-1984",1.1
"1052","US",1984,322,5,1.7,10,4,"1982-1984",5.85
"1053","US",1984,323,1.7,-1.1,8.3,4,"1982-1984",3.6
"1054","US",1984,324,-2.2,-7.8,4.4,4,"1982-1984",-1.7
"1055","US",1984,325,0,-4.4,6.7,4,"1982-1984",1.15
"1056","US",1984,326,0.4,-6.1,10,4,"1982-1984",1.95
"1057","US",1984,327,5.1,0.6,12.8,4,"1982-1984",6.7
"1058","US",1984,328,1.2,-6.1,12.8,4,"1982-1984",3.35
"1059","US",1984,329,5.3,-1.7,16.7,4,"1982-1984",7.5
"1060","US",1984,330,8.5,5,16.7,4,"1982-1984",10.85
"1061","US",1984,331,6.2,3.3,11.1,4,"1982-1984",7.2
"1062","US",1984,332,1.1,-11.6,6.7,4,"1982-1984",-2.45
"1063","US",1984,333,0.2,-6.7,9.4,4,"1982-1984",1.35
"1064","US",1984,334,3.2,-3.3,10.6,4,"1982-1984",3.65
"1065","US",1984,335,0.9,-5.6,10.6,4,"1982-1984",2.5
"1066","US",1984,336,1.4,-4.4,10,4,"1982-1984",2.8
"1067","US",1984,337,-1.7,-6.1,10.6,4,"1982-1984",2.25
"1068","US",1984,338,-5.7,-11.1,1.1,4,"1982-1984",-5
"1069","US",1984,339,-3,-5,1.7,4,"1982-1984",-1.65
"1070","US",1984,340,-2.1,-6.7,1.1,4,"1982-1984",-2.8
"1071","US",1984,341,-11.1,-17.2,1.7,4,"1982-1984",-7.75
"1072","US",1984,342,1.3,-7.8,17.2,4,"1982-1984",4.7
"1073","US",1984,343,3.4,-6.7,18.3,4,"1982-1984",5.8
"1074","US",1984,344,5.3,0.6,16.1,4,"1982-1984",8.35
"1075","US",1984,345,3.2,-6.1,12.8,4,"1982-1984",3.35
"1076","US",1984,346,8.2,2.8,12.8,4,"1982-1984",7.8
"1077","US",1984,347,0,-3.9,12.8,4,"1982-1984",4.45
"1078","US",1984,348,-7.3,-9.4,1.7,4,"1982-1984",-3.85
"1079","US",1984,349,-3.9,-6.7,-2.2,4,"1982-1984",-4.45
"1080","US",1984,350,-2.6,-7.2,5,4,"1982-1984",-1.1
"1081","US",1984,351,2.8,-1.1,5.6,4,"1982-1984",2.25
"1082","US",1984,352,-5.9,-8.9,4.4,4,"1982-1984",-2.25
"1083","US",1984,353,-9.9,-12.8,-4.4,4,"1982-1984",-8.6
"1084","US",1984,354,-7.1,-11.1,-3.9,4,"1982-1984",-7.5
"1085","US",1984,355,-6.3,-11.7,2.8,4,"1982-1984",-4.45
"1086","US",1984,356,-0.2,-1.1,3.3,4,"1982-1984",1.1
"1087","US",1984,357,-2.6,-9.4,4.4,4,"1982-1984",-2.5
"1088","US",1984,358,0.3,-3.3,4.4,4,"1982-1984",0.55
"1089","US",1984,359,-10.2,-13.9,3.3,4,"1982-1984",-5.3
"1090","US",1984,360,-8.8,-15.6,2.2,4,"1982-1984",-6.7
"1091","US",1984,361,0.8,-2.2,5.6,4,"1982-1984",1.7
"1092","US",1984,362,4.4,-3.9,12.8,4,"1982-1984",4.45
"1093","US",1984,363,16,13.3,18.9,4,"1982-1984",16.1
"1094","US",1984,364,-2.6,-8.9,NA,4,"1982-1984",NA
"1095","US",1984,365,-7.2,-10.6,-0.6,4,"1982-1984",-5.6
"1096","US",1984,366,-8.3,-11.7,0,4,"1982-1984",-5.85
"1097","US",2022,1,-13.2,-16.7,-1.1,4,"2022-2024",-8.9
"1098","US",2022,2,-16.5,-22.2,-10,4,"2022-2024",-16.1
"1099","US",2022,3,-8.9,-20.6,6.1,4,"2022-2024",-7.25
"1100","US",2022,4,2.3,-1.1,8.3,4,"2022-2024",3.6
"1101","US",2022,5,-9.1,-13.9,7.2,4,"2022-2024",-3.35
"1102","US",2022,6,-14.3,-18.3,-8.9,4,"2022-2024",-13.6
"1103","US",2022,7,-11.2,-16.7,-5,4,"2022-2024",-10.85
"1104","US",2022,8,-4.3,-14.4,3.9,4,"2022-2024",-5.25
"1105","US",2022,9,-5.3,-13.3,3.9,4,"2022-2024",-4.7
"1106","US",2022,10,-4,-11.7,5.6,4,"2022-2024",-3.05
"1107","US",2022,11,1.4,-10,13.9,4,"2022-2024",1.95
"1108","US",2022,12,3.8,-6.1,15,4,"2022-2024",4.45
"1109","US",2022,13,7.2,-5.5,15,4,"2022-2024",4.75
"1110","US",2022,14,1.9,-2.2,13.9,4,"2022-2024",5.85
"1111","US",2022,15,-7.4,-11.7,6.7,4,"2022-2024",-2.5
"1112","US",2022,16,-5.9,-15,10,4,"2022-2024",-2.5
"1113","US",2022,17,0.8,-6.1,11.1,4,"2022-2024",2.5
"1114","US",2022,18,3.2,-7.2,16.1,4,"2022-2024",4.45
"1115","US",2022,19,-4.7,-10.6,10,4,"2022-2024",-0.3
"1116","US",2022,20,-13.8,-18.9,-1.7,4,"2022-2024",-10.3
"1117","US",2022,21,-10.9,-17.8,-1.1,4,"2022-2024",-9.45
"1118","US",2022,22,0,-8.3,9.4,4,"2022-2024",0.55
"1119","US",2022,23,1.4,-8.2,9.4,4,"2022-2024",0.6
"1120","US",2022,24,3.9,-5,7.8,4,"2022-2024",1.4
"1121","US",2022,25,-10.3,-16.1,-3.3,4,"2022-2024",-9.7
"1122","US",2022,26,-9,-18.3,3.9,4,"2022-2024",-7.2
"1123","US",2022,27,0.3,-6.1,7.2,4,"2022-2024",0.55
"1124","US",2022,28,-4.9,-11.7,7.8,4,"2022-2024",-1.95
"1125","US",2022,29,0.2,-10.6,15.6,4,"2022-2024",2.5
"1126","US",2022,30,0.9,-9.4,15.6,4,"2022-2024",3.1
"1127","US",2022,31,4,-7.1,16.1,4,"2022-2024",4.5
"1128","US",2022,32,2.6,-5.5,16.1,4,"2022-2024",5.3
"1129","US",2022,33,-7.7,-11.7,-2.8,4,"2022-2024",-7.25
"1130","US",2022,34,-12.7,-18.3,-6.1,4,"2022-2024",-12.2
"1131","US",2022,35,-9.5,-17.2,0,4,"2022-2024",-8.6
"1132","US",2022,36,-2.4,-11.7,NA,4,"2022-2024",NA
"1133","US",2022,37,2.2,-12.2,14.4,4,"2022-2024",1.1
"1134","US",2022,38,2.8,-9.4,16.7,4,"2022-2024",3.65
"1135","US",2022,39,7.1,-6.6,17.2,4,"2022-2024",5.3
"1136","US",2022,40,7.9,0,17.2,4,"2022-2024",8.6
"1137","US",2022,41,2.1,-7.8,12.8,4,"2022-2024",2.5
"1138","US",2022,42,7.8,-7.7,13.9,4,"2022-2024",3.1
"1139","US",2022,43,-7.4,-13.9,3.3,4,"2022-2024",-5.3
"1140","US",2022,44,-3.9,-13.9,3.3,4,"2022-2024",-5.3
"1141","US",2022,45,0.4,-8.9,6.1,4,"2022-2024",-1.4
"1142","US",2022,46,3.2,-6.7,18.9,4,"2022-2024",6.1
"1143","US",2022,47,5.6,-6.6,18.9,4,"2022-2024",6.15
"1144","US",2022,48,-4.4,-10,1.7,4,"2022-2024",-4.15
"1145","US",2022,49,1,-9.4,16.1,4,"2022-2024",3.35
"1146","US",2022,50,-1.2,-8.9,14.4,4,"2022-2024",2.75
"1147","US",2022,51,7.8,-8.3,19.4,4,"2022-2024",5.55
"1148","US",2022,52,1.9,-5,14.4,4,"2022-2024",4.7
"1149","US",2022,53,-11.6,-15.6,-5,4,"2022-2024",-10.3
"1150","US",2022,54,-14.7,-18.3,-8.3,4,"2022-2024",-13.3
"1151","US",2022,55,-13.1,-18.3,-7.8,4,"2022-2024",-13.05
"1152","US",2022,56,-11.7,-18.3,-1.1,4,"2022-2024",-9.7
"1153","US",2022,57,-3.8,-18.3,8.9,4,"2022-2024",-4.7
"1154","US",2022,58,0.3,-13.3,15,4,"2022-2024",0.85
"1155","US",2022,59,6.3,-7.2,20.6,4,"2022-2024",6.7
"1156","US",2022,60,11,0,23.9,4,"2022-2024",11.95
"1157","US",2022,61,10.4,-1.7,26.7,4,"2022-2024",12.5
"1158","US",2022,62,5.7,-2.8,21.7,4,"2022-2024",9.45
"1159","US",2022,63,7.2,-2.1,22.8,4,"2022-2024",10.35
"1160","US",2022,64,10.1,-0.5,22.8,4,"2022-2024",11.15
"1161","US",2022,65,-1.2,-3.9,1.7,4,"2022-2024",-1.1
"1162","US",2022,66,-2.6,-6,3.3,4,"2022-2024",-1.35
"1163","US",2022,67,-0.1,-8.9,11.1,4,"2022-2024",1.1
"1164","US",2022,68,-2.9,-8.9,11.1,4,"2022-2024",1.1
"1165","US",2022,69,-5.9,-8,-2.2,4,"2022-2024",-5.1
"1166","US",2022,70,-4.3,-8.3,0,4,"2022-2024",-4.15
"1167","US",2022,71,-7.8,-15,4.4,4,"2022-2024",-5.3
"1168","US",2022,72,6.3,-3.3,20,4,"2022-2024",8.35
"1169","US",2022,73,9.2,-3.8,20.6,4,"2022-2024",8.4
"1170","US",2022,74,5.2,-6.7,17.8,4,"2022-2024",5.55
"1171","US",2022,75,10.4,-5.5,22.8,4,"2022-2024",8.65
"1172","US",2022,76,11.3,1.1,22.8,4,"2022-2024",11.95
"1173","US",2022,77,6.2,2.8,11.7,4,"2022-2024",7.25
"1174","US",2022,78,5.7,-5.6,20,4,"2022-2024",7.2
"1175","US",2022,79,11,-5.5,26.7,4,"2022-2024",10.6
"1176","US",2022,80,17.5,10.6,22.2,4,"2022-2024",16.4
"1177","US",2022,81,5.4,1.7,10.6,4,"2022-2024",6.15
"1178","US",2022,82,3.6,2.2,7.2,4,"2022-2024",4.7
"1179","US",2022,83,3.7,2,8.9,4,"2022-2024",5.45
"1180","US",2022,84,6.3,-3.3,15,4,"2022-2024",5.85
"1181","US",2022,85,3.2,-5.6,15,4,"2022-2024",4.7
"1182","US",2022,86,2,-4.9,10.6,4,"2022-2024",2.85
"1183","US",2022,87,3.9,-3.9,13.3,4,"2022-2024",4.7
"1184","US",2022,88,9.7,-3.8,22.2,4,"2022-2024",9.2
"1185","US",2022,89,7.8,2.8,23.3,4,"2022-2024",13.05
"1186","US",2022,90,1.9,-1.1,10,4,"2022-2024",4.45
"1187","US",2022,91,4.1,-7.8,18.9,4,"2022-2024",5.55
"1188","US",2022,92,9.8,2.8,16.7,4,"2022-2024",9.75
"1189","US",2022,93,11,2.8,17.8,4,"2022-2024",10.3
"1190","US",2022,94,6.6,-2.8,17.8,4,"2022-2024",7.5
"1191","US",2022,95,10.6,7.2,15,4,"2022-2024",11.1
"1192","US",2022,96,8.1,4.4,15,4,"2022-2024",9.7
"1193","US",2022,97,6.4,3,10,4,"2022-2024",6.5
"1194","US",2022,98,5.3,0,12.8,4,"2022-2024",6.4
"1195","US",2022,99,6.5,-6.7,20.6,4,"2022-2024",6.95
"1196","US",2022,100,13.8,8.9,19.4,4,"2022-2024",14.15
"1197","US",2022,101,9.7,1.1,20,4,"2022-2024",10.55
"1198","US",2022,102,17.2,11.7,31.7,4,"2022-2024",21.7
"1199","US",2022,103,8,-0.6,NA,4,"2022-2024",NA
"1200","US",2022,104,5.3,-2.2,15,4,"2022-2024",6.4
"1201","US",2022,105,5.6,-4.4,15,4,"2022-2024",5.3
"1202","US",2022,106,4.2,-4.3,11.7,4,"2022-2024",3.7
"1203","US",2022,107,6.2,-2.7,11.1,4,"2022-2024",4.2
"1204","US",2022,108,5.3,-2.2,13.3,4,"2022-2024",5.55
"1205","US",2022,109,5.1,-4.4,14.4,4,"2022-2024",5
"1206","US",2022,110,12.6,10.6,17.8,4,"2022-2024",14.2
"1207","US",2022,111,11.1,1.1,22.2,4,"2022-2024",11.65
"1208","US",2022,112,21.9,16.7,29.4,4,"2022-2024",23.05
"1209","US",2022,113,24.1,16.1,29.4,4,"2022-2024",22.75
"1210","US",2022,114,11.7,5,28.3,4,"2022-2024",16.65
"1211","US",2022,115,8.9,5,15,4,"2022-2024",10
"1212","US",2022,116,8.4,-3.9,22.8,4,"2022-2024",9.45
"1213","US",2022,117,18,10.6,28.3,4,"2022-2024",19.45
"1214","US",2022,118,21.6,10.6,28.9,4,"2022-2024",19.75
"1215","US",2022,119,18.3,13.9,28.9,4,"2022-2024",21.4
"1216","US",2022,120,12.1,8.3,20.6,4,"2022-2024",14.45
"1217","US",2022,121,12.1,7.2,20,4,"2022-2024",13.6
"1218","US",2022,122,7.8,5.6,20,4,"2022-2024",12.8
"1219","US",2022,123,7.1,4,11.7,4,"2022-2024",7.85
"1220","US",2022,124,10.1,4.4,13.3,4,"2022-2024",8.85
"1221","US",2022,125,10.6,9,12,4,"2022-2024",10.5
"1222","US",2022,126,13.6,9.4,18.3,4,"2022-2024",13.85
"1223","US",2022,127,17.1,11.1,24.4,4,"2022-2024",17.75
"1224","US",2022,128,17.8,11.7,24.4,4,"2022-2024",18.05
"1225","US",2022,129,25.4,16.1,33.3,4,"2022-2024",24.7
"1226","US",2022,130,23.6,18.9,33.3,4,"2022-2024",26.1
"1227","US",2022,131,25.3,17.2,33.9,4,"2022-2024",25.55
"1228","US",2022,132,28.2,17.2,35,4,"2022-2024",26.1
"1229","US",2022,133,21.2,12.2,35,4,"2022-2024",23.6
"1230","US",2022,134,21.4,9.4,30.6,4,"2022-2024",20
"1231","US",2022,135,18.8,9.4,30.6,4,"2022-2024",20
"1232","US",2022,136,18.7,8.3,27.8,4,"2022-2024",18.05
"1233","US",2022,137,21.4,17.2,27.8,4,"2022-2024",22.5
"1234","US",2022,138,22.4,16.1,30,4,"2022-2024",23.05
"1235","US",2022,139,24.3,17.2,33.9,4,"2022-2024",25.55
"1236","US",2022,140,19.3,13.3,33.9,4,"2022-2024",23.6
"1237","US",2022,141,12.7,8.9,22.8,4,"2022-2024",15.85
"1238","US",2022,142,11.6,1.1,21.7,4,"2022-2024",11.4
"1239","US",2022,143,15.8,12.2,19.4,4,"2022-2024",15.8
"1240","US",2022,144,13.3,11,16.7,4,"2022-2024",13.85
"1241","US",2022,145,11,9.4,15.6,4,"2022-2024",12.5
"1242","US",2022,146,12.3,10,20.6,4,"2022-2024",15.3
"1243","US",2022,147,17.2,6.7,28.9,4,"2022-2024",17.8
"1244","US",2022,148,23.9,17.8,30,4,"2022-2024",23.9
"1245","US",2022,149,26.1,17.8,32.2,4,"2022-2024",25
"1246","US",2022,150,27.1,21.1,32.2,4,"2022-2024",26.65
"1247","US",2022,151,21.3,14.4,31.1,4,"2022-2024",22.75
"1248","US",2022,152,17.7,10,26.7,4,"2022-2024",18.35
"1249","US",2022,153,16.8,5.6,27.8,4,"2022-2024",16.7
"1250","US",2022,154,21.7,14.4,28.3,4,"2022-2024",21.35
"1251","US",2022,155,21.6,14.4,29.4,4,"2022-2024",21.9
"1252","US",2022,156,21.6,15,28.3,4,"2022-2024",21.65
"1253","US",2022,157,21.8,15.6,28.9,4,"2022-2024",22.25
"1254","US",2022,158,22.3,15.6,29.4,4,"2022-2024",22.5
"1255","US",2022,159,21,15.6,29.4,4,"2022-2024",22.5
"1256","US",2022,160,20.3,11.7,28.3,4,"2022-2024",20
"1257","US",2022,161,21.5,11.7,29.4,4,"2022-2024",20.55
"1258","US",2022,162,24.5,15.6,32.8,4,"2022-2024",24.2
"1259","US",2022,163,25.2,16.7,32.8,4,"2022-2024",24.75
"1260","US",2022,164,30.2,19.4,39.4,4,"2022-2024",29.4
"1261","US",2022,165,30.8,25.6,39.4,4,"2022-2024",32.5
"1262","US",2022,166,22.9,17.2,34.4,4,"2022-2024",25.8
"1263","US",2022,167,23.5,14.4,31.1,4,"2022-2024",22.75
"1264","US",2022,168,25.3,14.4,32.2,4,"2022-2024",23.3
"1265","US",2022,169,29,19.4,34.4,4,"2022-2024",26.9
"1266","US",2022,170,29.8,23.9,34.4,4,"2022-2024",29.15
"1267","US",2022,171,30.1,25,35,4,"2022-2024",30
"1268","US",2022,172,29.3,25,35,4,"2022-2024",30
"1269","US",2022,173,24.7,17.8,33.3,4,"2022-2024",25.55
"1270","US",2022,174,24.3,17.8,31.1,4,"2022-2024",24.45
"1271","US",2022,175,25.4,19.4,29.4,4,"2022-2024",24.4
"1272","US",2022,176,26.1,21.7,30,4,"2022-2024",25.85
"1273","US",2022,177,21.4,11.7,30,4,"2022-2024",20.85
"1274","US",2022,178,20.1,10,28.3,4,"2022-2024",19.15
"1275","US",2022,179,22.4,10,32.2,4,"2022-2024",21.1
"1276","US",2022,180,26.8,13.3,35,4,"2022-2024",24.15
"1277","US",2022,181,28.2,18.9,35,4,"2022-2024",26.95
"1278","US",2022,182,25,19.4,35,4,"2022-2024",27.2
"1279","US",2022,183,22.3,16.7,28.9,4,"2022-2024",22.8
"1280","US",2022,184,24.3,16.7,30.6,4,"2022-2024",23.65
"1281","US",2022,185,29.3,19.4,36.7,4,"2022-2024",28.05
"1282","US",2022,186,30.7,23.3,37.2,4,"2022-2024",30.25
"1283","US",2022,187,25.9,22.2,37.2,4,"2022-2024",29.7
"1284","US",2022,188,25.2,22.2,30.6,4,"2022-2024",26.4
"1285","US",2022,189,25,22,30,4,"2022-2024",26
"1286","US",2022,190,25.2,19.4,31.1,4,"2022-2024",25.25
"1287","US",2022,191,26.6,19.4,33.9,4,"2022-2024",26.65
"1288","US",2022,192,27.6,20.6,33.9,4,"2022-2024",27.25
"1289","US",2022,193,23.7,14.4,31.1,4,"2022-2024",22.75
"1290","US",2022,194,25.5,14.4,32.8,4,"2022-2024",23.6
"1291","US",2022,195,27.6,16.7,33.9,4,"2022-2024",25.3
"1292","US",2022,196,30.2,21.7,35.6,4,"2022-2024",28.65
"1293","US",2022,197,26.9,23.3,35.6,4,"2022-2024",29.45
"1294","US",2022,198,25.9,22.2,31.7,4,"2022-2024",26.95
"1295","US",2022,199,25.9,18.3,32.8,4,"2022-2024",25.55
"1296","US",2022,200,27.8,18.3,35,4,"2022-2024",26.65
"1297","US",2022,201,26.1,16.7,35,4,"2022-2024",25.85
"1298","US",2022,202,27.7,16.7,35,4,"2022-2024",25.85
"1299","US",2022,203,29.1,18.9,36.7,4,"2022-2024",27.8
"1300","US",2022,204,31.2,20.6,38.9,4,"2022-2024",29.75
"1301","US",2022,205,27.7,22.8,38.9,4,"2022-2024",30.85
"1302","US",2022,206,22.1,18.3,32.2,4,"2022-2024",25.25
"1303","US",2022,207,22.4,18.3,30,4,"2022-2024",24.15
"1304","US",2022,208,25.1,18.9,32.8,4,"2022-2024",25.85
"1305","US",2022,209,24.7,18.9,32.8,4,"2022-2024",25.85
"1306","US",2022,210,20.9,12.2,28.9,4,"2022-2024",20.55
"1307","US",2022,211,22.5,12.2,29.4,4,"2022-2024",20.8
"1308","US",2022,212,24.9,12.8,34.4,4,"2022-2024",23.6
"1309","US",2022,213,29.1,17.8,37.2,4,"2022-2024",27.5
"1310","US",2022,214,29.8,21.7,37.8,4,"2022-2024",29.75
"1311","US",2022,215,31.7,21.7,37.8,4,"2022-2024",29.75
"1312","US",2022,216,26.9,18.3,36.1,4,"2022-2024",27.2
"1313","US",2022,217,28.5,18.3,37.2,4,"2022-2024",27.75
"1314","US",2022,218,31.3,18.9,38.3,4,"2022-2024",28.6
"1315","US",2022,219,31.3,25,38.3,4,"2022-2024",31.65
"1316","US",2022,220,23.2,18.9,36.1,4,"2022-2024",27.5
"1317","US",2022,221,22.4,13.3,33.3,4,"2022-2024",23.3
"1318","US",2022,222,26.3,13.3,35.6,4,"2022-2024",24.45
"1319","US",2022,223,27.3,16.7,35.6,4,"2022-2024",26.15
"1320","US",2022,224,26.4,16.7,35.6,4,"2022-2024",26.15
"1321","US",2022,225,28.2,16.7,35.6,4,"2022-2024",26.15
"1322","US",2022,226,25.6,20.6,33.3,4,"2022-2024",26.95
"1323","US",2022,227,22.9,19.4,32.2,4,"2022-2024",25.8
"1324","US",2022,228,19.3,16.7,25,4,"2022-2024",20.85
"1325","US",2022,229,21.4,13.9,30,4,"2022-2024",21.95
"1326","US",2022,230,23.3,13.9,32.2,4,"2022-2024",23.05
"1327","US",2022,231,24,15.6,32.2,4,"2022-2024",23.9
"1328","US",2022,232,22.6,16.1,31.7,4,"2022-2024",23.9
"1329","US",2022,233,22.5,13.9,30.6,4,"2022-2024",22.25
"1330","US",2022,234,22.7,13.3,31.7,4,"2022-2024",22.5
"1331","US",2022,235,24.4,13.3,33.3,4,"2022-2024",23.3
"1332","US",2022,236,26.4,14.4,34.4,4,"2022-2024",24.4
"1333","US",2022,237,25.7,18.9,34.4,4,"2022-2024",26.65
"1334","US",2022,238,25.3,18.3,33.9,4,"2022-2024",26.1
"1335","US",2022,239,26.4,18.3,33.9,4,"2022-2024",26.1
"1336","US",2022,240,25.7,20.6,36.1,4,"2022-2024",28.35
"1337","US",2022,241,27,19.4,36.1,4,"2022-2024",27.75
"1338","US",2022,242,23.3,14.4,32.2,4,"2022-2024",23.3
"1339","US",2022,243,23.9,12.8,36.1,4,"2022-2024",24.45
"1340","US",2022,244,26.1,13.9,36.1,4,"2022-2024",25
"1341","US",2022,245,26.9,18.3,36.7,4,"2022-2024",27.5
"1342","US",2022,246,25.2,16.7,36.7,4,"2022-2024",26.7
"1343","US",2022,247,19.4,10,29.4,4,"2022-2024",19.7
"1344","US",2022,248,23,10,31.1,4,"2022-2024",20.55
"1345","US",2022,249,25.1,14.4,35,4,"2022-2024",24.7
"1346","US",2022,250,26.1,16.7,35,4,"2022-2024",25.85
"1347","US",2022,251,25.1,16.1,35,4,"2022-2024",25.55
"1348","US",2022,252,23.4,16.1,35,4,"2022-2024",25.55
"1349","US",2022,253,16.2,12.2,28.9,4,"2022-2024",20.55
"1350","US",2022,254,15.6,7.2,26.7,4,"2022-2024",16.95
"1351","US",2022,255,18.6,7.2,31.1,4,"2022-2024",19.15
"1352","US",2022,256,21.2,10,34.4,4,"2022-2024",22.2
"1353","US",2022,257,24.9,10,34.4,4,"2022-2024",22.2
"1354","US",2022,258,26.1,16.1,34.4,4,"2022-2024",25.25
"1355","US",2022,259,24.8,18.3,32.8,4,"2022-2024",25.55
"1356","US",2022,260,24.2,18.9,31.7,4,"2022-2024",25.3
"1357","US",2022,261,24.2,16.1,32.8,4,"2022-2024",24.45
"1358","US",2022,262,25.2,16.1,37.8,4,"2022-2024",26.95
"1359","US",2022,263,30.8,16.7,39.4,4,"2022-2024",28.05
"1360","US",2022,264,23.4,16.1,39.4,4,"2022-2024",27.75
"1361","US",2022,265,14.3,11.1,16.7,4,"2022-2024",13.9
"1362","US",2022,266,14.7,11.1,18.9,4,"2022-2024",15
"1363","US",2022,267,19.1,10,32.8,4,"2022-2024",21.4
"1364","US",2022,268,20.9,10,32.8,4,"2022-2024",21.4
"1365","US",2022,269,15.4,3.9,27.2,4,"2022-2024",15.55
"1366","US",2022,270,16.3,3.9,27.8,4,"2022-2024",15.85
"1367","US",2022,271,15.3,4.4,27.8,4,"2022-2024",16.1
"1368","US",2022,272,16,5,26.1,4,"2022-2024",15.55
"1369","US",2022,273,19.6,5.6,28.9,4,"2022-2024",17.25
"1370","US",2022,274,20.1,12.8,28.9,4,"2022-2024",20.85
"1371","US",2022,275,20.5,12.8,28.9,4,"2022-2024",20.85
"1372","US",2022,276,20.6,11.1,28.9,4,"2022-2024",20
"1373","US",2022,277,20.6,10.6,30,4,"2022-2024",20.3
"1374","US",2022,278,17.6,9.4,28.3,4,"2022-2024",18.85
"1375","US",2022,279,15.7,7.8,25.6,4,"2022-2024",16.7
"1376","US",2022,280,10.7,6.1,22.8,4,"2022-2024",14.45
"1377","US",2022,281,7,-3.9,21.1,4,"2022-2024",8.6
"1378","US",2022,282,14.3,3.9,26.1,4,"2022-2024",15
"1379","US",2022,283,14.2,2.2,27.2,4,"2022-2024",14.7
"1380","US",2022,284,19.8,13.9,28.9,4,"2022-2024",21.4
"1381","US",2022,285,16.5,9.4,29.4,4,"2022-2024",19.4
"1382","US",2022,286,12.3,7.8,21.1,4,"2022-2024",14.45
"1383","US",2022,287,11.7,3.3,20,4,"2022-2024",11.65
"1384","US",2022,288,9.3,-1.7,24.4,4,"2022-2024",11.35
"1385","US",2022,289,11.8,-0.5,24.4,4,"2022-2024",11.95
"1386","US",2022,290,4.1,-3.3,16.7,4,"2022-2024",6.7
"1387","US",2022,291,0.6,-7.8,11.1,4,"2022-2024",1.65
"1388","US",2022,292,1.6,-8.9,NA,4,"2022-2024",NA
"1389","US",2022,293,11.3,0,25,4,"2022-2024",12.5
"1390","US",2022,294,16.3,0,26.1,4,"2022-2024",13.05
"1391","US",2022,295,12.9,1.1,27.8,4,"2022-2024",14.45
"1392","US",2022,296,22.4,17.2,31.1,4,"2022-2024",24.15
"1393","US",2022,297,16.3,8.9,31.7,4,"2022-2024",20.3
"1394","US",2022,298,6.3,-1.7,17.2,4,"2022-2024",7.75
"1395","US",2022,299,6.5,-2.2,17.8,4,"2022-2024",7.8
"1396","US",2022,300,12.8,10,17.8,4,"2022-2024",13.9
"1397","US",2022,301,11.9,6.1,19.4,4,"2022-2024",12.75
"1398","US",2022,302,10.2,-1.1,22.2,4,"2022-2024",10.55
"1399","US",2022,303,11.7,-0.5,22.2,4,"2022-2024",10.85
"1400","US",2022,304,10.9,0,22.8,4,"2022-2024",11.4
"1401","US",2022,305,13.8,0,26.1,4,"2022-2024",13.05
"1402","US",2022,306,18.9,13.9,25.6,4,"2022-2024",19.75
"1403","US",2022,307,19.2,13.3,25.6,4,"2022-2024",19.45
"1404","US",2022,308,5.7,1.7,13.9,4,"2022-2024",7.8
"1405","US",2022,309,5.6,-3.3,16.7,4,"2022-2024",6.7
"1406","US",2022,310,12.2,0.6,16.7,4,"2022-2024",8.65
"1407","US",2022,311,6.2,-1.7,16.1,4,"2022-2024",7.2
"1408","US",2022,312,11.1,7.2,17.8,4,"2022-2024",12.5
"1409","US",2022,313,20.4,17.2,25,4,"2022-2024",21.1
"1410","US",2022,314,13.9,3.3,25.6,4,"2022-2024",14.45
"1411","US",2022,315,-2.5,-7.8,3.3,4,"2022-2024",-2.25
"1412","US",2022,316,-4.8,-7.2,1.7,4,"2022-2024",-2.75
"1413","US",2022,317,-6.7,-14.4,4.4,4,"2022-2024",-5
"1414","US",2022,318,0,-2.2,2.8,4,"2022-2024",0.3
"1415","US",2022,319,-2.6,-7.8,2.2,4,"2022-2024",-2.8
"1416","US",2022,320,-4.2,-7.8,1.1,4,"2022-2024",-3.35
"1417","US",2022,321,-0.9,-7.8,2.8,4,"2022-2024",-2.5
"1418","US",2022,322,-6.7,-11.1,2.8,4,"2022-2024",-4.15
"1419","US",2022,323,-3.7,-10.6,0.6,4,"2022-2024",-5
"1420","US",2022,324,-1.4,-10,11.7,4,"2022-2024",0.85
"1421","US",2022,325,1.7,-10,13.9,4,"2022-2024",1.95
"1422","US",2022,326,0,-10.6,NA,4,"2022-2024",NA
"1423","US",2022,327,2.6,-10,17.8,4,"2022-2024",3.9
"1424","US",2022,328,5.7,-7.1,15,4,"2022-2024",3.95
"1425","US",2022,329,1.9,-7.2,13.3,4,"2022-2024",3.05
"1426","US",2022,330,4.6,-7.1,15.6,4,"2022-2024",4.25
"1427","US",2022,331,5.6,-3.8,15.6,4,"2022-2024",5.9
"1428","US",2022,332,1.6,-6.7,13.9,4,"2022-2024",3.6
"1429","US",2022,333,2,-6.6,13.9,4,"2022-2024",3.65
"1430","US",2022,334,-5.1,-9.4,6.7,4,"2022-2024",-1.35
"1431","US",2022,335,-0.2,-10,10.6,4,"2022-2024",0.3
"1432","US",2022,336,7.3,-1.1,15.6,4,"2022-2024",7.25
"1433","US",2022,337,-5.3,-12.2,1.7,4,"2022-2024",-5.25
"1434","US",2022,338,-1.3,-11.1,10.6,4,"2022-2024",-0.25
"1435","US",2022,339,0.7,-8.3,10.6,4,"2022-2024",1.15
"1436","US",2022,340,-0.6,-7.8,7.8,4,"2022-2024",0
"1437","US",2022,341,-2.1,-8.3,7.2,4,"2022-2024",-0.55
"1438","US",2022,342,-4.4,-8.3,5,4,"2022-2024",-1.65
"1439","US",2022,343,0.9,-8.3,2.8,4,"2022-2024",-2.75
"1440","US",2022,344,2.4,-1.1,8.9,4,"2022-2024",3.9
"1441","US",2022,345,-1.9,-10.6,10.6,4,"2022-2024",0
"1442","US",2022,346,1.8,-1.1,4.4,4,"2022-2024",1.65
"1443","US",2022,347,5.2,0.6,12.2,4,"2022-2024",6.4
"1444","US",2022,348,0.8,-2.8,12.2,4,"2022-2024",4.7
"1445","US",2022,349,-1.9,-5,2.8,4,"2022-2024",-1.1
"1446","US",2022,350,-4.3,-5.6,-0.6,4,"2022-2024",-3.1
"1447","US",2022,351,-4.9,-7.2,-1.7,4,"2022-2024",-4.45
"1448","US",2022,352,-8.6,-15.6,1.1,4,"2022-2024",-7.25
"1449","US",2022,353,-2.4,-15.6,2.2,4,"2022-2024",-6.7
"1450","US",2022,354,-11.9,-16.1,-7.8,4,"2022-2024",-11.95
"1451","US",2022,355,-12.1,-15.6,-6,4,"2022-2024",-10.8
"1452","US",2022,356,-19.1,-25,-6.1,4,"2022-2024",-15.55
"1453","US",2022,357,-19.3,-22.8,-13.3,4,"2022-2024",-18.05
"1454","US",2022,358,-14.3,-21.7,-8.9,4,"2022-2024",-15.3
"1455","US",2022,359,-13.5,-21.1,-5,4,"2022-2024",-13.05
"1456","US",2022,360,-6.1,-12,3.9,4,"2022-2024",-4.05
"1457","US",2022,361,-6,-13.3,4.4,4,"2022-2024",-4.45
"1458","US",2022,362,2.1,-11.1,7.2,4,"2022-2024",-1.95
"1459","US",2022,363,4.2,-2.1,9.4,4,"2022-2024",3.65
"1460","US",2022,364,0,-7.8,9.4,4,"2022-2024",0.8
"1461","US",2022,365,2.3,-7.8,10.6,4,"2022-2024",1.4
"1462","US",2023,1,2.4,-3.9,10.6,4,"2022-2024",3.35
"1463","US",2023,2,1.7,-3.8,10,4,"2022-2024",3.1
"1464","US",2023,3,0.4,-2,1.7,4,"2022-2024",-0.15
"1465","US",2023,4,-0.6,-1.7,1.1,4,"2022-2024",-0.3
"1466","US",2023,5,0.3,-2.2,3.9,4,"2022-2024",0.85
"1467","US",2023,6,-2.6,-9.4,7.2,4,"2022-2024",-1.1
"1468","US",2023,7,-1.9,-8.3,7.2,4,"2022-2024",-0.55
"1469","US",2023,8,-2.9,-10,8.3,4,"2022-2024",-0.85
"1470","US",2023,9,2.3,-10,11.7,4,"2022-2024",0.85
"1471","US",2023,10,1.3,-5,13.3,4,"2022-2024",4.15
"1472","US",2023,11,2.4,-4.4,13.3,4,"2022-2024",4.45
"1473","US",2023,12,-2.2,-4.4,5.6,4,"2022-2024",0.6
"1474","US",2023,13,-5.3,-7.8,0,4,"2022-2024",-3.9
"1475","US",2023,14,-1.2,-7.8,7.8,4,"2022-2024",0
"1476","US",2023,15,3.9,-6,8.9,4,"2022-2024",1.45
"1477","US",2023,16,6.1,-1,8.9,4,"2022-2024",3.95
"1478","US",2023,17,2.8,0,8.9,4,"2022-2024",4.45
"1479","US",2023,18,-0.5,-2.8,6.7,4,"2022-2024",1.95
"1480","US",2023,19,-0.8,-3.3,1.1,4,"2022-2024",-1.1
"1481","US",2023,20,-1.4,-4.4,1.1,4,"2022-2024",-1.65
"1482","US",2023,21,-3.2,-6.7,1.1,4,"2022-2024",-2.8
"1483","US",2023,22,-4.1,-10.6,-0.6,4,"2022-2024",-5.6
"1484","US",2023,23,-6.6,-13.3,3.3,4,"2022-2024",-5
"1485","US",2023,24,2.1,1.1,3.3,4,"2022-2024",2.2
"1486","US",2023,25,-1.8,-6.7,3.3,4,"2022-2024",-1.7
"1487","US",2023,26,-6.2,-10,0,4,"2022-2024",-5
"1488","US",2023,27,2.6,-10,5.6,4,"2022-2024",-2.2
"1489","US",2023,28,-3.1,-10.6,2.8,4,"2022-2024",-3.9
"1490","US",2023,29,-14,-16.7,-10.6,4,"2022-2024",-13.65
"1491","US",2023,30,-12.4,-16.1,-8.9,4,"2022-2024",-12.5
"1492","US",2023,31,-10.7,-16.7,-3.3,4,"2022-2024",-10
"1493","US",2023,32,-6.5,-14.4,5,4,"2022-2024",-4.7
"1494","US",2023,33,-4.4,-14.4,5,4,"2022-2024",-4.7
"1495","US",2023,34,-11.1,-16.1,1.7,4,"2022-2024",-7.2
"1496","US",2023,35,-0.3,-16.1,10,4,"2022-2024",-3.05
"1497","US",2023,36,2.8,-8.9,13.3,4,"2022-2024",2.2
"1498","US",2023,37,3.6,-5.6,13.3,4,"2022-2024",3.85
"1499","US",2023,38,4.9,-4.9,11.7,4,"2022-2024",3.4
"1500","US",2023,39,2.2,-6.7,12.2,4,"2022-2024",2.75
"1501","US",2023,40,3.1,-6.6,12.2,4,"2022-2024",2.8
"1502","US",2023,41,-1.8,-10,6.7,4,"2022-2024",-1.65
"1503","US",2023,42,0.8,-7.2,12.2,4,"2022-2024",2.5
"1504","US",2023,43,2.6,-6.1,12.2,4,"2022-2024",3.05
"1505","US",2023,44,2.8,-7.2,16.7,4,"2022-2024",4.75
"1506","US",2023,45,7.8,3.9,11.1,4,"2022-2024",7.5
"1507","US",2023,46,0.3,-5,10,4,"2022-2024",2.5
"1508","US",2023,47,-6.4,-8.3,3.3,4,"2022-2024",-2.5
"1509","US",2023,48,-12.2,-22.8,2.8,4,"2022-2024",-10
"1510","US",2023,49,-0.9,-8.3,7.8,4,"2022-2024",-0.25
"1511","US",2023,50,3.3,-8.8,9.4,4,"2022-2024",0.3
"1512","US",2023,51,3.1,-5,11.7,4,"2022-2024",3.35
"1513","US",2023,52,3,-4.9,12.8,4,"2022-2024",3.95
"1514","US",2023,53,0.3,-5.6,12.8,4,"2022-2024",3.6
"1515","US",2023,54,-10.6,-15.6,-5.6,4,"2022-2024",-10.6
"1516","US",2023,55,-13.4,-16.7,-6.7,4,"2022-2024",-11.7
"1517","US",2023,56,-5.7,-16.7,10,4,"2022-2024",-3.35
"1518","US",2023,57,2.2,-13.3,11.7,4,"2022-2024",-0.800000000000001
"1519","US",2023,58,8.6,5,14.4,4,"2022-2024",9.7
"1520","US",2023,59,2,-5.6,15,4,"2022-2024",4.7
"1521","US",2023,60,3.4,-3.9,12.8,4,"2022-2024",4.45
"1522","US",2023,61,-0.1,-4.4,12.8,4,"2022-2024",4.2
"1523","US",2023,62,1.8,-7.2,14.4,4,"2022-2024",3.6
"1524","US",2023,63,4.9,-7.2,14.4,4,"2022-2024",3.6
"1525","US",2023,64,6.9,-1,20,4,"2022-2024",9.5
"1526","US",2023,65,4.6,-0.5,20,4,"2022-2024",9.75
"1527","US",2023,66,3.2,0,8.9,4,"2022-2024",4.45
"1528","US",2023,67,3.4,0.6,8.9,4,"2022-2024",4.75
"1529","US",2023,68,1.6,0.6,3.9,4,"2022-2024",2.25
"1530","US",2023,69,-0.2,-2.2,3.9,4,"2022-2024",0.85
"1531","US",2023,70,0.6,-2.1,3.3,4,"2022-2024",0.6
"1532","US",2023,71,-1.1,-6.1,3.3,4,"2022-2024",-1.4
"1533","US",2023,72,-3,-6.1,2.8,4,"2022-2024",-1.65
"1534","US",2023,73,-0.7,-8.9,12.2,4,"2022-2024",1.65
"1535","US",2023,74,9.6,3.9,21.1,4,"2022-2024",12.5
"1536","US",2023,75,6.9,0,21.1,4,"2022-2024",10.55
"1537","US",2023,76,-0.4,-4.4,11.1,4,"2022-2024",3.35
"1538","US",2023,77,-5.3,-10,7.2,4,"2022-2024",-1.4
"1539","US",2023,78,-2.7,-14.4,11.1,4,"2022-2024",-1.65
"1540","US",2023,79,7.6,0,19.4,4,"2022-2024",9.7
"1541","US",2023,80,8.3,1.1,20,4,"2022-2024",10.55
"1542","US",2023,81,7.4,2,11.7,4,"2022-2024",6.85
"1543","US",2023,82,3.1,0,12.2,4,"2022-2024",6.1
"1544","US",2023,83,2.6,-6.1,13.9,4,"2022-2024",3.9
"1545","US",2023,84,6.8,-6,13.9,4,"2022-2024",3.95
"1546","US",2023,85,3.8,-1.7,13.9,4,"2022-2024",6.1
"1547","US",2023,86,-0.6,-10.6,6.7,4,"2022-2024",-1.95
"1548","US",2023,87,2.6,-9.9,12.2,4,"2022-2024",1.15
"1549","US",2023,88,3.3,-5.5,12.2,4,"2022-2024",3.35
"1550","US",2023,89,9.5,-2.7,26.1,4,"2022-2024",11.7
"1551","US",2023,90,14.1,-0.5,26.1,4,"2022-2024",12.8
"1552","US",2023,91,5.2,-0.6,16.1,4,"2022-2024",7.75
"1553","US",2023,92,13.1,-0.5,24.4,4,"2022-2024",11.95
"1554","US",2023,93,11.8,3.3,24.4,4,"2022-2024",13.85
"1555","US",2023,94,11.2,3.9,23.3,4,"2022-2024",13.6
"1556","US",2023,95,2.9,-2.8,8.3,4,"2022-2024",2.75
"1557","US",2023,96,2.8,-10,16.7,4,"2022-2024",3.35
"1558","US",2023,97,10.6,-0.6,22.2,4,"2022-2024",10.8
"1559","US",2023,98,13.9,-1.6,24.4,4,"2022-2024",11.4
"1560","US",2023,99,15.9,0.6,25.6,4,"2022-2024",13.1
"1561","US",2023,100,17.6,5.6,25.6,4,"2022-2024",15.6
"1562","US",2023,101,17.9,6.7,29.4,4,"2022-2024",18.05
"1563","US",2023,102,22.8,6.7,31.7,4,"2022-2024",19.2
"1564","US",2023,103,23.1,14.4,31.7,4,"2022-2024",23.05
"1565","US",2023,104,22.1,15,31.7,4,"2022-2024",23.35
"1566","US",2023,105,9.4,6.1,21.1,4,"2022-2024",13.6
"1567","US",2023,106,8.2,2.8,16.1,4,"2022-2024",9.45
"1568","US",2023,107,8.8,-4.4,21.1,4,"2022-2024",8.35
"1569","US",2023,108,15.4,7.2,26.1,4,"2022-2024",16.65
"1570","US",2023,109,22.5,16.7,27.8,4,"2022-2024",22.25
"1571","US",2023,110,13,7.8,28.3,4,"2022-2024",18.05
"1572","US",2023,111,7.7,1.7,16.1,4,"2022-2024",8.9
"1573","US",2023,112,4.9,0.6,10.6,4,"2022-2024",5.6
"1574","US",2023,113,4.6,-6.1,16.1,4,"2022-2024",5
"1575","US",2023,114,11.4,3.9,21.1,4,"2022-2024",12.5
"1576","US",2023,115,11.1,0,21.7,4,"2022-2024",10.85
"1577","US",2023,116,13.1,0,21.1,4,"2022-2024",10.55
"1578","US",2023,117,13.7,1.7,21.7,4,"2022-2024",11.7
"1579","US",2023,118,12.1,3.3,21.7,4,"2022-2024",12.5
"1580","US",2023,119,10.9,1.1,23.3,4,"2022-2024",12.2
"1581","US",2023,120,10.9,1.1,23.3,4,"2022-2024",12.2
"1582","US",2023,121,11.1,3.9,18.9,4,"2022-2024",11.4
"1583","US",2023,122,11.7,3.3,20.6,4,"2022-2024",11.95
"1584","US",2023,123,12.8,-1.1,25,4,"2022-2024",11.95
"1585","US",2023,124,18.7,3.9,28.9,4,"2022-2024",16.4
"1586","US",2023,125,16.8,13.9,21.7,4,"2022-2024",17.8
"1587","US",2023,126,19.7,13.9,27.2,4,"2022-2024",20.55
"1588","US",2023,127,21.6,10.6,32.8,4,"2022-2024",21.7
"1589","US",2023,128,21.2,10.6,32.8,4,"2022-2024",21.7
"1590","US",2023,129,20.4,11.1,30.6,4,"2022-2024",20.85
"1591","US",2023,130,21.6,13.3,30,4,"2022-2024",21.65
"1592","US",2023,131,22.7,16.1,30,4,"2022-2024",23.05
"1593","US",2023,132,21.9,16.1,29.4,4,"2022-2024",22.75
"1594","US",2023,133,21.5,13.9,29.4,4,"2022-2024",21.65
"1595","US",2023,134,20.4,13.9,28.3,4,"2022-2024",21.1
"1596","US",2023,135,13.4,11.1,22.8,4,"2022-2024",16.95
"1597","US",2023,136,17.4,11.7,26.7,4,"2022-2024",19.2
"1598","US",2023,137,19.1,8.3,28.9,4,"2022-2024",18.6
"1599","US",2023,138,21.6,8.3,30,4,"2022-2024",19.15
"1600","US",2023,139,18.2,10.6,30,4,"2022-2024",20.3
"1601","US",2023,140,13,1.7,24.4,4,"2022-2024",13.05
"1602","US",2023,141,18.6,9.4,28.3,4,"2022-2024",18.85
"1603","US",2023,142,20.6,8.3,28.3,4,"2022-2024",18.3
"1604","US",2023,143,21.6,11.1,29.4,4,"2022-2024",20.25
"1605","US",2023,144,21.8,10.6,31.1,4,"2022-2024",20.85
"1606","US",2023,145,22.3,10.6,31.1,4,"2022-2024",20.85
"1607","US",2023,146,22.1,16.1,30.6,4,"2022-2024",23.35
"1608","US",2023,147,21.9,12.8,29.4,4,"2022-2024",21.1
"1609","US",2023,148,22.6,12.8,29.4,4,"2022-2024",21.1
"1610","US",2023,149,24.9,13.9,32.8,4,"2022-2024",23.35
"1611","US",2023,150,26.6,17.8,33.9,4,"2022-2024",25.85
"1612","US",2023,151,24.9,15.6,33.9,4,"2022-2024",24.75
"1613","US",2023,152,24.2,17.8,32.2,4,"2022-2024",25
"1614","US",2023,153,24,18.3,32.2,4,"2022-2024",25.25
"1615","US",2023,154,23.5,16.1,32.8,4,"2022-2024",24.45
"1616","US",2023,155,24,16.1,32.8,4,"2022-2024",24.45
"1617","US",2023,156,23.5,15,32.8,4,"2022-2024",23.9
"1618","US",2023,157,24.1,13.3,33.3,4,"2022-2024",23.3
"1619","US",2023,158,26.8,13.3,36.1,4,"2022-2024",24.7
"1620","US",2023,159,25.6,16.7,36.1,4,"2022-2024",26.4
"1621","US",2023,160,23.6,17.2,30,4,"2022-2024",23.6
"1622","US",2023,161,23.1,17.2,30,4,"2022-2024",23.6
"1623","US",2023,162,20.1,17.8,29.4,4,"2022-2024",23.6
"1624","US",2023,163,17.3,7.2,25.6,4,"2022-2024",16.4
"1625","US",2023,164,20.4,7.2,29.4,4,"2022-2024",18.3
"1626","US",2023,165,22.4,9.4,31.1,4,"2022-2024",20.25
"1627","US",2023,166,24.7,10.6,33.3,4,"2022-2024",21.95
"1628","US",2023,167,25.4,15.6,33.3,4,"2022-2024",24.45
"1629","US",2023,168,22.6,16.1,32.8,4,"2022-2024",24.45
"1630","US",2023,169,21.3,12.8,31.7,4,"2022-2024",22.25
"1631","US",2023,170,26.8,12.8,35.6,4,"2022-2024",24.2
"1632","US",2023,171,27.9,17.2,35.6,4,"2022-2024",26.4
"1633","US",2023,172,26.9,20.6,33.3,4,"2022-2024",26.95
"1634","US",2023,173,26.4,17.8,32.8,4,"2022-2024",25.3
"1635","US",2023,174,27,17.2,33.3,4,"2022-2024",25.25
"1636","US",2023,175,28.3,20,35,4,"2022-2024",27.5
"1637","US",2023,176,25.6,17.8,35,4,"2022-2024",26.4
"1638","US",2023,177,23.9,12.2,31.7,4,"2022-2024",21.95
"1639","US",2023,178,23.6,12.2,31.7,4,"2022-2024",21.95
"1640","US",2023,179,28.5,15,38.3,4,"2022-2024",26.65
"1641","US",2023,180,27.9,20.6,34.4,4,"2022-2024",27.5
"1642","US",2023,181,25.1,19.4,33.9,4,"2022-2024",26.65
"1643","US",2023,182,22.9,18.9,30,4,"2022-2024",24.45
"1644","US",2023,183,23.8,18.3,31.1,4,"2022-2024",24.7
"1645","US",2023,184,26.4,17.8,33.3,4,"2022-2024",25.55
"1646","US",2023,185,27.4,20,35,4,"2022-2024",27.5
"1647","US",2023,186,22.2,18.3,32.2,4,"2022-2024",25.25
"1648","US",2023,187,19.4,13.3,26.1,4,"2022-2024",19.7
"1649","US",2023,188,20.2,15,23.9,4,"2022-2024",19.45
"1650","US",2023,189,19.3,15,25,4,"2022-2024",20
"1651","US",2023,190,22.2,15,28.3,4,"2022-2024",21.65
"1652","US",2023,191,24.2,15.6,31.7,4,"2022-2024",23.65
"1653","US",2023,192,25.8,16.7,32.2,4,"2022-2024",24.45
"1654","US",2023,193,26.1,17.8,32.2,4,"2022-2024",25
"1655","US",2023,194,23.8,17.8,30.6,4,"2022-2024",24.2
"1656","US",2023,195,24.2,18.9,30.6,4,"2022-2024",24.75
"1657","US",2023,196,24.3,17.2,31.7,4,"2022-2024",24.45
"1658","US",2023,197,23.6,17.2,31.7,4,"2022-2024",24.45
"1659","US",2023,198,23.2,18.3,29.4,4,"2022-2024",23.85
"1660","US",2023,199,20.8,17,26.7,4,"2022-2024",21.85
"1661","US",2023,200,23,17.2,27.8,4,"2022-2024",22.5
"1662","US",2023,201,23.9,17.8,28.3,4,"2022-2024",23.05
"1663","US",2023,202,22.9,16.1,28.9,4,"2022-2024",22.5
"1664","US",2023,203,24.6,16.1,32.8,4,"2022-2024",24.45
"1665","US",2023,204,25.7,16.7,32.8,4,"2022-2024",24.75
"1666","US",2023,205,27.4,18.3,33.3,4,"2022-2024",25.8
"1667","US",2023,206,27.3,21.7,33.3,4,"2022-2024",27.5
"1668","US",2023,207,28.8,22.8,36.7,4,"2022-2024",29.75
"1669","US",2023,208,30.9,22.8,38.3,4,"2022-2024",30.55
"1670","US",2023,209,30.6,22.2,38.9,4,"2022-2024",30.55
"1671","US",2023,210,26.6,21.1,38.9,4,"2022-2024",30
"1672","US",2023,211,25.4,18.9,31.1,4,"2022-2024",25
"1673","US",2023,212,23.2,18.9,31.1,4,"2022-2024",25
"1674","US",2023,213,23.7,20,27.2,4,"2022-2024",23.6
"1675","US",2023,214,25.5,20,29.4,4,"2022-2024",24.7
"1676","US",2023,215,24.3,21.7,29.4,4,"2022-2024",25.55
"1677","US",2023,216,24.6,21.1,30.6,4,"2022-2024",25.85
"1678","US",2023,217,26.2,20.6,32.2,4,"2022-2024",26.4
"1679","US",2023,218,23.9,18.9,32.2,4,"2022-2024",25.55
"1680","US",2023,219,22.3,16.1,28.3,4,"2022-2024",22.2
"1681","US",2023,220,23.3,16.1,30,4,"2022-2024",23.05
"1682","US",2023,221,23.4,16.1,30,4,"2022-2024",23.05
"1683","US",2023,222,23.4,15.6,31.7,4,"2022-2024",23.65
"1684","US",2023,223,26.7,15.6,34.4,4,"2022-2024",25
"1685","US",2023,224,26.2,17.8,34.4,4,"2022-2024",26.1
"1686","US",2023,225,23.8,17.8,32.8,4,"2022-2024",25.3
"1687","US",2023,226,20.7,15.6,28.3,4,"2022-2024",21.95
"1688","US",2023,227,19.9,11.1,28.9,4,"2022-2024",20
"1689","US",2023,228,23.5,11.1,33.3,4,"2022-2024",22.2
"1690","US",2023,229,25.1,15.6,33.3,4,"2022-2024",24.45
"1691","US",2023,230,20.7,11.7,30.6,4,"2022-2024",21.15
"1692","US",2023,231,28,20.6,40,4,"2022-2024",30.3
"1693","US",2023,232,29.3,20.6,40,4,"2022-2024",30.3
"1694","US",2023,233,30.3,22.2,38.9,4,"2022-2024",30.55
"1695","US",2023,234,32.3,22.2,40.6,4,"2022-2024",31.4
"1696","US",2023,235,32.3,25.6,40.6,4,"2022-2024",33.1
"1697","US",2023,236,32.3,22.8,40.6,4,"2022-2024",31.7
"1698","US",2023,237,30.3,21.1,40.6,4,"2022-2024",30.85
"1699","US",2023,238,24.1,17.8,38.3,4,"2022-2024",28.05
"1700","US",2023,239,21,13.3,28.3,4,"2022-2024",20.8
"1701","US",2023,240,23.1,13.3,30.6,4,"2022-2024",21.95
"1702","US",2023,241,24.5,16.7,31.1,4,"2022-2024",23.9
"1703","US",2023,242,22.9,16.7,31.1,4,"2022-2024",23.9
"1704","US",2023,243,23.4,16.1,30,4,"2022-2024",23.05
"1705","US",2023,244,24.6,16.1,33.3,4,"2022-2024",24.7
"1706","US",2023,245,26,16.1,36.7,4,"2022-2024",26.4
"1707","US",2023,246,27.8,17.2,36.7,4,"2022-2024",26.95
"1708","US",2023,247,26.1,17.8,36.7,4,"2022-2024",27.25
"1709","US",2023,248,28.1,17.8,35.6,4,"2022-2024",26.7
"1710","US",2023,249,20,14.4,31.7,4,"2022-2024",23.05
"1711","US",2023,250,18,9.4,28.3,4,"2022-2024",18.85
"1712","US",2023,251,22.4,8.9,30,4,"2022-2024",19.45
"1713","US",2023,252,21.3,12.2,31.1,4,"2022-2024",21.65
"1714","US",2023,253,21.6,12.2,31.1,4,"2022-2024",21.65
"1715","US",2023,254,19,13.9,27.2,4,"2022-2024",20.55
"1716","US",2023,255,16.1,7.8,26.7,4,"2022-2024",17.25
"1717","US",2023,256,18.2,7.2,27.8,4,"2022-2024",17.5
"1718","US",2023,257,20.4,7.2,28.3,4,"2022-2024",17.75
"1719","US",2023,258,19.5,11.7,28.3,4,"2022-2024",20
"1720","US",2023,259,18.5,11.7,27.8,4,"2022-2024",19.75
"1721","US",2023,260,16.7,7.2,27.8,4,"2022-2024",17.5
"1722","US",2023,261,20.8,7.2,34.4,4,"2022-2024",20.8
"1723","US",2023,262,26.7,20.6,32.2,4,"2022-2024",26.4
"1724","US",2023,263,22.8,16.1,32.8,4,"2022-2024",24.45
"1725","US",2023,264,22.8,16.7,30.6,4,"2022-2024",23.65
"1726","US",2023,265,20.3,17.2,28.3,4,"2022-2024",22.75
"1727","US",2023,266,21.2,17.2,27.8,4,"2022-2024",22.5
"1728","US",2023,267,19.7,11.7,28.9,4,"2022-2024",20.3
"1729","US",2023,268,19.7,10.6,28.9,4,"2022-2024",19.75
"1730","US",2023,269,18.4,10,28.9,4,"2022-2024",19.45
"1731","US",2023,270,16.9,8.3,26.7,4,"2022-2024",17.5
"1732","US",2023,271,22.2,8.3,33.3,4,"2022-2024",20.8
"1733","US",2023,272,27.1,15.6,35.6,4,"2022-2024",25.6
"1734","US",2023,273,28.7,18.9,35.6,4,"2022-2024",27.25
"1735","US",2023,274,27.9,20.6,35.6,4,"2022-2024",28.1
"1736","US",2023,275,24.9,16.1,34.4,4,"2022-2024",25.25
"1737","US",2023,276,23.7,16.1,32.8,4,"2022-2024",24.45
"1738","US",2023,277,18.6,13.3,27.2,4,"2022-2024",20.25
"1739","US",2023,278,16.8,9.4,23.3,4,"2022-2024",16.35
"1740","US",2023,279,11.9,6.1,23.3,4,"2022-2024",14.7
"1741","US",2023,280,9.7,2.2,18.9,4,"2022-2024",10.55
"1742","US",2023,281,14,2.2,25.6,4,"2022-2024",13.9
"1743","US",2023,282,12.8,2.8,25.6,4,"2022-2024",14.2
"1744","US",2023,283,11.3,1.7,23.9,4,"2022-2024",12.8
"1745","US",2023,284,17,1.7,26.1,4,"2022-2024",13.9
"1746","US",2023,285,18.1,10,26.1,4,"2022-2024",18.05
"1747","US",2023,286,13.2,9.4,20,4,"2022-2024",14.7
"1748","US",2023,287,10.3,8.9,17.2,4,"2022-2024",13.05
"1749","US",2023,288,9.8,8.3,12.2,4,"2022-2024",10.25
"1750","US",2023,289,10,1.7,18.9,4,"2022-2024",10.3
"1751","US",2023,290,10.6,1.1,24.4,4,"2022-2024",12.75
"1752","US",2023,291,16.1,10,21.7,4,"2022-2024",15.85
"1753","US",2023,292,16.3,10,26.7,4,"2022-2024",18.35
"1754","US",2023,293,16.7,6.7,30.6,4,"2022-2024",18.65
"1755","US",2023,294,15.7,5.6,30.6,4,"2022-2024",18.1
"1756","US",2023,295,11.8,3.9,23.3,4,"2022-2024",13.6
"1757","US",2023,296,18.1,3.9,28.9,4,"2022-2024",16.4
"1758","US",2023,297,23.2,20,27.8,4,"2022-2024",23.9
"1759","US",2023,298,14.8,11.7,27.8,4,"2022-2024",19.75
"1760","US",2023,299,18.7,11.7,23.9,4,"2022-2024",17.8
"1761","US",2023,300,6.2,1.7,15.6,4,"2022-2024",8.65
"1762","US",2023,301,-0.1,-2.2,7.2,4,"2022-2024",2.5
"1763","US",2023,302,-0.2,-2.2,3.3,4,"2022-2024",0.55
"1764","US",2023,303,0,-8.3,7.2,4,"2022-2024",-0.55
"1765","US",2023,304,0.3,-8.2,7.2,4,"2022-2024",-0.5
"1766","US",2023,305,-0.5,-7.8,11.7,4,"2022-2024",1.95
"1767","US",2023,306,3.8,-7.8,16.7,4,"2022-2024",4.45
"1768","US",2023,307,11.6,2.8,17.8,4,"2022-2024",10.3
"1769","US",2023,308,6.6,-1.1,17.8,4,"2022-2024",8.35
"1770","US",2023,309,9.9,-1,20.6,4,"2022-2024",9.8
"1771","US",2023,310,14.3,2.2,21.7,4,"2022-2024",11.95
"1772","US",2023,311,9,0,21.7,4,"2022-2024",10.85
"1773","US",2023,312,12.5,0,21.7,4,"2022-2024",10.85
"1774","US",2023,313,7.8,-4.4,21.7,4,"2022-2024",8.65
"1775","US",2023,314,3.4,-6.1,17.8,4,"2022-2024",5.85
"1776","US",2023,315,7.1,-6,14.4,4,"2022-2024",4.2
"1777","US",2023,316,10.9,1.1,22.2,4,"2022-2024",11.65
"1778","US",2023,317,7.6,-3.9,22.2,4,"2022-2024",9.15
"1779","US",2023,318,11.9,-3.2,22.2,4,"2022-2024",9.5
"1780","US",2023,319,11.4,-1.1,22.2,4,"2022-2024",10.55
"1781","US",2023,320,13.1,8.3,18.9,4,"2022-2024",13.6
"1782","US",2023,321,6.5,-3.9,18.9,4,"2022-2024",7.5
"1783","US",2023,322,6.5,-2.2,20,4,"2022-2024",8.9
"1784","US",2023,323,6.7,-2.1,20,4,"2022-2024",8.95
"1785","US",2023,324,7.6,0.6,11.1,4,"2022-2024",5.85
"1786","US",2023,325,6.1,2.2,8.3,4,"2022-2024",5.25
"1787","US",2023,326,2.8,-5.6,15.6,4,"2022-2024",5
"1788","US",2023,327,3.4,-5.5,15.6,4,"2022-2024",5.05
"1789","US",2023,328,-2.8,-5.6,6.1,4,"2022-2024",0.25
"1790","US",2023,329,-2.5,-5,-1.1,4,"2022-2024",-3.05
"1791","US",2023,330,-1.2,-6.1,5,4,"2022-2024",-0.55
"1792","US",2023,331,-1.5,-9.4,6.7,4,"2022-2024",-1.35
"1793","US",2023,332,-1.3,-8.9,10.6,4,"2022-2024",0.85
"1794","US",2023,333,3.3,-8.9,15,4,"2022-2024",3.05
"1795","US",2023,334,2.4,-5.5,15,4,"2022-2024",4.75
"1796","US",2023,335,0.3,-5,9.4,4,"2022-2024",2.2
"1797","US",2023,336,-3,-10.6,6.1,4,"2022-2024",-2.25
"1798","US",2023,337,-0.8,-10.6,4.4,4,"2022-2024",-3.1
"1799","US",2023,338,-1.1,-8.3,6.7,4,"2022-2024",-0.8
"1800","US",2023,339,4.9,1.1,9.4,4,"2022-2024",5.25
"1801","US",2023,340,2.5,-3.9,14.4,4,"2022-2024",5.25
"1802","US",2023,341,7.7,-3.8,16.7,4,"2022-2024",6.45
"1803","US",2023,342,7.9,0.6,16.7,4,"2022-2024",8.65
"1804","US",2023,343,4.6,1.7,15,4,"2022-2024",8.35
"1805","US",2023,344,1.1,-7.2,8.9,4,"2022-2024",0.85
"1806","US",2023,345,0.2,-7.8,11.7,4,"2022-2024",1.95
"1807","US",2023,346,0.8,-7.8,11.7,4,"2022-2024",1.95
"1808","US",2023,347,0.3,-6.7,8.3,4,"2022-2024",0.8
"1809","US",2023,348,0.5,-6.1,11.1,4,"2022-2024",2.5
"1810","US",2023,349,5.1,3.9,7.8,4,"2022-2024",5.85
"1811","US",2023,350,4,2.8,6.1,4,"2022-2024",4.45
"1812","US",2023,351,2.9,-5,11.7,4,"2022-2024",3.35
"1813","US",2023,352,0.4,-3.9,11.7,4,"2022-2024",3.9
"1814","US",2023,353,1.2,-5.6,10.6,4,"2022-2024",2.5
"1815","US",2023,354,1.2,-5.6,10.6,4,"2022-2024",2.5
"1816","US",2023,355,4.9,-5.5,12.2,4,"2022-2024",3.35
"1817","US",2023,356,8.4,-1.6,12.2,4,"2022-2024",5.3
"1818","US",2023,357,2.2,-5,12.8,4,"2022-2024",3.9
"1819","US",2023,358,11.4,-4.9,14.4,4,"2022-2024",4.75
"1820","US",2023,359,-0.3,-3.3,2.8,4,"2022-2024",-0.25
"1821","US",2023,360,-2.2,-3.3,1.7,4,"2022-2024",-0.8
"1822","US",2023,361,-1.1,-3.3,1.1,4,"2022-2024",-1.1
"1823","US",2023,362,-2.4,-7.8,1.7,4,"2022-2024",-3.05
"1824","US",2023,363,1.1,-6,6.1,4,"2022-2024",0.0499999999999998
"1825","US",2023,364,0.9,-5,8.3,4,"2022-2024",1.65
"1826","US",2023,365,-1.2,-5,8.3,4,"2022-2024",1.65
"1827","US",2024,1,-4.9,-10.6,1.7,4,"2022-2024",-4.45
"1828","US",2024,2,-1.4,-10,7.2,4,"2022-2024",-1.4
"1829","US",2024,3,-2.2,-7.8,7.2,4,"2022-2024",-0.3
"1830","US",2024,4,-1.6,-7.2,5.6,4,"2022-2024",-0.8
"1831","US",2024,5,-0.2,-1.7,1.1,4,"2022-2024",-0.3
"1832","US",2024,6,0.1,-1.1,2.2,4,"2022-2024",0.55
"1833","US",2024,7,-0.8,-5,2.2,4,"2022-2024",-1.4
"1834","US",2024,8,0.8,-2.1,2.2,4,"2022-2024",0.05
"1835","US",2024,9,-3.2,-7.2,2.2,4,"2022-2024",-2.5
"1836","US",2024,10,-6.7,-11.7,1.1,4,"2022-2024",-5.3
"1837","US",2024,11,-8.2,-12.2,0.6,4,"2022-2024",-5.8
"1838","US",2024,12,-13.8,-15.6,-11.7,4,"2022-2024",-13.65
"1839","US",2024,13,-18.8,-23.3,-13.9,4,"2022-2024",-18.6
"1840","US",2024,14,-24.5,-27.8,-16.7,4,"2022-2024",-22.25
"1841","US",2024,15,-20.8,-27.8,-16.7,4,"2022-2024",-22.25
"1842","US",2024,16,-19.1,-27.2,-12.8,4,"2022-2024",-20
"1843","US",2024,17,-13.2,-23.3,-3.9,4,"2022-2024",-13.6
"1844","US",2024,18,-8.6,-18.3,-3.9,4,"2022-2024",-11.1
"1845","US",2024,19,-15.8,-20,-5.6,4,"2022-2024",-12.8
"1846","US",2024,20,-20.1,-27.2,-13.3,4,"2022-2024",-20.25
"1847","US",2024,21,-11,-16.7,-2.2,4,"2022-2024",-9.45
"1848","US",2024,22,-0.7,-3.3,1.7,4,"2022-2024",-0.8
"1849","US",2024,23,1.1,-1,2.2,4,"2022-2024",0.6
"1850","US",2024,24,1.3,0.6,3.3,4,"2022-2024",1.95
"1851","US",2024,25,1.4,0.6,3.3,4,"2022-2024",1.95
"1852","US",2024,26,0.6,0,2.8,4,"2022-2024",1.4
"1853","US",2024,27,0.4,-1.7,6.1,4,"2022-2024",2.2
"1854","US",2024,28,-0.3,-5.6,8.9,4,"2022-2024",1.65
"1855","US",2024,29,1.9,-5.6,11.1,4,"2022-2024",2.75
"1856","US",2024,30,5.2,-4.3,11.7,4,"2022-2024",3.7
"1857","US",2024,31,3.7,-2.8,16.1,4,"2022-2024",6.65
"1858","US",2024,32,8.2,-2.7,18.3,4,"2022-2024",7.8
"1859","US",2024,33,8.2,1.1,18.3,4,"2022-2024",9.7
"1860","US",2024,34,6.4,1.1,17.2,4,"2022-2024",9.15
"1861","US",2024,35,4.8,2.8,7.8,4,"2022-2024",5.3
"1862","US",2024,36,2.2,-2.2,10,4,"2022-2024",3.9
"1863","US",2024,37,3.1,-3.3,13.3,4,"2022-2024",5
"1864","US",2024,38,10,5.6,13.9,4,"2022-2024",9.75
"1865","US",2024,39,10.8,7.2,13.9,4,"2022-2024",10.55
"1866","US",2024,40,3.1,-5,12.2,4,"2022-2024",3.6
"1867","US",2024,41,1.9,-4.4,9.4,4,"2022-2024",2.5
"1868","US",2024,42,1.3,-1.7,6.1,4,"2022-2024",2.2
"1869","US",2024,43,1.6,-6.7,12.8,4,"2022-2024",3.05
"1870","US",2024,44,4.9,-5,13.9,4,"2022-2024",4.45
"1871","US",2024,45,4.8,-5.6,18.9,4,"2022-2024",6.65
"1872","US",2024,46,2.4,-6.7,18.9,4,"2022-2024",6.1
"1873","US",2024,47,-1.4,-5,6.1,4,"2022-2024",0.55
"1874","US",2024,48,-6.7,-12.2,5,4,"2022-2024",-3.6
"1875","US",2024,49,2.1,-12.2,12.2,4,"2022-2024",0
"1876","US",2024,50,2,-8.9,15.6,4,"2022-2024",3.35
"1877","US",2024,51,5.4,-8.9,21.7,4,"2022-2024",6.4
"1878","US",2024,52,9.9,-5.5,22.2,4,"2022-2024",8.35
"1879","US",2024,53,10.9,-2.1,22.2,4,"2022-2024",10.05
"1880","US",2024,54,7.8,-1.7,18.9,4,"2022-2024",8.6
"1881","US",2024,55,5.3,-6.7,19.4,4,"2022-2024",6.35
"1882","US",2024,56,7.3,-6.1,20.6,4,"2022-2024",7.25
"1883","US",2024,57,10.2,-2.8,NA,4,"2022-2024",NA
"1884","US",2024,58,6.6,-5.6,NA,4,"2022-2024",NA
"1885","US",2024,59,-6.6,-12.2,3.9,4,"2022-2024",-4.15
"1886","US",2024,60,4.1,-12.2,16.1,4,"2022-2024",1.95
"1887","US",2024,61,6.2,-1.7,16.1,4,"2022-2024",7.2
"1888","US",2024,62,8.8,-1.6,22.2,4,"2022-2024",10.3
"1889","US",2024,63,16.7,13.3,21.1,4,"2022-2024",17.2
"1890","US",2024,64,9.1,1.1,21.7,4,"2022-2024",11.4
"1891","US",2024,65,4.2,-6.7,15,4,"2022-2024",4.15
"1892","US",2024,66,4.1,-6.7,15,4,"2022-2024",4.15
"1893","US",2024,67,8.9,-6,15,4,"2022-2024",4.5
"1894","US",2024,68,3.9,-1.1,13.3,4,"2022-2024",6.1
"1895","US",2024,69,2.6,-7.8,13.3,4,"2022-2024",2.75
"1896","US",2024,70,4.8,-8.3,21.1,4,"2022-2024",6.4
"1897","US",2024,71,12.9,3.9,25,4,"2022-2024",14.45
"1898","US",2024,72,14.8,2.8,25,4,"2022-2024",13.9
"1899","US",2024,73,10.6,0,23.3,4,"2022-2024",11.65
"1900","US",2024,74,11.9,9,18.9,4,"2022-2024",13.95
"1901","US",2024,75,8.8,2.8,15,4,"2022-2024",8.9
"1902","US",2024,76,10.3,2.8,15.6,4,"2022-2024",9.2
"1903","US",2024,77,3.2,-3.3,15.6,4,"2022-2024",6.15
"1904","US",2024,78,-1.3,-8.9,6.7,4,"2022-2024",-1.1
"1905","US",2024,79,8.3,-0.6,20,4,"2022-2024",9.7
"1906","US",2024,80,5.7,0,20.6,4,"2022-2024",10.3
"1907","US",2024,81,5.1,-1.7,15,4,"2022-2024",6.65
"1908","US",2024,82,5.6,-1.6,15,4,"2022-2024",6.7
"1909","US",2024,83,-0.2,-2.2,7.8,4,"2022-2024",2.8
"1910","US",2024,84,3.9,-2.2,11.7,4,"2022-2024",4.75
"1911","US",2024,85,7.1,-1.6,11.7,4,"2022-2024",5.05
"1912","US",2024,86,-1.2,-3.3,10,4,"2022-2024",3.35
"1913","US",2024,87,-1.4,-8.9,9.4,4,"2022-2024",0.25
"1914","US",2024,88,8.6,0.6,21.7,4,"2022-2024",11.15
"1915","US",2024,89,14.4,9.4,21.7,4,"2022-2024",15.55
"1916","US",2024,90,8.7,2.2,15,4,"2022-2024",8.6
"1917","US",2024,91,8.5,1.7,14.4,4,"2022-2024",8.05
"1918","US",2024,92,9.3,7.8,12.8,4,"2022-2024",10.3
"1919","US",2024,93,7.4,3.9,15,4,"2022-2024",9.45
"1920","US",2024,94,8,2.8,15.6,4,"2022-2024",9.2
"1921","US",2024,95,8.2,-1.1,17.8,4,"2022-2024",8.35
"1922","US",2024,96,7.4,-3.3,18.3,4,"2022-2024",7.5
"1923","US",2024,97,13.1,6.1,21.1,4,"2022-2024",13.6
"1924","US",2024,98,11.6,5.6,16.1,4,"2022-2024",10.85
"1925","US",2024,99,11.3,3.9,19.4,4,"2022-2024",11.65
"1926","US",2024,100,10.7,0,21.1,4,"2022-2024",10.55
"1927","US",2024,101,13.1,2.2,23.3,4,"2022-2024",12.75
"1928","US",2024,102,13.3,6.7,20.6,4,"2022-2024",13.65
"1929","US",2024,103,11.4,1.7,20.6,4,"2022-2024",11.15
"1930","US",2024,104,17.2,7.8,31.1,4,"2022-2024",19.45
"1931","US",2024,105,21.8,8.3,31.1,4,"2022-2024",19.7
"1932","US",2024,106,20.2,9.4,30.6,4,"2022-2024",20
"1933","US",2024,107,20.8,15.6,26.1,4,"2022-2024",20.85
"1934","US",2024,108,15.6,10.6,22.2,4,"2022-2024",16.4
"1935","US",2024,109,11.6,6.1,22.2,4,"2022-2024",14.15
"1936","US",2024,110,8.6,1.1,15,4,"2022-2024",8.05
"1937","US",2024,111,6.6,-1.1,15,4,"2022-2024",6.95
"1938","US",2024,112,7.1,-3.3,17.8,4,"2022-2024",7.25
"1939","US",2024,113,13.3,-3.2,26.1,4,"2022-2024",11.45
"1940","US",2024,114,16.7,2.2,26.1,4,"2022-2024",14.15
"1941","US",2024,115,12.1,2.2,22.2,4,"2022-2024",12.2
"1942","US",2024,116,14.6,11.7,20.6,4,"2022-2024",16.15
"1943","US",2024,117,15.1,11.7,23.9,4,"2022-2024",17.8
"1944","US",2024,118,15.9,8.9,23.9,4,"2022-2024",16.4
"1945","US",2024,119,14.9,9.4,19.4,4,"2022-2024",14.4
"1946","US",2024,120,13.6,6.7,22.8,4,"2022-2024",14.75
"1947","US",2024,121,19.1,9.4,27.8,4,"2022-2024",18.6
"1948","US",2024,122,15.2,7.8,24.4,4,"2022-2024",16.1
"1949","US",2024,123,14.1,7.8,20.6,4,"2022-2024",14.2
"1950","US",2024,124,14.3,5.6,23.3,4,"2022-2024",14.45
"1951","US",2024,125,15.2,5.6,23.3,4,"2022-2024",14.45
"1952","US",2024,126,11.7,3.9,20,4,"2022-2024",11.95
"1953","US",2024,127,15.7,3.9,20.6,4,"2022-2024",12.25
"1954","US",2024,128,16.8,7.8,25,4,"2022-2024",16.4
"1955","US",2024,129,19.6,7.8,25,4,"2022-2024",16.4
"1956","US",2024,130,17.1,10,25,4,"2022-2024",17.5
"1957","US",2024,131,17.7,8.3,27.2,4,"2022-2024",17.75
"1958","US",2024,132,18.3,6.7,28.9,4,"2022-2024",17.8
"1959","US",2024,133,20.9,6.7,28.9,4,"2022-2024",17.8
"1960","US",2024,134,17.9,15,26.7,4,"2022-2024",20.85
"1961","US",2024,135,16.4,7.2,26.1,4,"2022-2024",16.65
"1962","US",2024,136,19.6,7.2,26.1,4,"2022-2024",16.65
"1963","US",2024,137,19,12.2,27.2,4,"2022-2024",19.7
"1964","US",2024,138,21.2,12.2,30,4,"2022-2024",21.1
"1965","US",2024,139,22.9,13.3,30,4,"2022-2024",21.65
"1966","US",2024,140,17.4,11.7,28.3,4,"2022-2024",20
"1967","US",2024,141,20.9,12.2,30,4,"2022-2024",21.1
"1968","US",2024,142,21.5,12.2,30,4,"2022-2024",21.1
"1969","US",2024,143,17.3,11.1,24.4,4,"2022-2024",17.75
"1970","US",2024,144,19.2,10,27.8,4,"2022-2024",18.9
"1971","US",2024,145,20.8,10,27.8,4,"2022-2024",18.9
"1972","US",2024,146,18.3,10,27.8,4,"2022-2024",18.9
"1973","US",2024,147,22.3,10,27.8,4,"2022-2024",18.9
"1974","US",2024,148,21.6,14.4,27.8,4,"2022-2024",21.1
"1975","US",2024,149,20.3,9.4,28.9,4,"2022-2024",19.15
"1976","US",2024,150,20.2,9.4,28.9,4,"2022-2024",19.15
"1977","US",2024,151,21.8,11.7,27.8,4,"2022-2024",19.75
"1978","US",2024,152,20.1,15,26.1,4,"2022-2024",20.55
"1979","US",2024,153,20.3,16.7,26.7,4,"2022-2024",21.7
"1980","US",2024,154,22.3,17.2,29.4,4,"2022-2024",23.3
"1981","US",2024,155,23.2,16.1,30,4,"2022-2024",23.05
"1982","US",2024,156,23.3,16.1,30,4,"2022-2024",23.05
"1983","US",2024,157,20.5,10,32.8,4,"2022-2024",21.4
"1984","US",2024,158,23.3,10,32.8,4,"2022-2024",21.4
"1985","US",2024,159,23.3,12.2,33.3,4,"2022-2024",22.75
"1986","US",2024,160,21.9,12.2,33.3,4,"2022-2024",22.75
"1987","US",2024,161,21.4,15,28.9,4,"2022-2024",21.95
"1988","US",2024,162,21.6,12.2,29.4,4,"2022-2024",20.8
"1989","US",2024,163,24.3,12.2,33.3,4,"2022-2024",22.75
"1990","US",2024,164,26.7,16.7,34.4,4,"2022-2024",25.55
"1991","US",2024,165,28.3,18.3,34.4,4,"2022-2024",26.35
"1992","US",2024,166,26.2,17.2,33.9,4,"2022-2024",25.55
"1993","US",2024,167,25.4,17.2,33.3,4,"2022-2024",25.25
"1994","US",2024,168,25.8,20,32.8,4,"2022-2024",26.4
"1995","US",2024,169,27.8,20.6,33.3,4,"2022-2024",26.95
"1996","US",2024,170,28.3,20.6,33.3,4,"2022-2024",26.95
"1997","US",2024,171,20.4,17.8,32.2,4,"2022-2024",25
"1998","US",2024,172,23.1,17.8,32.2,4,"2022-2024",25
"1999","US",2024,173,28.1,18.9,33.3,4,"2022-2024",26.1
"2000","US",2024,174,28.4,22.2,33.3,4,"2022-2024",27.75
"2001","US",2024,175,25.5,17.2,33.3,4,"2022-2024",25.25
"2002","US",2024,176,29.9,17.2,39.4,4,"2022-2024",28.3
"2003","US",2024,177,32.1,21.7,39.4,4,"2022-2024",30.55
"2004","US",2024,178,26.8,19.4,37.8,4,"2022-2024",28.6
"2005","US",2024,179,24.3,19.4,31.7,4,"2022-2024",25.55
"2006","US",2024,180,27.4,19.4,32.8,4,"2022-2024",26.1
"2007","US",2024,181,25.4,21.1,32.8,4,"2022-2024",26.95
"2008","US",2024,182,20.1,12.2,27.8,4,"2022-2024",20
"2009","US",2024,183,21.3,15,26.7,4,"2022-2024",20.85
"2010","US",2024,184,24.4,17.8,28.9,4,"2022-2024",23.35
"2011","US",2024,185,22.1,14.4,28.9,4,"2022-2024",21.65
"2012","US",2024,186,23.8,14.4,28.9,4,"2022-2024",21.65
"2013","US",2024,187,23,17.2,28.9,4,"2022-2024",23.05
"2014","US",2024,188,23.5,16.1,30,4,"2022-2024",23.05
"2015","US",2024,189,20.9,15.6,30,4,"2022-2024",22.8
"2016","US",2024,190,22.2,14.4,29.4,4,"2022-2024",21.9
"2017","US",2024,191,23.9,14.4,30.6,4,"2022-2024",22.5
"2018","US",2024,192,25.6,16.1,32.8,4,"2022-2024",24.45
"2019","US",2024,193,23.2,16.7,32.8,4,"2022-2024",24.75
"2020","US",2024,194,25.9,16.7,32.2,4,"2022-2024",24.45
"2021","US",2024,195,28.5,20.6,33.9,4,"2022-2024",27.25
"2022","US",2024,196,28.4,20.6,35.6,4,"2022-2024",28.1
"2023","US",2024,197,29.7,20.6,36.7,4,"2022-2024",28.65
"2024","US",2024,198,26.2,21.7,36.7,4,"2022-2024",29.2
"2025","US",2024,199,23.4,17.2,28.9,4,"2022-2024",23.05
"2026","US",2024,200,22,14.4,30,4,"2022-2024",22.2
"2027","US",2024,201,22.6,14.4,30,4,"2022-2024",22.2
"2028","US",2024,202,21.8,16.7,28.3,4,"2022-2024",22.5
"2029","US",2024,203,23.1,17.2,28.9,4,"2022-2024",23.05
"2030","US",2024,204,23.2,16.7,29.4,4,"2022-2024",23.05
"2031","US",2024,205,24,16.7,30.6,4,"2022-2024",23.65
"2032","US",2024,206,25.8,17.2,33.9,4,"2022-2024",25.55
"2033","US",2024,207,27,17.2,34.4,4,"2022-2024",25.8
"2034","US",2024,208,27.9,18.9,34.4,4,"2022-2024",26.65
"2035","US",2024,209,27.6,21.1,34.4,4,"2022-2024",27.75
"2036","US",2024,210,26.6,20.6,33.3,4,"2022-2024",26.95
"2037","US",2024,211,27.9,20.6,36.7,4,"2022-2024",28.65
"2038","US",2024,212,29.3,20.6,36.7,4,"2022-2024",28.65
"2039","US",2024,213,30.2,20,37.2,4,"2022-2024",28.6
"2040","US",2024,215,26.4,18.9,33.9,4,"2022-2024",26.4
"2041","US",2024,216,27.7,18.9,35,4,"2022-2024",26.95
"2042","US",2024,217,28.1,20.6,36.7,4,"2022-2024",28.65
"2043","US",2024,218,30,20.6,37.8,4,"2022-2024",29.2
"2044","US",2024,219,23.3,17.8,37.8,4,"2022-2024",27.8
"2045","US",2024,220,21.3,13.9,31.1,4,"2022-2024",22.5
"2046","US",2024,221,23.3,13.9,31.1,4,"2022-2024",22.5
"2047","US",2024,222,17.8,12.2,25,4,"2022-2024",18.6
"2048","US",2024,223,18.6,12.2,24.4,4,"2022-2024",18.3
"2049","US",2024,224,19.4,12.8,24.4,4,"2022-2024",18.6
"2050","US",2024,225,21.1,18,25.6,4,"2022-2024",21.8
"2051","US",2024,226,21.6,17.2,26.7,4,"2022-2024",21.95
"2052","US",2024,227,24.3,18.9,31.1,4,"2022-2024",25
"2053","US",2024,228,25.1,19.4,31.7,4,"2022-2024",25.55
"2054","US",2024,229,25.9,18.9,33.3,4,"2022-2024",26.1
"2055","US",2024,230,24.5,17.8,33.3,4,"2022-2024",25.55
"2056","US",2024,231,20.9,17.2,29.4,4,"2022-2024",23.3
"2057","US",2024,232,22.7,18.3,29.4,4,"2022-2024",23.85
"2058","US",2024,233,22.2,17.8,30,4,"2022-2024",23.9
"2059","US",2024,234,23.1,17.8,28.9,4,"2022-2024",23.35
"2060","US",2024,235,21.9,17.2,28.9,4,"2022-2024",23.05
"2061","US",2024,236,23.6,17.2,31.7,4,"2022-2024",24.45
"2062","US",2024,237,26.5,18.9,35.6,4,"2022-2024",27.25
"2063","US",2024,238,30.4,21.1,40,4,"2022-2024",30.55
"2064","US",2024,239,30.8,22.2,40,4,"2022-2024",31.1
"2065","US",2024,240,28.3,21.1,38.3,4,"2022-2024",29.7
"2066","US",2024,241,27.4,21.1,36.7,4,"2022-2024",28.9
"2067","US",2024,242,28.5,21.1,37.2,4,"2022-2024",29.15
"2068","US",2024,243,23.4,20,28.3,4,"2022-2024",24.15
"2069","US",2024,244,20.5,11.1,31.7,4,"2022-2024",21.4
"2070","US",2024,245,22.2,11.1,31.7,4,"2022-2024",21.4
"2071","US",2024,246,18.5,9.4,27.8,4,"2022-2024",18.6
"2072","US",2024,247,20.5,9.4,30,4,"2022-2024",19.7
"2073","US",2024,248,22.4,12.2,33.3,4,"2022-2024",22.75
"2074","US",2024,249,23.3,13.3,33.3,4,"2022-2024",23.3
"2075","US",2024,250,18.8,11.1,28.3,4,"2022-2024",19.7
"2076","US",2024,251,15.8,5.6,26.1,4,"2022-2024",15.85
"2077","US",2024,252,18.9,5.6,28.3,4,"2022-2024",16.95
"2078","US",2024,253,21.8,8.9,33.3,4,"2022-2024",21.1
"2079","US",2024,254,25.8,12.2,35,4,"2022-2024",23.6
"2080","US",2024,255,24.3,13.9,35,4,"2022-2024",24.45
"2081","US",2024,256,22.6,12.2,32.8,4,"2022-2024",22.5
"2082","US",2024,257,24.2,12.2,32.2,4,"2022-2024",22.2
"2083","US",2024,258,22.6,14.4,32.2,4,"2022-2024",23.3
"2084","US",2024,259,25.3,16.1,33.9,4,"2022-2024",25
"2085","US",2024,260,26.2,18.9,34.4,4,"2022-2024",26.65
"2086","US",2024,261,25.8,19.4,34.4,4,"2022-2024",26.9
"2087","US",2024,262,26.2,20,33.9,4,"2022-2024",26.95
"2088","US",2024,263,27.1,20,33.9,4,"2022-2024",26.95
"2089","US",2024,264,23.7,11.1,35.6,4,"2022-2024",23.35
"2090","US",2024,265,26.3,20,32.2,4,"2022-2024",26.1
"2091","US",2024,266,18.6,14.4,33.3,4,"2022-2024",23.85
"2092","US",2024,267,17.2,13.3,24.4,4,"2022-2024",18.85
"2093","US",2024,268,18.3,10,27.8,4,"2022-2024",18.9
"2094","US",2024,269,17.9,8.9,29.4,4,"2022-2024",19.15
"2095","US",2024,270,18.9,8.3,30,4,"2022-2024",19.15
"2096","US",2024,271,19.8,8.3,31.1,4,"2022-2024",19.7
"2097","US",2024,272,20.6,8.9,33.3,4,"2022-2024",21.1
"2098","US",2024,273,20.4,10,33.3,4,"2022-2024",21.65
"2099","US",2024,274,21.3,8.9,34.4,4,"2022-2024",21.65
"2100","US",2024,275,17.3,10,25.6,4,"2022-2024",17.8
"2101","US",2024,276,16.4,5.6,29.4,4,"2022-2024",17.5
"2102","US",2024,277,18.8,5.6,29.4,4,"2022-2024",17.5
"2103","US",2024,278,18.1,8.9,28.9,4,"2022-2024",18.9
"2104","US",2024,279,20.8,9.4,36.1,4,"2022-2024",22.75
"2105","US",2024,280,16.1,6.7,25.6,4,"2022-2024",16.15
"2106","US",2024,281,12.1,1.7,24.4,4,"2022-2024",13.05
"2107","US",2024,282,16.7,2.8,27.8,4,"2022-2024",15.3
"2108","US",2024,283,17.6,5,30,4,"2022-2024",17.5
"2109","US",2024,284,20.9,5,32.8,4,"2022-2024",18.9
"2110","US",2024,285,22.1,10,32.8,4,"2022-2024",21.4
"2111","US",2024,286,19.3,8.9,30,4,"2022-2024",19.45
"2112","US",2024,287,13.3,7.2,26.7,4,"2022-2024",16.95
"2113","US",2024,288,8.2,-1.1,18.3,4,"2022-2024",8.6
"2114","US",2024,289,9.9,-1,17.8,4,"2022-2024",8.4
"2115","US",2024,290,5.6,-5,18.3,4,"2022-2024",6.65
"2116","US",2024,291,13.8,5.6,24.4,4,"2022-2024",15
"2117","US",2024,292,18.4,6.7,27.2,4,"2022-2024",16.95
"2118","US",2024,293,20.1,13.3,27.2,4,"2022-2024",20.25
"2119","US",2024,294,20.6,11.7,28.9,4,"2022-2024",20.3
"2120","US",2024,295,18.1,11.7,28.9,4,"2022-2024",20.3
"2121","US",2024,296,16.9,10,27.2,4,"2022-2024",18.6
"2122","US",2024,297,14.8,10,26.7,4,"2022-2024",18.35
"2123","US",2024,298,13.7,3.9,25.6,4,"2022-2024",14.75
"2124","US",2024,299,14.4,3.9,25.6,4,"2022-2024",14.75
"2125","US",2024,300,7.3,0,18.9,4,"2022-2024",9.45
"2126","US",2024,301,11.9,0,23.9,4,"2022-2024",11.95
"2127","US",2024,302,18.4,13.3,25,4,"2022-2024",19.15
"2128","US",2024,303,20.4,9.4,28.9,4,"2022-2024",19.15
"2129","US",2024,304,17.2,9.4,28.9,4,"2022-2024",19.15
"2130","US",2024,305,8.9,4.4,12.8,4,"2022-2024",8.6
"2131","US",2024,306,8.7,-0.6,18.3,4,"2022-2024",8.85
"2132","US",2024,307,8.4,-0.5,18.3,4,"2022-2024",8.9
"2133","US",2024,308,15,12,21.1,4,"2022-2024",16.55
"2134","US",2024,309,15.1,11.1,21.7,4,"2022-2024",16.4
"2135","US",2024,310,9.9,7.8,17.2,4,"2022-2024",12.5
"2136","US",2024,311,6.7,0.6,14.4,4,"2022-2024",7.5
"2137","US",2024,312,8.8,0.6,15,4,"2022-2024",7.8
"2138","US",2024,313,6.9,2.2,15,4,"2022-2024",8.6
"2139","US",2024,314,11.1,2.2,16.1,4,"2022-2024",9.15
"2140","US",2024,315,10.3,5,16.1,4,"2022-2024",10.55
"2141","US",2024,316,8,1.1,15.6,4,"2022-2024",8.35
"2142","US",2024,317,7.4,2.2,16.7,4,"2022-2024",9.45
"2143","US",2024,318,9.9,2.8,16.7,4,"2022-2024",9.75
"2144","US",2024,319,7.8,-0.6,17.2,4,"2022-2024",8.3
"2145","US",2024,320,8.7,-1.7,21.1,4,"2022-2024",9.7
"2146","US",2024,321,13.1,10,17.8,4,"2022-2024",13.9
"2147","US",2024,322,7.9,0,17.8,4,"2022-2024",8.9
"2148","US",2024,323,9.1,3.9,17.2,4,"2022-2024",10.55
"2149","US",2024,324,10.7,6.1,16.1,4,"2022-2024",11.1
"2150","US",2024,325,6.3,2.2,10.6,4,"2022-2024",6.4
"2151","US",2024,326,3,-1.1,7.2,4,"2022-2024",3.05
"2152","US",2024,327,0.1,-6.7,10,4,"2022-2024",1.65
"2153","US",2024,328,5.3,-6.1,16.7,4,"2022-2024",5.3
"2154","US",2024,329,7.2,-2.1,16.7,4,"2022-2024",7.3
"2155","US",2024,330,1.9,-3.3,13.3,4,"2022-2024",5
"2156","US",2024,331,-0.3,-7.2,8.9,4,"2022-2024",0.85
"2157","US",2024,332,0.7,-7.2,8.9,4,"2022-2024",0.85
"2158","US",2024,333,-0.3,-2.2,3.9,4,"2022-2024",0.85
"2159","US",2024,334,-4.9,-11.1,3.9,4,"2022-2024",-3.6
"2160","US",2024,335,-4.7,-11.1,0,4,"2022-2024",-5.55
"2161","US",2024,336,-4.7,-10.6,1.7,4,"2022-2024",-4.45
"2162","US",2024,337,-3.6,-11.1,2.2,4,"2022-2024",-4.45
"2163","US",2024,338,-3.8,-9.4,5.6,4,"2022-2024",-1.9
"2164","US",2024,339,3.6,-9.4,11.1,4,"2022-2024",0.85
"2165","US",2024,340,-5.6,-11.1,5.6,4,"2022-2024",-2.75
"2166","US",2024,341,-1.9,-11.1,11.1,4,"2022-2024",0
"2167","US",2024,342,4.2,-9.4,20,4,"2022-2024",5.3
"2168","US",2024,343,8.1,-4.9,20,4,"2022-2024",7.55
"2169","US",2024,344,4.1,-4.4,16.7,4,"2022-2024",6.15
"2170","US",2024,345,0.7,-7.2,11.7,4,"2022-2024",2.25
"2171","US",2024,346,-1.9,-8.3,7.2,4,"2022-2024",-0.55
"2172","US",2024,347,-6,-7.2,0.6,4,"2022-2024",-3.3
"2173","US",2024,348,-7,-11.1,-0.6,4,"2022-2024",-5.85
"2174","US",2024,349,1.1,-1.1,2.8,4,"2022-2024",0.85
"2175","US",2024,350,3,0.6,11.1,4,"2022-2024",5.85
"2176","US",2024,351,4.9,-2.2,12.8,4,"2022-2024",5.3
"2177","US",2024,352,0.4,-5.6,12.8,4,"2022-2024",3.6
"2178","US",2024,353,0.2,-5.6,6.7,4,"2022-2024",0.55
"2179","US",2024,354,3.5,-2.8,15,4,"2022-2024",6.1
"2180","US",2024,355,-6.9,-11.7,1.1,4,"2022-2024",-5.3
"2181","US",2024,356,-6,-12.8,3.9,4,"2022-2024",-4.45
"2182","US",2024,357,1.2,-12.8,13.3,4,"2022-2024",0.25
"2183","US",2024,358,5.6,-4.9,13.3,4,"2022-2024",4.2
"2184","US",2024,359,-1.3,-5.6,8.9,4,"2022-2024",1.65
"2185","US",2024,360,-0.9,-2.2,3,4,"2022-2024",0.4
"2186","US",2024,361,3.7,-2.1,5.6,4,"2022-2024",1.75
"2187","US",2024,362,6.1,2.8,10,4,"2022-2024",6.4
"2188","US",2024,363,5,-4.4,16.1,4,"2022-2024",5.85
"2189","US",2024,364,7.6,-3.2,16.1,4,"2022-2024",6.45
"2190","US",2024,365,3.8,-0.6,13.9,4,"2022-2024",6.65
"2191","US",2024,366,0.9,-1.1,6.1,4,"2022-2024",2.5
"2192","US",1982,1,-7.7,-11.1,-3.9,3,"1982-1984",-7.5
"2193","US",1982,2,-0.7,-11.1,3.3,3,"1982-1984",-3.9
"2194","US",1982,3,1,-2.8,5,3,"1982-1984",1.1
"2195","US",1982,4,-4,-7.3,1.7,3,"1982-1984",-2.8
"2196","US",1982,5,-1.2,-7.8,8.3,3,"1982-1984",0.25
"2197","US",1982,6,-2.3,-7.2,8.9,3,"1982-1984",0.85
"2198","US",1982,7,-9.8,-12.3,-6.7,3,"1982-1984",-9.5
"2199","US",1982,8,-7.8,-13.4,1.7,3,"1982-1984",-5.85
"2200","US",1982,9,-7.6,-13.4,2.2,3,"1982-1984",-5.6
"2201","US",1982,10,-20.6,-28.3,-12.8,3,"1982-1984",-20.55
"2202","US",1982,11,-16.1,-28.3,-8.9,3,"1982-1984",-18.6
"2203","US",1982,12,-9.8,-18.9,-7.8,3,"1982-1984",-13.35
"2204","US",1982,13,-11.4,-15.6,-7.8,3,"1982-1984",-11.7
"2205","US",1982,14,-13.1,-17.8,-6.7,3,"1982-1984",-12.25
"2206","US",1982,15,-6.9,-17.8,-0.6,3,"1982-1984",-9.2
"2207","US",1982,16,-14.6,-22.2,-0.6,3,"1982-1984",-11.4
"2208","US",1982,17,-16.4,-22.2,-6.7,3,"1982-1984",-14.45
"2209","US",1982,18,-5.7,-8.9,1.7,3,"1982-1984",-3.6
"2210","US",1982,19,-0.6,-9.4,5,3,"1982-1984",-2.2
"2211","US",1982,20,0.1,-3.3,5,3,"1982-1984",0.85
"2212","US",1982,21,0.4,-1.1,2.8,3,"1982-1984",0.85
"2213","US",1982,22,1.2,-0.6,7.2,3,"1982-1984",3.3
"2214","US",1982,23,-4.4,-10.6,8.9,3,"1982-1984",-0.85
"2215","US",1982,24,-7.6,-10.6,-3.3,3,"1982-1984",-6.95
"2216","US",1982,25,-3.4,-10,-0.6,3,"1982-1984",-5.3
"2217","US",1982,26,-8.4,-15.9,1.1,3,"1982-1984",-7.4
"2218","US",1982,27,3.1,-1.7,13.3,3,"1982-1984",5.8
"2219","US",1982,28,4.2,-1.7,13.9,3,"1982-1984",6.1
"2220","US",1982,29,2.8,0,7.2,3,"1982-1984",3.6
"2221","US",1982,30,2.8,0,7.2,3,"1982-1984",3.6
"2222","US",1982,31,-3.8,-6.7,5,3,"1982-1984",-0.85
"2223","US",1982,32,-8.1,-13.3,-2.2,3,"1982-1984",-7.75
"2224","US",1982,33,-5.3,-13.3,0,3,"1982-1984",-6.65
"2225","US",1982,34,-4.4,-9.4,0,3,"1982-1984",-4.7
"2226","US",1982,35,-12.2,-16.7,-1.7,3,"1982-1984",-9.2
"2227","US",1982,36,-9.4,-16.7,-7.8,3,"1982-1984",-12.25
"2228","US",1982,37,-14.1,-21.7,-5,3,"1982-1984",-13.35
"2229","US",1982,38,-6.1,-11.7,3.3,3,"1982-1984",-4.2
"2230","US",1982,39,-3.6,-11.7,3.3,3,"1982-1984",-4.2
"2231","US",1982,40,-10.1,-13.3,-1.1,3,"1982-1984",-7.2
"2232","US",1982,41,-14.9,-21.7,-5.6,3,"1982-1984",-13.65
"2233","US",1982,42,-5.2,-8.9,1.1,3,"1982-1984",-3.9
"2234","US",1982,43,-2.3,-10.6,1.1,3,"1982-1984",-4.75
"2235","US",1982,44,-2.6,-7.8,3.3,3,"1982-1984",-2.25
"2236","US",1982,45,2.9,-7.8,11.7,3,"1982-1984",1.95
"2237","US",1982,46,6.6,-3.3,11.7,3,"1982-1984",4.2
"2238","US",1982,47,6.1,3.3,10.6,3,"1982-1984",6.95
"2239","US",1982,48,2.2,1.7,6.7,3,"1982-1984",4.2
"2240","US",1982,49,1.8,1.1,2.9,3,"1982-1984",2
"2241","US",1982,50,5.8,1.1,16.1,3,"1982-1984",8.6
"2242","US",1982,51,9.9,1.1,16.7,3,"1982-1984",8.9
"2243","US",1982,52,8.1,2.2,16.1,3,"1982-1984",9.15
"2244","US",1982,53,9.2,1.7,21.1,3,"1982-1984",11.4
"2245","US",1982,54,11.9,1.7,21.1,3,"1982-1984",11.4
"2246","US",1982,55,5.6,2.8,18.3,3,"1982-1984",10.55
"2247","US",1982,56,-0.3,-2.8,9.4,3,"1982-1984",3.3
"2248","US",1982,57,-0.3,-2.8,4.4,3,"1982-1984",0.8
"2249","US",1982,58,0.9,-3.9,8.9,3,"1982-1984",2.5
"2250","US",1982,59,3.1,-3.9,12.8,3,"1982-1984",4.45
"2251","US",1982,60,8.3,-3.3,17.8,3,"1982-1984",7.25
"2252","US",1982,61,12.3,1.7,17.8,3,"1982-1984",9.75
"2253","US",1982,62,1.4,-0.6,17.2,3,"1982-1984",8.3
"2254","US",1982,63,-0.3,-1.7,1.7,3,"1982-1984",0
"2255","US",1982,64,-2.4,-6.1,0.6,3,"1982-1984",-2.75
"2256","US",1982,65,-2.2,-5,2.2,3,"1982-1984",-1.4
"2257","US",1982,66,-2.4,-7.2,2.2,3,"1982-1984",-2.5
"2258","US",1982,67,0.5,-7.2,10,3,"1982-1984",1.4
"2259","US",1982,68,-1.3,-11.7,10,3,"1982-1984",-0.85
"2260","US",1982,69,9.9,2.8,20.6,3,"1982-1984",11.7
"2261","US",1982,70,11.7,2.8,21.1,3,"1982-1984",11.95
"2262","US",1982,71,11.4,3.9,25,3,"1982-1984",14.45
"2263","US",1982,72,10.1,2.2,25,3,"1982-1984",13.6
"2264","US",1982,73,8.7,2.2,15.6,3,"1982-1984",8.9
"2265","US",1982,74,9.5,6.1,18.9,3,"1982-1984",12.5
"2266","US",1982,75,17.1,8.3,22.2,3,"1982-1984",15.25
"2267","US",1982,76,12.2,6.1,22.2,3,"1982-1984",14.15
"2268","US",1982,77,11.7,6.1,20.6,3,"1982-1984",13.35
"2269","US",1982,78,11.7,7.8,18.9,3,"1982-1984",13.35
"2270","US",1982,79,14.3,6.6,22.8,3,"1982-1984",14.7
"2271","US",1982,80,6.2,0,18.9,3,"1982-1984",9.45
"2272","US",1982,81,4.5,-0.6,11.7,3,"1982-1984",5.55
"2273","US",1982,82,7.7,-1.1,17.2,3,"1982-1984",8.05
"2274","US",1982,83,12,-1.1,17.2,3,"1982-1984",8.05
"2275","US",1982,84,6.7,2.2,17.2,3,"1982-1984",9.7
"2276","US",1982,85,2.5,-2.8,8.3,3,"1982-1984",2.75
"2277","US",1982,86,2.7,-2.8,8.3,3,"1982-1984",2.75
"2278","US",1982,87,2.9,-3.9,11.1,3,"1982-1984",3.6
"2279","US",1982,88,7.9,-3.9,18.9,3,"1982-1984",7.5
"2280","US",1982,89,17.7,13.3,22.2,3,"1982-1984",17.75
"2281","US",1982,90,14,8.9,22.2,3,"1982-1984",15.55
"2282","US",1982,91,14.1,3.8,25.6,3,"1982-1984",14.7
"2283","US",1982,92,19,15.6,25.6,3,"1982-1984",20.6
"2284","US",1982,93,7.8,0,21.7,3,"1982-1984",10.85
"2285","US",1982,94,5.3,-0.6,12.2,3,"1982-1984",5.8
"2286","US",1982,95,5.7,-0.6,10.6,3,"1982-1984",5
"2287","US",1982,96,-0.7,-5.6,7.8,3,"1982-1984",1.1
"2288","US",1982,97,0.7,-5.6,5,3,"1982-1984",-0.3
"2289","US",1982,98,0.4,-1.1,4.4,3,"1982-1984",1.65
"2290","US",1982,99,2,-0.6,6.7,3,"1982-1984",3.05
"2291","US",1982,100,4.8,-1.2,12.8,3,"1982-1984",5.8
"2292","US",1982,101,9.9,-1.1,21.1,3,"1982-1984",10
"2293","US",1982,102,15.7,1.7,26.7,3,"1982-1984",14.2
"2294","US",1982,103,16.7,7.2,26.7,3,"1982-1984",16.95
"2295","US",1982,104,14.1,6.1,23.9,3,"1982-1984",15
"2296","US",1982,105,17.3,6.1,26.7,3,"1982-1984",16.4
"2297","US",1982,106,21.8,11.1,28.3,3,"1982-1984",19.7
"2298","US",1982,107,12.8,7.7,18.3,3,"1982-1984",13
"2299","US",1982,108,12.2,2.7,20,3,"1982-1984",11.35
"2300","US",1982,109,12.2,8.9,20,3,"1982-1984",14.45
"2301","US",1982,110,10.4,5,15.6,3,"1982-1984",10.3
"2302","US",1982,111,7,0,13.9,3,"1982-1984",6.95
"2303","US",1982,112,9.8,0,16.1,3,"1982-1984",8.05
"2304","US",1982,113,12.2,2.8,20.6,3,"1982-1984",11.7
"2305","US",1982,114,13.4,2.8,21.1,3,"1982-1984",11.95
"2306","US",1982,115,13.8,5,21.1,3,"1982-1984",13.05
"2307","US",1982,116,15.4,10,21.1,3,"1982-1984",15.55
"2308","US",1982,117,12.7,5.6,21.1,3,"1982-1984",13.35
"2309","US",1982,118,11.3,5.6,17.2,3,"1982-1984",11.4
"2310","US",1982,119,12.2,7.2,16.1,3,"1982-1984",11.65
"2311","US",1982,120,13.3,7.2,20,3,"1982-1984",13.6
"2312","US",1982,121,15.7,7.2,21.7,3,"1982-1984",14.45
"2313","US",1982,122,17.4,8.9,23.9,3,"1982-1984",16.4
"2314","US",1982,123,18.7,10.6,25.6,3,"1982-1984",18.1
"2315","US",1982,124,21,12.2,28.3,3,"1982-1984",20.25
"2316","US",1982,125,22.3,14.4,28.3,3,"1982-1984",21.35
"2317","US",1982,126,16.8,12.2,18.9,3,"1982-1984",15.55
"2318","US",1982,127,11.8,4.4,20.6,3,"1982-1984",12.5
"2319","US",1982,128,15.9,4.4,24.4,3,"1982-1984",14.4
"2320","US",1982,129,18.2,7.2,26.1,3,"1982-1984",16.65
"2321","US",1982,130,19.7,10.6,26.7,3,"1982-1984",18.65
"2322","US",1982,131,20.1,11.1,27.8,3,"1982-1984",19.45
"2323","US",1982,132,19,14.4,27.2,3,"1982-1984",20.8
"2324","US",1982,133,19.5,15,26.1,3,"1982-1984",20.55
"2325","US",1982,134,18.8,15.6,26.1,3,"1982-1984",20.85
"2326","US",1982,135,19.3,13.3,26.7,3,"1982-1984",20
"2327","US",1982,136,21.2,13.3,27.8,3,"1982-1984",20.55
"2328","US",1982,137,19.6,14.4,27.8,3,"1982-1984",21.1
"2329","US",1982,138,19.9,14.4,27.8,3,"1982-1984",21.1
"2330","US",1982,139,20.1,14.4,26.1,3,"1982-1984",20.25
"2331","US",1982,140,21.6,14.4,26.7,3,"1982-1984",20.55
"2332","US",1982,141,20,15.6,26.7,3,"1982-1984",21.15
"2333","US",1982,142,16.1,13.3,25.6,3,"1982-1984",19.45
"2334","US",1982,143,16.9,13.3,20,3,"1982-1984",16.65
"2335","US",1982,144,17.9,13.3,23.9,3,"1982-1984",18.6
"2336","US",1982,145,18.2,13.3,23.9,3,"1982-1984",18.6
"2337","US",1982,146,20.3,16.1,23.9,3,"1982-1984",20
"2338","US",1982,147,18.5,12.7,24.4,3,"1982-1984",18.55
"2339","US",1982,148,19.6,14.4,26.7,3,"1982-1984",20.55
"2340","US",1982,149,21.4,14.4,26.7,3,"1982-1984",20.55
"2341","US",1982,150,20.3,16.7,26.7,3,"1982-1984",21.7
"2342","US",1982,151,17.6,15.6,26.1,3,"1982-1984",20.85
"2343","US",1982,152,14.2,7.7,20,3,"1982-1984",13.85
"2344","US",1982,153,15.8,7.8,20.6,3,"1982-1984",14.2
"2345","US",1982,154,16.9,11.1,21.7,3,"1982-1984",16.4
"2346","US",1982,155,15.2,13.3,21.7,3,"1982-1984",17.5
"2347","US",1982,156,16.9,12.7,22.2,3,"1982-1984",17.45
"2348","US",1982,157,19.1,12.8,27.8,3,"1982-1984",20.3
"2349","US",1982,158,24.2,12.8,27.8,3,"1982-1984",20.3
"2350","US",1982,159,23.6,17.2,28.3,3,"1982-1984",22.75
"2351","US",1982,160,20.1,17.2,27.8,3,"1982-1984",22.5
"2352","US",1982,161,18.7,11.1,26.1,3,"1982-1984",18.6
"2353","US",1982,162,16.9,11.1,24.4,3,"1982-1984",17.75
"2354","US",1982,163,16.7,13.9,21.7,3,"1982-1984",17.8
"2355","US",1982,164,18.9,12,26.1,3,"1982-1984",19.05
"2356","US",1982,165,20.7,12.8,27.2,3,"1982-1984",20
"2357","US",1982,166,21.8,15.6,26.7,3,"1982-1984",21.15
"2358","US",1982,167,18.8,17.2,24.4,3,"1982-1984",20.8
"2359","US",1982,168,19.4,12.2,25,3,"1982-1984",18.6
"2360","US",1982,169,19.9,12.2,25.6,3,"1982-1984",18.9
"2361","US",1982,170,19.4,13.9,25.6,3,"1982-1984",19.75
"2362","US",1982,171,19.6,12.8,27.2,3,"1982-1984",20
"2363","US",1982,172,20.7,12.8,27.2,3,"1982-1984",20
"2364","US",1982,173,22.3,14.4,27.8,3,"1982-1984",21.1
"2365","US",1982,174,20.5,13.3,27.8,3,"1982-1984",20.55
"2366","US",1982,175,21.7,13.3,28.3,3,"1982-1984",20.8
"2367","US",1982,176,22.1,15.6,28.3,3,"1982-1984",21.95
"2368","US",1982,177,22.4,18.3,27.8,3,"1982-1984",23.05
"2369","US",1982,178,23.3,18.9,27.8,3,"1982-1984",23.35
"2370","US",1982,179,23.6,18.9,28.9,3,"1982-1984",23.9
"2371","US",1982,180,25.7,18.9,32.2,3,"1982-1984",25.55
"2372","US",1982,181,23.6,20.6,32.2,3,"1982-1984",26.4
"2373","US",1982,182,20.7,16.1,26.1,3,"1982-1984",21.1
"2374","US",1982,183,24.7,16.1,31.7,3,"1982-1984",23.9
"2375","US",1982,184,26.7,20.6,32.8,3,"1982-1984",26.7
"2376","US",1982,185,28.4,20.6,33.3,3,"1982-1984",26.95
"2377","US",1982,186,27.8,22.7,33.3,3,"1982-1984",28
"2378","US",1982,187,27.3,22.2,32.8,3,"1982-1984",27.5
"2379","US",1982,188,26.8,22.2,32.8,3,"1982-1984",27.5
"2380","US",1982,189,24.9,18.3,31.1,3,"1982-1984",24.7
"2381","US",1982,190,23.6,18.3,31.1,3,"1982-1984",24.7
"2382","US",1982,191,23.5,20,27.8,3,"1982-1984",23.9
"2383","US",1982,192,23.4,18.9,28.9,3,"1982-1984",23.9
"2384","US",1982,193,23.6,17.2,30,3,"1982-1984",23.6
"2385","US",1982,194,24.9,17.2,31.1,3,"1982-1984",24.15
"2386","US",1982,195,22.9,19.4,31.1,3,"1982-1984",25.25
"2387","US",1982,196,25.5,19.4,32.2,3,"1982-1984",25.8
"2388","US",1982,197,26.6,20.6,32.2,3,"1982-1984",26.4
"2389","US",1982,198,27.9,22.2,33.3,3,"1982-1984",27.75
"2390","US",1982,199,28.2,22.8,33.3,3,"1982-1984",28.05
"2391","US",1982,200,28.3,23.8,33.9,3,"1982-1984",28.85
"2392","US",1982,201,29.2,23.9,35,3,"1982-1984",29.45
"2393","US",1982,202,27.2,21.6,35,3,"1982-1984",28.3
"2394","US",1982,203,26.4,21.7,33.9,3,"1982-1984",27.8
"2395","US",1982,204,24.1,18.9,31.1,3,"1982-1984",25
"2396","US",1982,205,24.2,18.9,30,3,"1982-1984",24.45
"2397","US",1982,206,25.3,19.4,31.7,3,"1982-1984",25.55
"2398","US",1982,207,26.9,20,32.8,3,"1982-1984",26.4
"2399","US",1982,208,26.6,20.6,33.3,3,"1982-1984",26.95
"2400","US",1982,209,25.1,20.6,33.3,3,"1982-1984",26.95
"2401","US",1982,210,23.3,17.2,29.4,3,"1982-1984",23.3
"2402","US",1982,211,24.9,17.2,29.4,3,"1982-1984",23.3
"2403","US",1982,212,23.3,15,29.4,3,"1982-1984",22.2
"2404","US",1982,213,23.9,15,32.8,3,"1982-1984",23.9
"2405","US",1982,214,26.4,15.6,35,3,"1982-1984",25.3
"2406","US",1982,215,28.4,17.2,36.7,3,"1982-1984",26.95
"2407","US",1982,216,29.5,20.6,37.2,3,"1982-1984",28.9
"2408","US",1982,217,28.3,23.3,36.7,3,"1982-1984",30
"2409","US",1982,218,24.2,22.2,33.3,3,"1982-1984",27.75
"2410","US",1982,219,24.5,22.2,28.3,3,"1982-1984",25.25
"2411","US",1982,220,25.6,21.1,31.7,3,"1982-1984",26.4
"2412","US",1982,221,22.3,14.4,31.7,3,"1982-1984",23.05
"2413","US",1982,222,18.2,15,28.3,3,"1982-1984",21.65
"2414","US",1982,223,17,14.4,22.8,3,"1982-1984",18.6
"2415","US",1982,224,17.8,14.4,22.8,3,"1982-1984",18.6
"2416","US",1982,225,19.8,14.4,22.2,3,"1982-1984",18.3
"2417","US",1982,226,21.9,18.3,27.8,3,"1982-1984",23.05
"2418","US",1982,227,23.2,18.3,27.8,3,"1982-1984",23.05
"2419","US",1982,228,23.6,20.6,28.3,3,"1982-1984",24.45
"2420","US",1982,229,23.8,19.4,28.3,3,"1982-1984",23.85
"2421","US",1982,230,24,19.4,29.4,3,"1982-1984",24.4
"2422","US",1982,231,23.4,16.7,31.1,3,"1982-1984",23.9
"2423","US",1982,232,24.7,16.7,31.1,3,"1982-1984",23.9
"2424","US",1982,233,22.1,14.4,30,3,"1982-1984",22.2
"2425","US",1982,234,21.7,14.4,31.1,3,"1982-1984",22.75
"2426","US",1982,235,23.6,15,31.1,3,"1982-1984",23.05
"2427","US",1982,236,22.8,20,25.6,3,"1982-1984",22.8
"2428","US",1982,237,20.4,13.3,26.7,3,"1982-1984",20
"2429","US",1982,238,19.4,13.3,26.7,3,"1982-1984",20
"2430","US",1982,239,20.1,16.1,23.9,3,"1982-1984",20
"2431","US",1982,240,19.7,16.7,23.9,3,"1982-1984",20.3
"2432","US",1982,241,19.7,13.3,28.3,3,"1982-1984",20.8
"2433","US",1982,242,22.1,13.3,28.3,3,"1982-1984",20.8
"2434","US",1982,243,24.7,18.9,30.6,3,"1982-1984",24.75
"2435","US",1982,244,25,21.1,30.6,3,"1982-1984",25.85
"2436","US",1982,245,22.8,18.8,27.8,3,"1982-1984",23.3
"2437","US",1982,246,20.1,14.4,27.2,3,"1982-1984",20.8
"2438","US",1982,247,20.5,13.9,27.2,3,"1982-1984",20.55
"2439","US",1982,248,20.2,13.9,27.2,3,"1982-1984",20.55
"2440","US",1982,249,20,14.4,26.1,3,"1982-1984",20.25
"2441","US",1982,250,19.8,15.6,26.1,3,"1982-1984",20.85
"2442","US",1982,251,19.9,16.1,25.6,3,"1982-1984",20.85
"2443","US",1982,252,21.7,16.1,28.9,3,"1982-1984",22.5
"2444","US",1982,253,23.2,16.7,28.9,3,"1982-1984",22.8
"2445","US",1982,254,23.2,18.9,28.9,3,"1982-1984",23.9
"2446","US",1982,255,24.1,18.9,30.6,3,"1982-1984",24.75
"2447","US",1982,256,22.3,19.4,30.6,3,"1982-1984",25
"2448","US",1982,257,21.7,18.9,27.2,3,"1982-1984",23.05
"2449","US",1982,258,20.6,18.3,27.8,3,"1982-1984",23.05
"2450","US",1982,259,15.8,10.5,22.2,3,"1982-1984",16.35
"2451","US",1982,260,19.7,10.6,27.8,3,"1982-1984",19.2
"2452","US",1982,261,16.8,12.2,27.8,3,"1982-1984",20
"2453","US",1982,262,15.4,10,22.2,3,"1982-1984",16.1
"2454","US",1982,263,14.6,9.4,22.2,3,"1982-1984",15.8
"2455","US",1982,264,11.2,4.4,16.7,3,"1982-1984",10.55
"2456","US",1982,265,11.6,4.4,18.9,3,"1982-1984",11.65
"2457","US",1982,266,12.1,5.6,18.9,3,"1982-1984",12.25
"2458","US",1982,267,16.6,6.7,22.2,3,"1982-1984",14.45
"2459","US",1982,268,13.1,12.2,22.2,3,"1982-1984",17.2
"2460","US",1982,269,11.7,8.9,14.4,3,"1982-1984",11.65
"2461","US",1982,270,13.2,6.1,22.2,3,"1982-1984",14.15
"2462","US",1982,271,19.1,6.1,27.2,3,"1982-1984",16.65
"2463","US",1982,272,21.3,14.4,28.3,3,"1982-1984",21.35
"2464","US",1982,273,21.4,15.6,28.9,3,"1982-1984",22.25
"2465","US",1982,274,20.6,14.4,28.9,3,"1982-1984",21.65
"2466","US",1982,275,18.9,14.4,27.8,3,"1982-1984",21.1
"2467","US",1982,276,20.2,14.4,25,3,"1982-1984",19.7
"2468","US",1982,277,18.6,13.9,26.1,3,"1982-1984",20
"2469","US",1982,278,22,13.9,29.4,3,"1982-1984",21.65
"2470","US",1982,279,21.6,15.6,30,3,"1982-1984",22.8
"2471","US",1982,280,14.4,6.1,28.9,3,"1982-1984",17.5
"2472","US",1982,281,19.5,6.1,24.4,3,"1982-1984",15.25
"2473","US",1982,282,19.8,16.1,24.4,3,"1982-1984",20.25
"2474","US",1982,283,11.9,8.9,21.1,3,"1982-1984",15
"2475","US",1982,284,12.1,10,15.6,3,"1982-1984",12.8
"2476","US",1982,285,12,5.6,20.6,3,"1982-1984",13.1
"2477","US",1982,286,10.2,5,20.6,3,"1982-1984",12.8
"2478","US",1982,287,11.3,5,18.9,3,"1982-1984",11.95
"2479","US",1982,288,14.4,5,23.3,3,"1982-1984",14.15
"2480","US",1982,289,10.3,2.7,23.3,3,"1982-1984",13
"2481","US",1982,290,10.2,2.8,18.9,3,"1982-1984",10.85
"2482","US",1982,291,13.2,2.8,23.3,3,"1982-1984",13.05
"2483","US",1982,292,16.3,7.2,23.3,3,"1982-1984",15.25
"2484","US",1982,293,6.4,2.8,22.8,3,"1982-1984",12.8
"2485","US",1982,294,3.8,-1.1,10.6,3,"1982-1984",4.75
"2486","US",1982,295,4,-2.2,11.7,3,"1982-1984",4.75
"2487","US",1982,296,5.3,-2.2,13.9,3,"1982-1984",5.85
"2488","US",1982,297,6.5,-1.1,15,3,"1982-1984",6.95
"2489","US",1982,298,7.8,-0.6,17.8,3,"1982-1984",8.6
"2490","US",1982,299,9.6,0,18.9,3,"1982-1984",9.45
"2491","US",1982,300,11.8,1.1,18.9,3,"1982-1984",10
"2492","US",1982,301,16.7,6.7,22.8,3,"1982-1984",14.75
"2493","US",1982,302,11.9,4.4,23.3,3,"1982-1984",13.85
"2494","US",1982,303,10.8,4.4,18.9,3,"1982-1984",11.65
"2495","US",1982,304,18.9,6.7,26.1,3,"1982-1984",16.4
"2496","US",1982,305,20,16.7,26.1,3,"1982-1984",21.4
"2497","US",1982,306,14.3,11.7,25,3,"1982-1984",18.35
"2498","US",1982,307,7.2,5,15.6,3,"1982-1984",10.3
"2499","US",1982,308,-0.5,-3.3,9.4,3,"1982-1984",3.05
"2500","US",1982,309,-2.3,-6.1,3.3,3,"1982-1984",-1.4
"2501","US",1982,310,2.9,-6.1,16.1,3,"1982-1984",5
"2502","US",1982,311,12.4,7.2,20.6,3,"1982-1984",13.9
"2503","US",1982,312,15.1,6.7,20.6,3,"1982-1984",13.65
"2504","US",1982,313,15.3,7.8,22.8,3,"1982-1984",15.3
"2505","US",1982,314,15.5,7.8,22.8,3,"1982-1984",15.3
"2506","US",1982,315,18.1,10,22.8,3,"1982-1984",16.4
"2507","US",1982,316,8.1,0,22.8,3,"1982-1984",11.4
"2508","US",1982,317,-3.7,-8.9,2.8,3,"1982-1984",-3.05
"2509","US",1982,318,-0.2,-8.9,4.4,3,"1982-1984",-2.25
"2510","US",1982,319,-2.5,-7.2,5.6,3,"1982-1984",-0.8
"2511","US",1982,320,2.1,-7.2,11.1,3,"1982-1984",1.95
"2512","US",1982,321,4,-3.3,13.3,3,"1982-1984",5
"2513","US",1982,322,8.2,-2.2,13.3,3,"1982-1984",5.55
"2514","US",1982,323,14.2,5,17.8,3,"1982-1984",11.4
"2515","US",1982,324,17.6,12.2,19.4,3,"1982-1984",15.8
"2516","US",1982,325,9.3,5.6,20,3,"1982-1984",12.8
"2517","US",1982,326,7.8,5,13.3,3,"1982-1984",9.15
"2518","US",1982,327,3.7,-2.2,11.1,3,"1982-1984",4.45
"2519","US",1982,328,-4.6,-9.4,6.1,3,"1982-1984",-1.65
"2520","US",1982,329,-2.4,-9.4,4.4,3,"1982-1984",-2.5
"2521","US",1982,330,2.2,-6.7,4.4,3,"1982-1984",-1.15
"2522","US",1982,331,1.2,0,3.9,3,"1982-1984",1.95
"2523","US",1982,332,3.6,0,5.6,3,"1982-1984",2.8
"2524","US",1982,333,5.4,1.7,13.3,3,"1982-1984",7.5
"2525","US",1982,334,10.4,1.7,20.6,3,"1982-1984",11.15
"2526","US",1982,335,15,5.6,20.6,3,"1982-1984",13.1
"2527","US",1982,336,18.2,11.1,21.1,3,"1982-1984",16.1
"2528","US",1982,337,13.2,7.8,21.1,3,"1982-1984",14.45
"2529","US",1982,338,7.7,5.6,16.1,3,"1982-1984",10.85
"2530","US",1982,339,7.7,4.4,10.6,3,"1982-1984",7.5
"2531","US",1982,340,3.1,0,9.4,3,"1982-1984",4.7
"2532","US",1982,341,4.4,0,11.7,3,"1982-1984",5.85
"2533","US",1982,342,2.1,-2.2,12.2,3,"1982-1984",5
"2534","US",1982,343,-4,-7.2,3.3,3,"1982-1984",-1.95
"2535","US",1982,344,1.2,-7.2,4.4,3,"1982-1984",-1.4
"2536","US",1982,345,-2.6,-6.7,4.4,3,"1982-1984",-1.15
"2537","US",1982,346,-7.7,-11.7,0,3,"1982-1984",-5.85
"2538","US",1982,347,-2.5,-11.7,6.1,3,"1982-1984",-2.8
"2539","US",1982,348,3,-6.7,7.2,3,"1982-1984",0.25
"2540","US",1982,349,2.3,-0.6,7.2,3,"1982-1984",3.3
"2541","US",1982,350,-1.3,-3.9,3.3,3,"1982-1984",-0.3
"2542","US",1982,351,0.2,-3.9,7.2,3,"1982-1984",1.65
"2543","US",1982,352,5.6,-3.9,12.2,3,"1982-1984",4.15
"2544","US",1982,353,4.9,1.7,12.2,3,"1982-1984",6.95
"2545","US",1982,354,2.7,-1.1,8.3,3,"1982-1984",3.6
"2546","US",1982,355,1.6,-2.2,9.4,3,"1982-1984",3.6
"2547","US",1982,356,8.3,-2.2,17.2,3,"1982-1984",7.5
"2548","US",1982,357,14.5,11.7,18.9,3,"1982-1984",15.3
"2549","US",1982,358,14.1,11.7,19.4,3,"1982-1984",15.55
"2550","US",1982,359,10.1,4.4,15,3,"1982-1984",9.7
"2551","US",1982,360,0.9,0,3.3,3,"1982-1984",1.65
"2552","US",1982,361,4.1,0,10,3,"1982-1984",5
"2553","US",1982,362,3.2,-2.2,16.1,3,"1982-1984",6.95
"2554","US",1982,363,-4.1,-7.2,-1.7,3,"1982-1984",-4.45
"2555","US",1982,364,-3.7,-7.2,1.7,3,"1982-1984",-2.75
"2556","US",1982,365,0.6,-7.2,5,3,"1982-1984",-1.1
"2557","US",1983,1,1.1,-2.8,7.8,3,"1982-1984",2.5
"2558","US",1983,2,-0.9,-2.8,8.3,3,"1982-1984",2.75
"2559","US",1983,3,-2.8,-6.2,2.8,3,"1982-1984",-1.7
"2560","US",1983,4,-0.2,-6.1,7.2,3,"1982-1984",0.55
"2561","US",1983,5,0.7,-3.9,7.8,3,"1982-1984",1.95
"2562","US",1983,6,3.3,-1.7,12.2,3,"1982-1984",5.25
"2563","US",1983,7,3.3,-1.7,12.8,3,"1982-1984",5.55
"2564","US",1983,8,3.3,-2.2,7.2,3,"1982-1984",2.5
"2565","US",1983,9,2.1,-1.1,7.8,3,"1982-1984",3.35
"2566","US",1983,10,4,-1.1,8.3,3,"1982-1984",3.6
"2567","US",1983,11,-0.3,-3.3,4.4,3,"1982-1984",0.55
"2568","US",1983,12,-3.6,-8.9,4.4,3,"1982-1984",-2.25
"2569","US",1983,13,3.6,-8.9,14.4,3,"1982-1984",2.75
"2570","US",1983,14,5.1,-2.8,14.4,3,"1982-1984",5.8
"2571","US",1983,15,-1.8,-3.9,8.3,3,"1982-1984",2.2
"2572","US",1983,16,-1.8,-7.2,6.1,3,"1982-1984",-0.55
"2573","US",1983,17,-2.1,-7.2,6.7,3,"1982-1984",-0.25
"2574","US",1983,18,-7.2,-11.1,-1.1,3,"1982-1984",-6.1
"2575","US",1983,19,-5.4,-11.1,-2.2,3,"1982-1984",-6.65
"2576","US",1983,20,-2.2,-7.2,1.1,3,"1982-1984",-3.05
"2577","US",1983,21,-2.3,-5,1.1,3,"1982-1984",-1.95
"2578","US",1983,22,-1.3,-3.3,0,3,"1982-1984",-1.65
"2579","US",1983,23,-0.6,-2.8,0.6,3,"1982-1984",-1.1
"2580","US",1983,24,0.1,-1.1,1.7,3,"1982-1984",0.3
"2581","US",1983,25,-0.9,-3.9,1.7,3,"1982-1984",-1.1
"2582","US",1983,26,-1.6,-3.9,1.7,3,"1982-1984",-1.1
"2583","US",1983,27,-2.7,-4.5,-0.6,3,"1982-1984",-2.55
"2584","US",1983,28,0.3,-4.4,4.4,3,"1982-1984",0
"2585","US",1983,29,1.3,-1.1,4.4,3,"1982-1984",1.65
"2586","US",1983,30,0.6,-3.9,3.9,3,"1982-1984",0
"2587","US",1983,31,0.1,-3.9,4.4,3,"1982-1984",0.25
"2588","US",1983,32,-1.7,-2.8,4.4,3,"1982-1984",0.8
"2589","US",1983,33,-1,-2.8,-0.6,3,"1982-1984",-1.7
"2590","US",1983,34,-6.3,-8.3,-0.6,3,"1982-1984",-4.45
"2591","US",1983,35,-8.9,-13.3,-2.8,3,"1982-1984",-8.05
"2592","US",1983,36,-3.1,-4.4,-1.7,3,"1982-1984",-3.05
"2593","US",1983,37,-2.4,-5,-1.1,3,"1982-1984",-3.05
"2594","US",1983,38,-9,-15.6,0,3,"1982-1984",-7.8
"2595","US",1983,39,-2.9,-6.7,1.7,3,"1982-1984",-2.5
"2596","US",1983,40,1.7,-6.7,4.4,3,"1982-1984",-1.15
"2597","US",1983,41,1.3,-0.6,5.6,3,"1982-1984",2.5
"2598","US",1983,42,1.6,-0.6,5.6,3,"1982-1984",2.5
"2599","US",1983,43,2.9,-0.6,6.7,3,"1982-1984",3.05
"2600","US",1983,44,3.6,-2.2,12.8,3,"1982-1984",5.3
"2601","US",1983,45,5.4,-2.2,13.9,3,"1982-1984",5.85
"2602","US",1983,46,8.3,-0.6,16.7,3,"1982-1984",8.05
"2603","US",1983,47,6.9,1.1,16.7,3,"1982-1984",8.9
"2604","US",1983,48,3.9,-1.1,11.1,3,"1982-1984",5
"2605","US",1983,49,6,-1.1,17.2,3,"1982-1984",8.05
"2606","US",1983,50,11,0,19.4,3,"1982-1984",9.7
"2607","US",1983,51,13.5,4.4,21.1,3,"1982-1984",12.75
"2608","US",1983,52,13.3,7.2,21.1,3,"1982-1984",14.15
"2609","US",1983,53,12.6,7.2,20,3,"1982-1984",13.6
"2610","US",1983,54,7.1,3.3,19.4,3,"1982-1984",11.35
"2611","US",1983,55,4.6,3.3,11.1,3,"1982-1984",7.2
"2612","US",1983,56,1.5,-0.6,5.6,3,"1982-1984",2.5
"2613","US",1983,57,1.6,-3.9,10.6,3,"1982-1984",3.35
"2614","US",1983,58,4.3,-3.9,11.7,3,"1982-1984",3.9
"2615","US",1983,59,5.7,0,12.2,3,"1982-1984",6.1
"2616","US",1983,60,8.3,0,19.4,3,"1982-1984",9.7
"2617","US",1983,61,13.1,1.7,22.8,3,"1982-1984",12.25
"2618","US",1983,62,15.8,4.4,26.7,3,"1982-1984",15.55
"2619","US",1983,63,16,8.9,26.7,3,"1982-1984",17.8
"2620","US",1983,64,14.1,12.2,19.4,3,"1982-1984",15.8
"2621","US",1983,65,11.5,9.4,15.6,3,"1982-1984",12.5
"2622","US",1983,66,9.1,5,13.9,3,"1982-1984",9.45
"2623","US",1983,67,1.1,-1.1,11.1,3,"1982-1984",5
"2624","US",1983,68,-2.6,-3.9,2.8,3,"1982-1984",-0.55
"2625","US",1983,69,-2.5,-3.9,-1.1,3,"1982-1984",-2.5
"2626","US",1983,70,-0.9,-2.8,1.1,3,"1982-1984",-0.85
"2627","US",1983,71,0.8,-1.7,8.3,3,"1982-1984",3.3
"2628","US",1983,72,7.9,-1.7,21.1,3,"1982-1984",9.7
"2629","US",1983,73,10.1,0.6,21.1,3,"1982-1984",10.85
"2630","US",1983,74,12.6,1.1,23.3,3,"1982-1984",12.2
"2631","US",1983,75,13.3,6.1,23.3,3,"1982-1984",14.7
"2632","US",1983,76,11.4,6.1,18.3,3,"1982-1984",12.2
"2633","US",1983,77,8.1,6.1,16.7,3,"1982-1984",11.4
"2634","US",1983,78,6.9,6.1,9.4,3,"1982-1984",7.75
"2635","US",1983,79,2.6,0.6,7.8,3,"1982-1984",4.2
"2636","US",1983,80,-1.5,-2.2,4.4,3,"1982-1984",1.1
"2637","US",1983,81,-1.8,-6.7,3.9,3,"1982-1984",-1.4
"2638","US",1983,82,1.7,-6.7,7.2,3,"1982-1984",0.25
"2639","US",1983,83,1.7,-3.3,7.8,3,"1982-1984",2.25
"2640","US",1983,84,2.3,-3.3,9.4,3,"1982-1984",3.05
"2641","US",1983,85,4.7,-3.3,9.4,3,"1982-1984",3.05
"2642","US",1983,86,4.4,1.7,7.2,3,"1982-1984",4.45
"2643","US",1983,87,2.3,1.1,6.7,3,"1982-1984",3.9
"2644","US",1983,88,3.6,-0.6,8.9,3,"1982-1984",4.15
"2645","US",1983,89,5.4,-0.6,8.9,3,"1982-1984",4.15
"2646","US",1983,90,8.1,4.4,17.2,3,"1982-1984",10.8
"2647","US",1983,91,10,4.4,17.2,3,"1982-1984",10.8
"2648","US",1983,92,7.8,2.8,12.2,3,"1982-1984",7.5
"2649","US",1983,93,4.3,2.8,11.1,3,"1982-1984",6.95
"2650","US",1983,94,4.4,2.8,6.7,3,"1982-1984",4.75
"2651","US",1983,95,6.6,2.8,9.4,3,"1982-1984",6.1
"2652","US",1983,96,6.7,4.4,9.4,3,"1982-1984",6.9
"2653","US",1983,97,5,0.6,8.9,3,"1982-1984",4.75
"2654","US",1983,98,5.3,0.6,9.4,3,"1982-1984",5
"2655","US",1983,99,4.2,2.2,7.2,3,"1982-1984",4.7
"2656","US",1983,100,4,1.7,6.7,3,"1982-1984",4.2
"2657","US",1983,101,7.6,1.1,17.2,3,"1982-1984",9.15
"2658","US",1983,102,13.2,1.1,22.2,3,"1982-1984",11.65
"2659","US",1983,103,11.8,7.8,22.2,3,"1982-1984",15
"2660","US",1983,104,3.9,-1.1,14.4,3,"1982-1984",6.65
"2661","US",1983,105,3.9,-1.7,10,3,"1982-1984",4.15
"2662","US",1983,106,7.7,-1.7,15,3,"1982-1984",6.65
"2663","US",1983,107,4.2,-1.7,15.6,3,"1982-1984",6.95
"2664","US",1983,108,2.9,-1.7,8.3,3,"1982-1984",3.3
"2665","US",1983,109,3.3,-2.2,10,3,"1982-1984",3.9
"2666","US",1983,110,5.9,-2.2,13.3,3,"1982-1984",5.55
"2667","US",1983,111,11.3,-0.6,18.9,3,"1982-1984",9.15
"2668","US",1983,112,11.1,3.9,18.9,3,"1982-1984",11.4
"2669","US",1983,113,12.7,8.3,19.4,3,"1982-1984",13.85
"2670","US",1983,114,11.3,4.4,19.4,3,"1982-1984",11.9
"2671","US",1983,115,13.2,3.8,22.8,3,"1982-1984",13.3
"2672","US",1983,116,18.7,3.9,27.8,3,"1982-1984",15.85
"2673","US",1983,117,17.3,10.6,27.8,3,"1982-1984",19.2
"2674","US",1983,118,13.2,10,21.7,3,"1982-1984",15.85
"2675","US",1983,119,15.2,10,19.4,3,"1982-1984",14.7
"2676","US",1983,120,15.7,12.8,18.9,3,"1982-1984",15.85
"2677","US",1983,121,16.3,13.3,23.9,3,"1982-1984",18.6
"2678","US",1983,122,13.8,8.9,23.9,3,"1982-1984",16.4
"2679","US",1983,123,9.9,7.2,15.6,3,"1982-1984",11.4
"2680","US",1983,124,13.5,6.7,20.6,3,"1982-1984",13.65
"2681","US",1983,125,14.6,5.6,22.8,3,"1982-1984",14.2
"2682","US",1983,126,20.6,14.4,27.8,3,"1982-1984",21.1
"2683","US",1983,127,16.8,11.7,27.8,3,"1982-1984",19.75
"2684","US",1983,128,11.3,5.6,16.7,3,"1982-1984",11.15
"2685","US",1983,129,12.9,5.6,18.9,3,"1982-1984",12.25
"2686","US",1983,130,15.1,6.7,23.9,3,"1982-1984",15.3
"2687","US",1983,131,16.9,6.7,24.4,3,"1982-1984",15.55
"2688","US",1983,132,19.4,13.3,26.1,3,"1982-1984",19.7
"2689","US",1983,133,20.4,16.1,26.1,3,"1982-1984",21.1
"2690","US",1983,134,16.2,12.2,23.9,3,"1982-1984",18.05
"2691","US",1983,135,11.3,8.3,17.2,3,"1982-1984",12.75
"2692","US",1983,136,12.3,7.2,18.9,3,"1982-1984",13.05
"2693","US",1983,137,13.6,6.7,21.1,3,"1982-1984",13.9
"2694","US",1983,138,16.4,6.7,21.1,3,"1982-1984",13.9
"2695","US",1983,139,15.4,11.1,19.4,3,"1982-1984",15.25
"2696","US",1983,140,16.2,8.9,23.3,3,"1982-1984",16.1
"2697","US",1983,141,18.2,8.9,23.9,3,"1982-1984",16.4
"2698","US",1983,142,17.7,13.3,23.9,3,"1982-1984",18.6
"2699","US",1983,143,16.5,8.9,23.9,3,"1982-1984",16.4
"2700","US",1983,144,16.9,8.9,24.4,3,"1982-1984",16.65
"2701","US",1983,145,18.9,8.9,24.4,3,"1982-1984",16.65
"2702","US",1983,146,16.6,13.3,22.8,3,"1982-1984",18.05
"2703","US",1983,147,16.4,12.2,23.9,3,"1982-1984",18.05
"2704","US",1983,148,21.1,12.8,25.6,3,"1982-1984",19.2
"2705","US",1983,149,18.7,12.2,25.6,3,"1982-1984",18.9
"2706","US",1983,150,12.9,7.8,22.8,3,"1982-1984",15.3
"2707","US",1983,151,12.9,7.8,19.4,3,"1982-1984",13.6
"2708","US",1983,152,14.7,6.7,21.7,3,"1982-1984",14.2
"2709","US",1983,153,16.2,6.7,22.2,3,"1982-1984",14.45
"2710","US",1983,154,19.2,14.4,24.4,3,"1982-1984",19.4
"2711","US",1983,155,21.2,16.7,26.7,3,"1982-1984",21.7
"2712","US",1983,156,22.6,16.7,26.7,3,"1982-1984",21.7
"2713","US",1983,157,16.4,11.7,25.6,3,"1982-1984",18.65
"2714","US",1983,158,18.7,11.7,23.9,3,"1982-1984",17.8
"2715","US",1983,159,19.6,12.2,25.6,3,"1982-1984",18.9
"2716","US",1983,160,20.6,12.2,27.2,3,"1982-1984",19.7
"2717","US",1983,161,21.5,12.8,27.8,3,"1982-1984",20.3
"2718","US",1983,162,22.2,14.4,27.8,3,"1982-1984",21.1
"2719","US",1983,163,23.6,16.7,28.9,3,"1982-1984",22.8
"2720","US",1983,164,24.1,18.9,29.4,3,"1982-1984",24.15
"2721","US",1983,165,21.6,17.8,29.4,3,"1982-1984",23.6
"2722","US",1983,166,20.2,12.8,27.8,3,"1982-1984",20.3
"2723","US",1983,167,21.6,12.8,28.9,3,"1982-1984",20.85
"2724","US",1983,168,22.7,14.4,29.4,3,"1982-1984",21.9
"2725","US",1983,169,22.1,16.1,28.9,3,"1982-1984",22.5
"2726","US",1983,170,21.4,16.1,28.9,3,"1982-1984",22.5
"2727","US",1983,171,24.5,18.3,30.6,3,"1982-1984",24.45
"2728","US",1983,172,25.2,19.4,31.1,3,"1982-1984",25.25
"2729","US",1983,173,25.3,20.6,30.6,3,"1982-1984",25.6
"2730","US",1983,174,25,17.7,31.1,3,"1982-1984",24.4
"2731","US",1983,175,25.6,17.8,31.1,3,"1982-1984",24.45
"2732","US",1983,176,26.3,20,31.7,3,"1982-1984",25.85
"2733","US",1983,177,25,20.6,31.7,3,"1982-1984",26.15
"2734","US",1983,178,22.7,20,30.6,3,"1982-1984",25.3
"2735","US",1983,179,23.4,19.4,28.9,3,"1982-1984",24.15
"2736","US",1983,180,23.3,19.4,28.9,3,"1982-1984",24.15
"2737","US",1983,181,24.6,18.9,31.7,3,"1982-1984",25.3
"2738","US",1983,182,27.6,18.9,32.8,3,"1982-1984",25.85
"2739","US",1983,183,26.6,20,33.3,3,"1982-1984",26.65
"2740","US",1983,184,26.3,20,32.2,3,"1982-1984",26.1
"2741","US",1983,185,24.3,18.9,32.8,3,"1982-1984",25.85
"2742","US",1983,186,21.8,16.7,27.2,3,"1982-1984",21.95
"2743","US",1983,187,21.4,16.1,27.2,3,"1982-1984",21.65
"2744","US",1983,188,20.5,15,27.2,3,"1982-1984",21.1
"2745","US",1983,189,22.6,15,28.9,3,"1982-1984",21.95
"2746","US",1983,190,22.9,14.4,30,3,"1982-1984",22.2
"2747","US",1983,191,25.1,14.4,31.1,3,"1982-1984",22.75
"2748","US",1983,192,26.3,18.9,33.3,3,"1982-1984",26.1
"2749","US",1983,193,28.3,20,33.3,3,"1982-1984",26.65
"2750","US",1983,194,27.2,21.1,33.9,3,"1982-1984",27.5
"2751","US",1983,195,26.7,21.1,32.8,3,"1982-1984",26.95
"2752","US",1983,196,24.1,21.1,32.8,3,"1982-1984",26.95
"2753","US",1983,197,24.9,20.6,31.7,3,"1982-1984",26.15
"2754","US",1983,198,25.7,19.4,32.8,3,"1982-1984",26.1
"2755","US",1983,199,27,19.4,34.4,3,"1982-1984",26.9
"2756","US",1983,200,28.8,21.1,36.7,3,"1982-1984",28.9
"2757","US",1983,201,29.9,21.7,36.7,3,"1982-1984",29.2
"2758","US",1983,202,30,22.2,37.2,3,"1982-1984",29.7
"2759","US",1983,203,29.9,21.1,37.8,3,"1982-1984",29.45
"2760","US",1983,204,30.7,21.1,37.8,3,"1982-1984",29.45
"2761","US",1983,205,30.6,23.3,37.8,3,"1982-1984",30.55
"2762","US",1983,206,24.3,20.6,36.7,3,"1982-1984",28.65
"2763","US",1983,207,24.3,17.8,29.4,3,"1982-1984",23.6
"2764","US",1983,208,26.2,19.4,33.3,3,"1982-1984",26.35
"2765","US",1983,209,29.2,20.6,35.6,3,"1982-1984",28.1
"2766","US",1983,210,29.1,22.8,36.1,3,"1982-1984",29.45
"2767","US",1983,211,27.3,22.8,36.7,3,"1982-1984",29.75
"2768","US",1983,212,27.6,21.1,34.4,3,"1982-1984",27.75
"2769","US",1983,213,26.3,19.4,34.4,3,"1982-1984",26.9
"2770","US",1983,214,26.9,19.4,33.9,3,"1982-1984",26.65
"2771","US",1983,215,27.5,20,36.1,3,"1982-1984",28.05
"2772","US",1983,216,27.5,20,36.7,3,"1982-1984",28.35
"2773","US",1983,217,28.7,21.1,35.6,3,"1982-1984",28.35
"2774","US",1983,218,26.5,22.2,35.6,3,"1982-1984",28.9
"2775","US",1983,219,25.2,21.7,31.1,3,"1982-1984",26.4
"2776","US",1983,220,26.4,20.6,32.2,3,"1982-1984",26.4
"2777","US",1983,221,27.6,20.6,33.9,3,"1982-1984",27.25
"2778","US",1983,222,28.2,21.1,35,3,"1982-1984",28.05
"2779","US",1983,223,27.7,21.1,35,3,"1982-1984",28.05
"2780","US",1983,224,22.3,15.6,31.7,3,"1982-1984",23.65
"2781","US",1983,225,21.9,15.6,29.4,3,"1982-1984",22.5
"2782","US",1983,226,23.3,15.6,30,3,"1982-1984",22.8
"2783","US",1983,227,25.8,17.8,35,3,"1982-1984",26.4
"2784","US",1983,228,29.8,18.9,37.2,3,"1982-1984",28.05
"2785","US",1983,229,31.4,23.3,37.2,3,"1982-1984",30.25
"2786","US",1983,230,30.6,23.3,37.8,3,"1982-1984",30.55
"2787","US",1983,231,29,22.2,36.7,3,"1982-1984",29.45
"2788","US",1983,232,29.8,22.2,36.7,3,"1982-1984",29.45
"2789","US",1983,233,29.3,23.8,36.7,3,"1982-1984",30.25
"2790","US",1983,234,28.1,22.8,37.2,3,"1982-1984",30
"2791","US",1983,235,23.8,20,36.1,3,"1982-1984",28.05
"2792","US",1983,236,26.7,20,35.6,3,"1982-1984",27.8
"2793","US",1983,237,30,21.1,38.3,3,"1982-1984",29.7
"2794","US",1983,238,31.3,23.3,38.9,3,"1982-1984",31.1
"2795","US",1983,239,30.4,23.9,39.4,3,"1982-1984",31.65
"2796","US",1983,240,29.1,22.7,39.4,3,"1982-1984",31.05
"2797","US",1983,241,28.2,21.1,37.2,3,"1982-1984",29.15
"2798","US",1983,242,24.8,21.1,37.8,3,"1982-1984",29.45
"2799","US",1983,243,24.7,21.1,30.6,3,"1982-1984",25.85
"2800","US",1983,244,24.4,18.9,31.1,3,"1982-1984",25
"2801","US",1983,245,25,18.9,32.2,3,"1982-1984",25.55
"2802","US",1983,246,25.7,18.3,32.8,3,"1982-1984",25.55
"2803","US",1983,247,26.1,18.3,34.4,3,"1982-1984",26.35
"2804","US",1983,248,27.4,18.3,34.4,3,"1982-1984",26.35
"2805","US",1983,249,29.1,23.9,34.4,3,"1982-1984",29.15
"2806","US",1983,250,24.4,17.2,35,3,"1982-1984",26.1
"2807","US",1983,251,27.5,17.2,35.6,3,"1982-1984",26.4
"2808","US",1983,252,28.6,20.6,36.1,3,"1982-1984",28.35
"2809","US",1983,253,28.2,21.7,36.1,3,"1982-1984",28.9
"2810","US",1983,254,21.8,16.7,36.1,3,"1982-1984",26.4
"2811","US",1983,255,21.9,16.7,26.7,3,"1982-1984",21.7
"2812","US",1983,256,17.7,10.6,26.7,3,"1982-1984",18.65
"2813","US",1983,257,15.3,8.9,22.8,3,"1982-1984",15.85
"2814","US",1983,258,14.3,8.9,22.8,3,"1982-1984",15.85
"2815","US",1983,259,17.4,12.8,23.9,3,"1982-1984",18.35
"2816","US",1983,260,20.2,13.3,32.2,3,"1982-1984",22.75
"2817","US",1983,261,26.3,13.3,32.2,3,"1982-1984",22.75
"2818","US",1983,262,24.8,19.4,32.2,3,"1982-1984",25.8
"2819","US",1983,263,16.6,8.9,30.6,3,"1982-1984",19.75
"2820","US",1983,264,8.9,1.7,21.1,3,"1982-1984",11.4
"2821","US",1983,265,9.4,1.7,16.1,3,"1982-1984",8.9
"2822","US",1983,266,8.4,1.1,16.1,3,"1982-1984",8.6
"2823","US",1983,267,12.2,1.1,22.2,3,"1982-1984",11.65
"2824","US",1983,268,14.6,6.1,22.8,3,"1982-1984",14.45
"2825","US",1983,269,17.7,12.8,26.1,3,"1982-1984",19.45
"2826","US",1983,270,19.3,12.2,27.2,3,"1982-1984",19.7
"2827","US",1983,271,20.5,12.2,27.2,3,"1982-1984",19.7
"2828","US",1983,272,19.6,13.3,27.2,3,"1982-1984",20.25
"2829","US",1983,273,19.1,11.7,27.8,3,"1982-1984",19.75
"2830","US",1983,274,18.5,11.7,27.8,3,"1982-1984",19.75
"2831","US",1983,275,19,11.7,27.2,3,"1982-1984",19.45
"2832","US",1983,276,22.5,12.8,28.3,3,"1982-1984",20.55
"2833","US",1983,277,17.3,13.9,30,3,"1982-1984",21.95
"2834","US",1983,278,14,7.8,22.2,3,"1982-1984",15
"2835","US",1983,279,15.1,7.8,22.8,3,"1982-1984",15.3
"2836","US",1983,280,16.7,9.4,26.7,3,"1982-1984",18.05
"2837","US",1983,281,16.4,10,26.7,3,"1982-1984",18.35
"2838","US",1983,282,13.5,7.8,18.9,3,"1982-1984",13.35
"2839","US",1983,283,13.8,7.8,23.3,3,"1982-1984",15.55
"2840","US",1983,284,16.4,8.3,23.3,3,"1982-1984",15.8
"2841","US",1983,285,10.4,6.1,21.7,3,"1982-1984",13.9
"2842","US",1983,286,7.6,1.7,12.8,3,"1982-1984",7.25
"2843","US",1983,287,8.6,0.6,22.2,3,"1982-1984",11.4
"2844","US",1983,288,15.8,10,23.3,3,"1982-1984",16.65
"2845","US",1983,289,15.6,10,23.3,3,"1982-1984",16.65
"2846","US",1983,290,12,7.2,17.8,3,"1982-1984",12.5
"2847","US",1983,291,9.5,6.1,13.3,3,"1982-1984",9.7
"2848","US",1983,292,11.1,6.1,13.3,3,"1982-1984",9.7
"2849","US",1983,293,12.4,10,12.8,3,"1982-1984",11.4
"2850","US",1983,294,11.2,9.4,15,3,"1982-1984",12.2
"2851","US",1983,295,11.9,9.4,15,3,"1982-1984",12.2
"2852","US",1983,296,10.3,9.4,12.8,3,"1982-1984",11.1
"2853","US",1983,297,10.5,6.6,15,3,"1982-1984",10.8
"2854","US",1983,298,10.7,6.7,15,3,"1982-1984",10.85
"2855","US",1983,299,9.4,3.3,18.3,3,"1982-1984",10.8
"2856","US",1983,300,11.7,2.7,22.2,3,"1982-1984",12.45
"2857","US",1983,301,15.2,2.8,23.9,3,"1982-1984",13.35
"2858","US",1983,302,12.3,7.8,25,3,"1982-1984",16.4
"2859","US",1983,303,9.2,7.8,15,3,"1982-1984",11.4
"2860","US",1983,304,11.8,7.8,19.4,3,"1982-1984",13.6
"2861","US",1983,305,14.9,8.3,21.1,3,"1982-1984",14.7
"2862","US",1983,306,16,10.6,21.1,3,"1982-1984",15.85
"2863","US",1983,307,15.3,13.9,18.3,3,"1982-1984",16.1
"2864","US",1983,308,7.9,5,16.1,3,"1982-1984",10.55
"2865","US",1983,309,4.7,-1.1,12.8,3,"1982-1984",5.85
"2866","US",1983,310,8.2,4.4,13.9,3,"1982-1984",9.15
"2867","US",1983,311,11.4,9.4,15,3,"1982-1984",12.2
"2868","US",1983,312,11,5.6,18.3,3,"1982-1984",11.95
"2869","US",1983,313,12.4,5.6,18.9,3,"1982-1984",12.25
"2870","US",1983,314,4.3,2.8,15.6,3,"1982-1984",9.2
"2871","US",1983,315,2.2,1.1,5,3,"1982-1984",3.05
"2872","US",1983,316,0.3,-0.6,4.4,3,"1982-1984",1.9
"2873","US",1983,317,2.4,0,9.4,3,"1982-1984",4.7
"2874","US",1983,318,7.5,0,13.9,3,"1982-1984",6.95
"2875","US",1983,319,5.9,3.9,13.8,3,"1982-1984",8.85
"2876","US",1983,320,3.6,1.6,6.7,3,"1982-1984",4.15
"2877","US",1983,321,5,-0.6,17.2,3,"1982-1984",8.3
"2878","US",1983,322,11.7,8.9,17.2,3,"1982-1984",13.05
"2879","US",1983,323,14.4,8.9,17.2,3,"1982-1984",13.05
"2880","US",1983,324,9.1,5,17.2,3,"1982-1984",11.1
"2881","US",1983,325,8.4,3.9,18.3,3,"1982-1984",11.1
"2882","US",1983,326,14.2,3.9,21.1,3,"1982-1984",12.5
"2883","US",1983,327,7.9,0,21.1,3,"1982-1984",10.55
"2884","US",1983,328,1.2,-3.3,13.9,3,"1982-1984",5.3
"2885","US",1983,329,4.3,-3.3,13.9,3,"1982-1984",5.3
"2886","US",1983,330,10,6.7,15.6,3,"1982-1984",11.15
"2887","US",1983,331,9.6,5.6,17.2,3,"1982-1984",11.4
"2888","US",1983,332,0.8,-1.1,10,3,"1982-1984",4.45
"2889","US",1983,333,-0.8,-5,3.9,3,"1982-1984",-0.55
"2890","US",1983,334,-0.8,-5,3.9,3,"1982-1984",-0.55
"2891","US",1983,335,-4.2,-7.8,0.6,3,"1982-1984",-3.6
"2892","US",1983,336,0.5,-7.8,3.3,3,"1982-1984",-2.25
"2893","US",1983,337,-0.1,-1.7,3.3,3,"1982-1984",0.8
"2894","US",1983,338,0.1,-1.7,2.2,3,"1982-1984",0.25
"2895","US",1983,339,2.7,-0.6,4.4,3,"1982-1984",1.9
"2896","US",1983,340,-1.7,-4.4,4.4,3,"1982-1984",0
"2897","US",1983,341,-2.1,-5,5,3,"1982-1984",0
"2898","US",1983,342,-1.3,-8.3,5,3,"1982-1984",-1.65
"2899","US",1983,343,0.4,-6.1,3.9,3,"1982-1984",-1.1
"2900","US",1983,344,-2.7,-5.3,2.8,3,"1982-1984",-1.25
"2901","US",1983,345,2.8,-5,5.6,3,"1982-1984",0.3
"2902","US",1983,346,-0.4,-1.1,5.6,3,"1982-1984",2.25
"2903","US",1983,347,0.4,-1.1,2.2,3,"1982-1984",0.55
"2904","US",1983,348,-4.1,-7.8,2.2,3,"1982-1984",-2.8
"2905","US",1983,349,-5.1,-7.8,-1.1,3,"1982-1984",-4.45
"2906","US",1983,350,-9.6,-13.3,-4.4,3,"1982-1984",-8.85
"2907","US",1983,351,-8.1,-13.3,-3.3,3,"1982-1984",-8.3
"2908","US",1983,352,-12.4,-15.6,-3.3,3,"1982-1984",-9.45
"2909","US",1983,353,-20.8,-23.3,-10,3,"1982-1984",-16.65
"2910","US",1983,354,-17.9,-23.3,-10,3,"1982-1984",-16.65
"2911","US",1983,355,-8.9,-10.6,-7.8,3,"1982-1984",-9.2
"2912","US",1983,356,-19.2,-24.4,-7.8,3,"1982-1984",-16.1
"2913","US",1983,357,-18.9,-24.4,-17.2,3,"1982-1984",-20.8
"2914","US",1983,358,-23.3,-26.1,-17.2,3,"1982-1984",-21.65
"2915","US",1983,359,-24.1,-28.3,-14.4,3,"1982-1984",-21.35
"2916","US",1983,360,-14.9,-18.9,-7.8,3,"1982-1984",-13.35
"2917","US",1983,361,-7.1,-8.9,-3.9,3,"1982-1984",-6.4
"2918","US",1983,362,-6.5,-10,-3.3,3,"1982-1984",-6.65
"2919","US",1983,363,-14.8,-21.1,-5.6,3,"1982-1984",-13.35
"2920","US",1983,364,-15.5,-21.7,-6.7,3,"1982-1984",-14.2
"2921","US",1983,365,-6.8,-10.6,1.1,3,"1982-1984",-4.75
"2922","US",1984,1,-1.7,-10.6,1.1,3,"1982-1984",-4.75
"2923","US",1984,2,-3,-8.3,1.7,3,"1982-1984",-3.3
"2924","US",1984,3,-3.4,-8.9,5,3,"1982-1984",-1.95
"2925","US",1984,4,3.8,2.2,7.2,3,"1982-1984",4.7
"2926","US",1984,5,3.4,-2.2,10,3,"1982-1984",3.9
"2927","US",1984,6,4.7,-1.1,10.6,3,"1982-1984",4.75
"2928","US",1984,7,3.9,0,10.6,3,"1982-1984",5.3
"2929","US",1984,8,3.6,-1.7,11.1,3,"1982-1984",4.7
"2930","US",1984,9,3.3,-1.7,9.4,3,"1982-1984",3.85
"2931","US",1984,10,-4.1,-6.7,7.2,3,"1982-1984",0.25
"2932","US",1984,11,-7.7,-11.7,-1.1,3,"1982-1984",-6.4
"2933","US",1984,12,-4.7,-11.7,-0.6,3,"1982-1984",-6.15
"2934","US",1984,13,-3.7,-8.3,0,3,"1982-1984",-4.15
"2935","US",1984,14,-8.4,-11.1,-2.2,3,"1982-1984",-6.65
"2936","US",1984,15,-5,-11.1,-4.4,3,"1982-1984",-7.75
"2937","US",1984,16,-5.9,-8.3,-3.9,3,"1982-1984",-6.1
"2938","US",1984,17,-8.4,-12.8,-3.9,3,"1982-1984",-8.35
"2939","US",1984,18,-10.2,-13.3,-5.6,3,"1982-1984",-9.45
"2940","US",1984,19,-15.1,-20.6,-6.1,3,"1982-1984",-13.35
"2941","US",1984,20,-15.2,-20.6,-6.1,3,"1982-1984",-13.35
"2942","US",1984,21,-16.2,-22.8,-2.8,3,"1982-1984",-12.8
"2943","US",1984,22,-6.2,-10.6,1.1,3,"1982-1984",-4.75
"2944","US",1984,23,-1.3,-10.6,2.8,3,"1982-1984",-3.9
"2945","US",1984,24,0.8,-3.9,7.8,3,"1982-1984",1.95
"2946","US",1984,25,2.9,-3.9,11.1,3,"1982-1984",3.6
"2947","US",1984,26,6.3,-1.7,13.9,3,"1982-1984",6.1
"2948","US",1984,27,2.1,-2.2,14.4,3,"1982-1984",6.1
"2949","US",1984,28,2.3,-2.2,8.9,3,"1982-1984",3.35
"2950","US",1984,29,2.8,-2.8,9.4,3,"1982-1984",3.3
"2951","US",1984,30,0.1,-5,10,3,"1982-1984",2.5
"2952","US",1984,31,-1.2,-7.2,8.3,3,"1982-1984",0.55
"2953","US",1984,32,4.2,-7.2,16.7,3,"1982-1984",4.75
"2954","US",1984,33,7.2,-3.3,16.7,3,"1982-1984",6.7
"2955","US",1984,34,3.4,-2.8,12.8,3,"1982-1984",5
"2956","US",1984,35,2.4,-2.8,10.6,3,"1982-1984",3.9
"2957","US",1984,36,-6.2,-13.9,3.9,3,"1982-1984",-5
"2958","US",1984,37,-11.7,-17.8,0,3,"1982-1984",-8.9
"2959","US",1984,38,-4.7,-9.4,3.9,3,"1982-1984",-2.75
"2960","US",1984,39,2.1,-9.4,13.9,3,"1982-1984",2.25
"2961","US",1984,40,3.3,-2.8,13.9,3,"1982-1984",5.55
"2962","US",1984,41,5.8,0.6,11.7,3,"1982-1984",6.15
"2963","US",1984,42,10.4,3.9,21.1,3,"1982-1984",12.5
"2964","US",1984,43,12.3,3.9,21.7,3,"1982-1984",12.8
"2965","US",1984,44,6.3,0,13.3,3,"1982-1984",6.65
"2966","US",1984,45,8.2,0,20,3,"1982-1984",10
"2967","US",1984,46,12.3,0,20.6,3,"1982-1984",10.3
"2968","US",1984,47,10.7,6.1,21.1,3,"1982-1984",13.6
"2969","US",1984,48,6.1,3.3,10.6,3,"1982-1984",6.95
"2970","US",1984,49,7.2,2.8,17.2,3,"1982-1984",10
"2971","US",1984,50,3.9,1.7,18.3,3,"1982-1984",10
"2972","US",1984,51,3,-3.3,10,3,"1982-1984",3.35
"2973","US",1984,52,5,-3.3,15.6,3,"1982-1984",6.15
"2974","US",1984,53,8.3,-1.1,18.3,3,"1982-1984",8.6
"2975","US",1984,54,8.3,-1.1,18.3,3,"1982-1984",8.6
"2976","US",1984,55,4.2,1.1,17.2,3,"1982-1984",9.15
"2977","US",1984,56,3.7,-1.1,11.1,3,"1982-1984",5
"2978","US",1984,57,2.9,-1.1,11.7,3,"1982-1984",5.3
"2979","US",1984,58,-0.5,-1.7,3.9,3,"1982-1984",1.1
"2980","US",1984,59,-1.4,-2.2,1.1,3,"1982-1984",-0.55
"2981","US",1984,60,-1.6,-5,1.1,3,"1982-1984",-1.95
"2982","US",1984,61,-2,-7.2,5,3,"1982-1984",-1.1
"2983","US",1984,62,2.1,-7.2,7.2,3,"1982-1984",0
"2984","US",1984,63,1.2,-2.2,7.8,3,"1982-1984",2.8
"2985","US",1984,64,3.6,-2.2,7.8,3,"1982-1984",2.8
"2986","US",1984,65,1.9,0,7.8,3,"1982-1984",3.9
"2987","US",1984,66,-1.3,-5,2.8,3,"1982-1984",-1.1
"2988","US",1984,67,0.3,-5,4.4,3,"1982-1984",-0.3
"2989","US",1984,68,-3,-8.9,5.6,3,"1982-1984",-1.65
"2990","US",1984,69,-3.8,-8.9,0,3,"1982-1984",-4.45
"2991","US",1984,70,-3.1,-6.7,1.1,3,"1982-1984",-2.8
"2992","US",1984,71,-2,-6.7,1.1,3,"1982-1984",-2.8
"2993","US",1984,72,-2.2,-6.7,0.6,3,"1982-1984",-3.05
"2994","US",1984,73,-1.3,-3.3,2.2,3,"1982-1984",-0.55
"2995","US",1984,74,1.4,-2.8,7.8,3,"1982-1984",2.5
"2996","US",1984,75,14.1,-1.7,22.2,3,"1982-1984",10.25
"2997","US",1984,76,4.1,1.7,11.7,3,"1982-1984",6.7
"2998","US",1984,77,3.4,0.6,6.7,3,"1982-1984",3.65
"2999","US",1984,78,1.6,0,6.7,3,"1982-1984",3.35
"3000","US",1984,79,0.9,0,2.8,3,"1982-1984",1.4
"3001","US",1984,80,0.4,-0.6,2.8,3,"1982-1984",1.1
"3002","US",1984,81,2.2,-0.6,5.6,3,"1982-1984",2.5
"3003","US",1984,82,4,-0.6,9.4,3,"1982-1984",4.4
"3004","US",1984,83,4.1,-1.1,12.8,3,"1982-1984",5.85
"3005","US",1984,84,6.3,-1.1,12.8,3,"1982-1984",5.85
"3006","US",1984,85,5,3.3,7.8,3,"1982-1984",5.55
"3007","US",1984,86,5.2,2.8,7.8,3,"1982-1984",5.3
"3008","US",1984,87,9.9,6.7,15,3,"1982-1984",10.85
"3009","US",1984,88,7.2,3.9,15.6,3,"1982-1984",9.75
"3010","US",1984,89,5.2,-0.6,10,3,"1982-1984",4.7
"3011","US",1984,90,2.6,-1.7,11.1,3,"1982-1984",4.7
"3012","US",1984,91,3.4,-1.7,7.2,3,"1982-1984",2.75
"3013","US",1984,92,5.2,-1.1,13.9,3,"1982-1984",6.4
"3014","US",1984,93,8.3,-1.1,15,3,"1982-1984",6.95
"3015","US",1984,94,11.1,4.4,18.9,3,"1982-1984",11.65
"3016","US",1984,95,6.1,3.3,19.4,3,"1982-1984",11.35
"3017","US",1984,96,8.8,3.3,15,3,"1982-1984",9.15
"3018","US",1984,97,9.2,1.7,16.1,3,"1982-1984",8.9
"3019","US",1984,98,10.2,1.7,16.7,3,"1982-1984",9.2
"3020","US",1984,99,8.2,5.6,14.4,3,"1982-1984",10
"3021","US",1984,100,8.9,6.7,11.1,3,"1982-1984",8.9
"3022","US",1984,101,10.8,7.2,13.3,3,"1982-1984",10.25
"3023","US",1984,102,13.1,8.9,21.1,3,"1982-1984",15
"3024","US",1984,103,14.7,8.9,21.7,3,"1982-1984",15.3
"3025","US",1984,104,13.2,3.9,18.9,3,"1982-1984",11.4
"3026","US",1984,105,8.6,7.2,18.9,3,"1982-1984",13.05
"3027","US",1984,106,8.8,7.2,11.7,3,"1982-1984",9.45
"3028","US",1984,107,9.4,6.1,11.7,3,"1982-1984",8.9
"3029","US",1984,108,8.4,2.8,13.3,3,"1982-1984",8.05
"3030","US",1984,109,9.7,2.8,16.7,3,"1982-1984",9.75
"3031","US",1984,110,10.3,2.8,17.2,3,"1982-1984",10
"3032","US",1984,111,10.4,7.8,17.2,3,"1982-1984",12.5
"3033","US",1984,112,8.7,7.2,13.9,3,"1982-1984",10.55
"3034","US",1984,113,8.9,6.1,10.6,3,"1982-1984",8.35
"3035","US",1984,114,5.1,2.2,11.1,3,"1982-1984",6.65
"3036","US",1984,115,12.2,2.2,24.4,3,"1982-1984",13.3
"3037","US",1984,116,17.9,4.4,29.4,3,"1982-1984",16.9
"3038","US",1984,117,22.5,10.6,30,3,"1982-1984",20.3
"3039","US",1984,118,23.8,16.7,28.3,3,"1982-1984",22.5
"3040","US",1984,119,13.4,6.1,28.3,3,"1982-1984",17.2
"3041","US",1984,120,15.1,6.1,23.9,3,"1982-1984",15
"3042","US",1984,121,11.7,5,24.4,3,"1982-1984",14.7
"3043","US",1984,122,11.7,3.9,20.6,3,"1982-1984",12.25
"3044","US",1984,123,16.3,3.9,23.9,3,"1982-1984",13.9
"3045","US",1984,124,13.6,9.4,23.9,3,"1982-1984",16.65
"3046","US",1984,125,12.7,8.9,21.1,3,"1982-1984",15
"3047","US",1984,126,12.4,6.1,22.2,3,"1982-1984",14.15
"3048","US",1984,127,12.2,6.1,17.8,3,"1982-1984",11.95
"3049","US",1984,128,14.6,9.4,19.4,3,"1982-1984",14.4
"3050","US",1984,129,10.6,3.3,20,3,"1982-1984",11.65
"3051","US",1984,130,9.9,3.3,17.8,3,"1982-1984",10.55
"3052","US",1984,131,15.8,3.9,27.8,3,"1982-1984",15.85
"3053","US",1984,132,19.2,6.1,28.9,3,"1982-1984",17.5
"3054","US",1984,133,18.4,11.1,26.7,3,"1982-1984",18.9
"3055","US",1984,134,21.8,11.1,28.3,3,"1982-1984",19.7
"3056","US",1984,135,17,10.6,28.9,3,"1982-1984",19.75
"3057","US",1984,136,15.1,8.3,21.1,3,"1982-1984",14.7
"3058","US",1984,137,15.6,8.3,22.8,3,"1982-1984",15.55
"3059","US",1984,138,17.4,8.3,26.1,3,"1982-1984",17.2
"3060","US",1984,139,20.1,8.9,27.8,3,"1982-1984",18.35
"3061","US",1984,140,20.8,11.1,27.8,3,"1982-1984",19.45
"3062","US",1984,141,19.1,15,27.2,3,"1982-1984",21.1
"3063","US",1984,142,19.5,15.6,26.1,3,"1982-1984",20.85
"3064","US",1984,143,20.9,15.6,26.7,3,"1982-1984",21.15
"3065","US",1984,144,17.1,10,25.6,3,"1982-1984",17.8
"3066","US",1984,145,18.2,10,26.7,3,"1982-1984",18.35
"3067","US",1984,146,20.6,10.6,26.7,3,"1982-1984",18.65
"3068","US",1984,147,15,10,26.7,3,"1982-1984",18.35
"3069","US",1984,148,14.5,10,20,3,"1982-1984",15
"3070","US",1984,149,13.7,9.4,16.1,3,"1982-1984",12.75
"3071","US",1984,150,10.8,3.9,18.9,3,"1982-1984",11.4
"3072","US",1984,151,12.7,3.9,20.6,3,"1982-1984",12.25
"3073","US",1984,152,15.6,3.9,25,3,"1982-1984",14.45
"3074","US",1984,153,21,6.7,29.4,3,"1982-1984",18.05
"3075","US",1984,154,20.8,12.8,29.4,3,"1982-1984",21.1
"3076","US",1984,155,18.9,11.7,26.1,3,"1982-1984",18.9
"3077","US",1984,156,22.6,11.7,27.8,3,"1982-1984",19.75
"3078","US",1984,157,22.7,17.2,28.9,3,"1982-1984",23.05
"3079","US",1984,158,23.3,17.2,28.9,3,"1982-1984",23.05
"3080","US",1984,159,23.3,19.4,28.9,3,"1982-1984",24.15
"3081","US",1984,160,25.1,19.4,28.9,3,"1982-1984",24.15
"3082","US",1984,161,22.5,17.2,28.9,3,"1982-1984",23.05
"3083","US",1984,162,24.2,17.2,29.4,3,"1982-1984",23.3
"3084","US",1984,163,24.6,20,30,3,"1982-1984",25
"3085","US",1984,164,25.1,19.4,31.1,3,"1982-1984",25.25
"3086","US",1984,165,25.6,19.4,32.2,3,"1982-1984",25.8
"3087","US",1984,166,24.3,20,31.7,3,"1982-1984",25.85
"3088","US",1984,167,22.7,18.9,32.2,3,"1982-1984",25.55
"3089","US",1984,168,23.7,18.9,31.1,3,"1982-1984",25
"3090","US",1984,169,26.5,18.9,31.7,3,"1982-1984",25.3
"3091","US",1984,170,25.6,21.7,31.7,3,"1982-1984",26.7
"3092","US",1984,171,25.1,20,30,3,"1982-1984",25
"3093","US",1984,172,23.7,20,30,3,"1982-1984",25
"3094","US",1984,173,22.6,21.1,27.8,3,"1982-1984",24.45
"3095","US",1984,174,24.6,21.1,30.6,3,"1982-1984",25.85
"3096","US",1984,175,25.4,19.4,32.2,3,"1982-1984",25.8
"3097","US",1984,176,22.2,15.6,31.7,3,"1982-1984",23.65
"3098","US",1984,177,22.3,15.6,28.3,3,"1982-1984",21.95
"3099","US",1984,178,21.9,15.6,28.3,3,"1982-1984",21.95
"3100","US",1984,179,23.2,16.7,27.2,3,"1982-1984",21.95
"3101","US",1984,180,22.9,15.6,28.3,3,"1982-1984",21.95
"3102","US",1984,181,22.5,15.6,28.3,3,"1982-1984",21.95
"3103","US",1984,182,19.8,12.8,28.3,3,"1982-1984",20.55
"3104","US",1984,183,19.6,12.8,26.7,3,"1982-1984",19.75
"3105","US",1984,184,21.9,13.3,28.9,3,"1982-1984",21.1
"3106","US",1984,185,24.4,14.4,32.2,3,"1982-1984",23.3
"3107","US",1984,186,20.8,17.8,32.2,3,"1982-1984",25
"3108","US",1984,187,22,17.2,28.9,3,"1982-1984",23.05
"3109","US",1984,188,23.8,17.2,29.4,3,"1982-1984",23.3
"3110","US",1984,189,20.5,14.4,27.2,3,"1982-1984",20.8
"3111","US",1984,190,22.9,14.4,33.3,3,"1982-1984",23.85
"3112","US",1984,191,29.1,17.2,34.4,3,"1982-1984",25.8
"3113","US",1984,192,28.3,23.3,35,3,"1982-1984",29.15
"3114","US",1984,193,24.8,20.6,34.4,3,"1982-1984",27.5
"3115","US",1984,194,23.5,16.1,30,3,"1982-1984",23.05
"3116","US",1984,195,25,16.1,31.7,3,"1982-1984",23.9
"3117","US",1984,196,26.1,17.2,34.4,3,"1982-1984",25.8
"3118","US",1984,197,28.2,19.4,34.4,3,"1982-1984",26.9
"3119","US",1984,198,23.8,18.3,31.7,3,"1982-1984",25
"3120","US",1984,199,22.9,17.2,28.9,3,"1982-1984",23.05
"3121","US",1984,200,21.1,13.9,29.4,3,"1982-1984",21.65
"3122","US",1984,201,22.5,13.9,32.8,3,"1982-1984",23.35
"3123","US",1984,202,24.3,13.9,33.3,3,"1982-1984",23.6
"3124","US",1984,203,26.8,18.3,34.4,3,"1982-1984",26.35
"3125","US",1984,204,27.3,19.4,35.6,3,"1982-1984",27.5
"3126","US",1984,205,27.7,19.4,35.6,3,"1982-1984",27.5
"3127","US",1984,206,25.9,18.3,35,3,"1982-1984",26.65
"3128","US",1984,207,26.8,18.3,33.9,3,"1982-1984",26.1
"3129","US",1984,208,26.5,19.4,33.9,3,"1982-1984",26.65
"3130","US",1984,209,21.1,15,32.2,3,"1982-1984",23.6
"3131","US",1984,210,22.6,15,28.9,3,"1982-1984",21.95
"3132","US",1984,211,21,13.3,29.4,3,"1982-1984",21.35
"3133","US",1984,212,21.4,13.3,30,3,"1982-1984",21.65
"3134","US",1984,213,22.6,14.4,30,3,"1982-1984",22.2
"3135","US",1984,214,23.8,16.1,32.2,3,"1982-1984",24.15
"3136","US",1984,215,24.4,16.1,32.8,3,"1982-1984",24.45
"3137","US",1984,216,25.5,18.3,33.9,3,"1982-1984",26.1
"3138","US",1984,217,23.3,15.6,34.4,3,"1982-1984",25
"3139","US",1984,218,26.6,15.6,35.6,3,"1982-1984",25.6
"3140","US",1984,219,28.4,18.9,36.7,3,"1982-1984",27.8
"3141","US",1984,220,28.4,20.6,37.8,3,"1982-1984",29.2
"3142","US",1984,221,28.3,20.6,36.1,3,"1982-1984",28.35
"3143","US",1984,222,27.2,20,33.9,3,"1982-1984",26.95
"3144","US",1984,223,26.7,20,33.9,3,"1982-1984",26.95
"3145","US",1984,224,24.2,17.2,32.8,3,"1982-1984",25
"3146","US",1984,225,23.7,16.7,32.2,3,"1982-1984",24.45
"3147","US",1984,226,25.1,16.7,32.8,3,"1982-1984",24.75
"3148","US",1984,227,25.1,17.2,34.4,3,"1982-1984",25.8
"3149","US",1984,228,26.2,17.2,35,3,"1982-1984",26.1
"3150","US",1984,229,27.7,18.9,36.1,3,"1982-1984",27.5
"3151","US",1984,230,28.6,20.6,36.7,3,"1982-1984",28.65
"3152","US",1984,231,26.4,18.9,36.7,3,"1982-1984",27.8
"3153","US",1984,232,24.9,20,32.2,3,"1982-1984",26.1
"3154","US",1984,233,22.7,15,32.2,3,"1982-1984",23.6
"3155","US",1984,234,24.7,15,33.3,3,"1982-1984",24.15
"3156","US",1984,235,26.8,16.7,35,3,"1982-1984",25.85
"3157","US",1984,236,20,11.7,33.3,3,"1982-1984",22.5
"3158","US",1984,237,19.3,11.7,28.3,3,"1982-1984",20
"3159","US",1984,238,21,12.8,30,3,"1982-1984",21.4
"3160","US",1984,239,22.7,12.8,32.8,3,"1982-1984",22.8
"3161","US",1984,240,25.8,13.9,34.4,3,"1982-1984",24.15
"3162","US",1984,241,28.2,18.9,41.1,3,"1982-1984",30
"3163","US",1984,242,32,18.9,43.3,3,"1982-1984",31.1
"3164","US",1984,243,28.6,19.4,43.3,3,"1982-1984",31.35
"3165","US",1984,244,24.2,16.1,33.3,3,"1982-1984",24.7
"3166","US",1984,245,28.2,16.1,37.2,3,"1982-1984",26.65
"3167","US",1984,246,25.4,20.6,37.2,3,"1982-1984",28.9
"3168","US",1984,247,18.9,15.6,30,3,"1982-1984",22.8
"3169","US",1984,248,16.9,8.9,23.9,3,"1982-1984",16.4
"3170","US",1984,249,19.2,8.9,27.8,3,"1982-1984",18.35
"3171","US",1984,250,22.3,11.1,33.9,3,"1982-1984",22.5
"3172","US",1984,251,26.8,16.1,33.9,3,"1982-1984",25
"3173","US",1984,252,21.6,18.9,33.3,3,"1982-1984",26.1
"3174","US",1984,253,19.9,17.2,26.7,3,"1982-1984",21.95
"3175","US",1984,254,23.3,17.2,32.8,3,"1982-1984",25
"3176","US",1984,255,23.7,18.3,32.8,3,"1982-1984",25.55
"3177","US",1984,256,25.9,20,33.3,3,"1982-1984",26.65
"3178","US",1984,257,26.1,21.1,33.9,3,"1982-1984",27.5
"3179","US",1984,258,19.7,16.1,33.9,3,"1982-1984",25
"3180","US",1984,259,13.7,6.7,22.2,3,"1982-1984",14.45
"3181","US",1984,260,12.7,6.1,20,3,"1982-1984",13.05
"3182","US",1984,261,13.1,6.1,20,3,"1982-1984",13.05
"3183","US",1984,262,15.6,8.9,23.3,3,"1982-1984",16.1
"3184","US",1984,263,18.6,8.9,26.7,3,"1982-1984",17.8
"3185","US",1984,264,20.3,10.6,28.3,3,"1982-1984",19.45
"3186","US",1984,265,20.1,12.8,29.4,3,"1982-1984",21.1
"3187","US",1984,266,19,13.3,28.9,3,"1982-1984",21.1
"3188","US",1984,267,22.3,16.7,28.9,3,"1982-1984",22.8
"3189","US",1984,268,25.1,18.9,30,3,"1982-1984",24.45
"3190","US",1984,269,19,10.6,30.6,3,"1982-1984",20.6
"3191","US",1984,270,8.6,2.2,13.9,3,"1982-1984",8.05
"3192","US",1984,271,9.6,2.2,14.4,3,"1982-1984",8.3
"3193","US",1984,272,10.3,7.2,13.3,3,"1982-1984",10.25
"3194","US",1984,273,7.7,3.3,13.3,3,"1982-1984",8.3
"3195","US",1984,274,7.8,0,15.6,3,"1982-1984",7.8
"3196","US",1984,275,11.1,0,18.3,3,"1982-1984",9.15
"3197","US",1984,276,11.9,3.3,21.1,3,"1982-1984",12.2
"3198","US",1984,277,16.8,3.3,25.6,3,"1982-1984",14.45
"3199","US",1984,278,18.6,10,26.7,3,"1982-1984",18.35
"3200","US",1984,279,18.1,12.8,24.4,3,"1982-1984",18.6
"3201","US",1984,280,18.6,14.4,23.9,3,"1982-1984",19.15
"3202","US",1984,281,19.6,15,23.9,3,"1982-1984",19.45
"3203","US",1984,282,16.8,11.1,23.3,3,"1982-1984",17.2
"3204","US",1984,283,16.7,9.4,23.3,3,"1982-1984",16.35
"3205","US",1984,284,17.6,9.4,23.9,3,"1982-1984",16.65
"3206","US",1984,285,18.2,13.9,22.2,3,"1982-1984",18.05
"3207","US",1984,286,16.4,12.8,21.7,3,"1982-1984",17.25
"3208","US",1984,287,18,12.8,21.7,3,"1982-1984",17.25
"3209","US",1984,288,19.1,16.7,23.9,3,"1982-1984",20.3
"3210","US",1984,289,17.8,15.6,24,3,"1982-1984",19.8
"3211","US",1984,290,13.8,9.4,22.2,3,"1982-1984",15.8
"3212","US",1984,291,11.5,2.8,22.8,3,"1982-1984",12.8
"3213","US",1984,292,15.1,11.7,21.1,3,"1982-1984",16.4
"3214","US",1984,293,12.3,5.6,21.7,3,"1982-1984",13.65
"3215","US",1984,294,8.3,5.6,15.6,3,"1982-1984",10.6
"3216","US",1984,295,8.2,5.6,11.1,3,"1982-1984",8.35
"3217","US",1984,296,8.4,4.4,12.8,3,"1982-1984",8.6
"3218","US",1984,297,8.4,3.3,13.3,3,"1982-1984",8.3
"3219","US",1984,298,7.6,1.7,16.1,3,"1982-1984",8.9
"3220","US",1984,299,12.5,1.7,17.2,3,"1982-1984",9.45
"3221","US",1984,300,15.3,9.4,21.7,3,"1982-1984",15.55
"3222","US",1984,301,19.6,12.2,22.2,3,"1982-1984",17.2
"3223","US",1984,302,12.7,8.3,21.7,3,"1982-1984",15
"3224","US",1984,303,7.8,4.4,18.3,3,"1982-1984",11.35
"3225","US",1984,304,10.2,4.4,15,3,"1982-1984",9.7
"3226","US",1984,305,15.4,6.7,24.4,3,"1982-1984",15.55
"3227","US",1984,306,14.5,3.9,24.4,3,"1982-1984",14.15
"3228","US",1984,307,1.2,-3.3,7.8,3,"1982-1984",2.25
"3229","US",1984,308,4.7,-3.3,16.1,3,"1982-1984",6.4
"3230","US",1984,309,12.4,8.9,18.9,3,"1982-1984",13.9
"3231","US",1984,310,9.9,3.9,19.4,3,"1982-1984",11.65
"3232","US",1984,311,6,-1.1,15,3,"1982-1984",6.95
"3233","US",1984,312,10.8,7.8,16.1,3,"1982-1984",11.95
"3234","US",1984,313,13.8,8.3,17.2,3,"1982-1984",12.75
"3235","US",1984,314,18.2,10,25,3,"1982-1984",17.5
"3236","US",1984,315,7.7,2.2,17.2,3,"1982-1984",9.7
"3237","US",1984,316,1,0,1.7,3,"1982-1984",0.85
"3238","US",1984,317,0.6,-5,8.3,3,"1982-1984",1.65
"3239","US",1984,318,6,-5,15.6,3,"1982-1984",5.3
"3240","US",1984,319,10.7,0,16.1,3,"1982-1984",8.05
"3241","US",1984,320,11.6,7.2,16.7,3,"1982-1984",11.95
"3242","US",1984,321,3,-3.3,13.3,3,"1982-1984",5
"3243","US",1984,322,0.8,-3.3,7.8,3,"1982-1984",2.25
"3244","US",1984,323,0.3,-2.8,5,3,"1982-1984",1.1
"3245","US",1984,324,1.1,-1.1,3.3,3,"1982-1984",1.1
"3246","US",1984,325,-1.7,-5.6,3.3,3,"1982-1984",-1.15
"3247","US",1984,326,-1.4,-6.1,5,3,"1982-1984",-0.55
"3248","US",1984,327,0.4,-6.1,9.4,3,"1982-1984",1.65
"3249","US",1984,328,4.9,-4.4,11.7,3,"1982-1984",3.65
"3250","US",1984,329,6.6,0,15,3,"1982-1984",7.5
"3251","US",1984,330,6.5,0,15.6,3,"1982-1984",7.8
"3252","US",1984,331,13.4,1.7,18.9,3,"1982-1984",10.3
"3253","US",1984,332,7.8,2.2,19.4,3,"1982-1984",10.8
"3254","US",1984,333,1.6,-2.2,10,3,"1982-1984",3.9
"3255","US",1984,334,4.8,-2.2,11.7,3,"1982-1984",4.75
"3256","US",1984,335,4.2,0,11.7,3,"1982-1984",5.85
"3257","US",1984,336,3.5,-2.2,12.8,3,"1982-1984",5.3
"3258","US",1984,337,6.6,-2.2,13.3,3,"1982-1984",5.55
"3259","US",1984,338,-3.4,-7.2,-0.6,3,"1982-1984",-3.9
"3260","US",1984,339,-2.9,-7.2,3.9,3,"1982-1984",-1.65
"3261","US",1984,340,-2.2,-6.7,3.9,3,"1982-1984",-1.4
"3262","US",1984,341,-8.6,-15,0,3,"1982-1984",-7.5
"3263","US",1984,342,-4.3,-15,10,3,"1982-1984",-2.5
"3264","US",1984,343,4.5,0,13.3,3,"1982-1984",6.65
"3265","US",1984,344,6.6,-0.6,14.4,3,"1982-1984",6.9
"3266","US",1984,345,6.9,0.6,15,3,"1982-1984",7.8
"3267","US",1984,346,7.2,1.1,15,3,"1982-1984",8.05
"3268","US",1984,347,11.8,1.1,16.7,3,"1982-1984",8.9
"3269","US",1984,348,1.3,-0.6,4.4,3,"1982-1984",1.9
"3270","US",1984,349,6.1,-0.6,9.4,3,"1982-1984",4.4
"3271","US",1984,350,8.2,1.7,18.3,3,"1982-1984",10
"3272","US",1984,351,14,3.9,18.9,3,"1982-1984",11.4
"3273","US",1984,352,6.3,1.7,17.2,3,"1982-1984",9.45
"3274","US",1984,353,-1.4,-4.4,1.1,3,"1982-1984",-1.65
"3275","US",1984,354,-1.1,-4.4,0.6,3,"1982-1984",-1.9
"3276","US",1984,355,-1.8,-3.9,0.6,3,"1982-1984",-1.65
"3277","US",1984,356,6.9,-3.9,15.6,3,"1982-1984",5.85
"3278","US",1984,357,1.1,-3.3,5.6,3,"1982-1984",1.15
"3279","US",1984,358,2.3,-3.3,11.7,3,"1982-1984",4.2
"3280","US",1984,359,0.1,-7.2,11.7,3,"1982-1984",2.25
"3281","US",1984,360,-8.5,-12.8,5.6,3,"1982-1984",-3.6
"3282","US",1984,361,1.6,-3.9,8.9,3,"1982-1984",2.5
"3283","US",1984,362,10.9,8.3,17.2,3,"1982-1984",12.75
"3284","US",1984,363,18.1,8.3,21.7,3,"1982-1984",15
"3285","US",1984,364,13.8,1.1,21.7,3,"1982-1984",11.4
"3286","US",1984,365,-0.4,-1.7,0.6,3,"1982-1984",-0.55
"3287","US",1984,366,1.6,-1.7,2.8,3,"1982-1984",0.55
"3288","US",2022,1,2.3,-7.2,17.2,3,"2022-2024",5
"3289","US",2022,2,-9.3,-12.2,-7,3,"2022-2024",-9.6
"3290","US",2022,3,-8.2,-12.2,1.1,3,"2022-2024",-5.55
"3291","US",2022,4,0.2,-12.2,8.3,3,"2022-2024",-1.95
"3292","US",2022,5,-1,-7.8,8.3,3,"2022-2024",0.25
"3293","US",2022,6,-8.4,-10.6,-5.6,3,"2022-2024",-8.1
"3294","US",2022,7,-10.4,-13.9,-3.9,3,"2022-2024",-8.9
"3295","US",2022,8,-1.7,-13.9,7.2,3,"2022-2024",-3.35
"3296","US",2022,9,2.3,-6,7.8,3,"2022-2024",0.9
"3297","US",2022,10,-3.3,-8.3,7.8,3,"2022-2024",-0.25
"3298","US",2022,11,0.4,-8.3,14.4,3,"2022-2024",3.05
"3299","US",2022,12,7.9,-6.6,14.4,3,"2022-2024",3.9
"3300","US",2022,13,7.7,2.8,14.4,3,"2022-2024",8.6
"3301","US",2022,14,5.3,1.1,14.4,3,"2022-2024",7.75
"3302","US",2022,15,1.9,-2.2,9.4,3,"2022-2024",3.6
"3303","US",2022,16,-4.9,-9,-1.7,3,"2022-2024",-5.35
"3304","US",2022,17,-0.1,-8.3,2.8,3,"2022-2024",-2.75
"3305","US",2022,18,3.1,-1.7,13.3,3,"2022-2024",5.8
"3306","US",2022,19,1.4,-7.2,13.3,3,"2022-2024",3.05
"3307","US",2022,20,-11.3,-15,-7.2,3,"2022-2024",-11.1
"3308","US",2022,21,-12.4,-17.2,-4.4,3,"2022-2024",-10.8
"3309","US",2022,22,-3.4,-16.7,6.7,3,"2022-2024",-5
"3310","US",2022,23,2.4,-9.9,6.7,3,"2022-2024",-1.6
"3311","US",2022,24,3.9,-3.3,11.7,3,"2022-2024",4.2
"3312","US",2022,25,-6.3,-11.7,4.4,3,"2022-2024",-3.65
"3313","US",2022,26,-9.3,-15.6,-1.1,3,"2022-2024",-8.35
"3314","US",2022,27,0.5,-4.4,5.6,3,"2022-2024",0.6
"3315","US",2022,28,-2.3,-7.2,5.6,3,"2022-2024",-0.8
"3316","US",2022,29,-3.6,-10.6,11.1,3,"2022-2024",0.25
"3317","US",2022,30,2.7,-1.7,8.3,3,"2022-2024",3.3
"3318","US",2022,31,2.8,-3.3,15,3,"2022-2024",5.85
"3319","US",2022,32,9.6,-2.1,15,3,"2022-2024",6.45
"3320","US",2022,33,-4.8,-8.9,3.3,3,"2022-2024",-2.8
"3321","US",2022,34,-9.7,-11.1,-1.7,3,"2022-2024",-6.4
"3322","US",2022,35,-9.3,-14.4,-1.1,3,"2022-2024",-7.75
"3323","US",2022,36,-6.1,-13.9,5,3,"2022-2024",-4.45
"3324","US",2022,37,1,-3.9,6.1,3,"2022-2024",1.1
"3325","US",2022,38,0.3,-5.6,6.1,3,"2022-2024",0.25
"3326","US",2022,39,4.6,-4.9,12.2,3,"2022-2024",3.65
"3327","US",2022,40,7.2,0,12.2,3,"2022-2024",6.1
"3328","US",2022,41,4,-0.6,11.7,3,"2022-2024",5.55
"3329","US",2022,42,7.4,-0.5,11.1,3,"2022-2024",5.3
"3330","US",2022,43,-3.9,-10,11.1,3,"2022-2024",0.55
"3331","US",2022,44,-4.3,-8.3,1.1,3,"2022-2024",-3.6
"3332","US",2022,45,-0.9,-7.8,10.6,3,"2022-2024",1.4
"3333","US",2022,46,5.7,-6.6,19.4,3,"2022-2024",6.4
"3334","US",2022,47,14.6,12.2,18.9,3,"2022-2024",15.55
"3335","US",2022,48,3,-7.8,18.9,3,"2022-2024",5.55
"3336","US",2022,49,-6.9,-14.4,4.4,3,"2022-2024",-5
"3337","US",2022,50,-0.3,-13.9,4.4,3,"2022-2024",-4.75
"3338","US",2022,51,6.3,-3.9,17.8,3,"2022-2024",6.95
"3339","US",2022,52,11.5,1.1,22.2,3,"2022-2024",11.65
"3340","US",2022,53,9.8,-3.9,22.2,3,"2022-2024",9.15
"3341","US",2022,54,-7.9,-10.6,-3.9,3,"2022-2024",-7.25
"3342","US",2022,55,-5.8,-7.8,-3,3,"2022-2024",-5.4
"3343","US",2022,56,-6,-9.4,-3.3,3,"2022-2024",-6.35
"3344","US",2022,57,-4.1,-9.4,4.4,3,"2022-2024",-2.5
"3345","US",2022,58,2,-3.9,11,3,"2022-2024",3.55
"3346","US",2022,59,6.9,-4.9,18.9,3,"2022-2024",7
"3347","US",2022,60,11.6,-1.6,23.3,3,"2022-2024",10.85
"3348","US",2022,61,15.9,2.8,27.8,3,"2022-2024",15.3
"3349","US",2022,62,12.3,4.4,27.8,3,"2022-2024",16.1
"3350","US",2022,63,7.9,1.1,22.8,3,"2022-2024",11.95
"3351","US",2022,64,17.6,12.8,23.9,3,"2022-2024",18.35
"3352","US",2022,65,8.6,0.6,24.4,3,"2022-2024",12.5
"3353","US",2022,66,1.3,-1,6.1,3,"2022-2024",2.55
"3354","US",2022,67,-0.2,-4.4,5.6,3,"2022-2024",0.6
"3355","US",2022,68,3.2,-4.3,10,3,"2022-2024",2.85
"3356","US",2022,69,-0.2,-3.3,10,3,"2022-2024",3.35
"3357","US",2022,70,-3.9,-7,0,3,"2022-2024",-3.5
"3358","US",2022,71,-6.9,-13.3,0.6,3,"2022-2024",-6.35
"3359","US",2022,72,6.4,-2.8,19.4,3,"2022-2024",8.3
"3360","US",2022,73,11.9,0.6,19.4,3,"2022-2024",10
"3361","US",2022,74,13.9,5.6,21.7,3,"2022-2024",13.65
"3362","US",2022,75,15.1,7.2,23.3,3,"2022-2024",15.25
"3363","US",2022,76,17.2,7.2,25.6,3,"2022-2024",16.4
"3364","US",2022,77,13.9,6.7,25.6,3,"2022-2024",16.15
"3365","US",2022,78,7.3,3.9,14.4,3,"2022-2024",9.15
"3366","US",2022,79,12.4,3.9,23.9,3,"2022-2024",13.9
"3367","US",2022,80,17.1,3.9,23.9,3,"2022-2024",13.9
"3368","US",2022,81,12.9,10,23.9,3,"2022-2024",16.95
"3369","US",2022,82,8.4,4.4,17.8,3,"2022-2024",11.1
"3370","US",2022,83,4.2,2.8,11.1,3,"2022-2024",6.95
"3371","US",2022,84,7,3.3,13.3,3,"2022-2024",8.3
"3372","US",2022,85,7.5,2.8,13.3,3,"2022-2024",8.05
"3373","US",2022,86,3.9,-0.6,11.7,3,"2022-2024",5.55
"3374","US",2022,87,5.9,-0.5,12.8,3,"2022-2024",6.15
"3375","US",2022,88,11.2,1.1,23.9,3,"2022-2024",12.5
"3376","US",2022,89,14.5,6.1,23.9,3,"2022-2024",15
"3377","US",2022,90,3.2,2.8,5.6,3,"2022-2024",4.2
"3378","US",2022,91,3.8,-1.7,12.8,3,"2022-2024",5.55
"3379","US",2022,92,10.2,-1.6,16.1,3,"2022-2024",7.25
"3380","US",2022,93,11.4,2.8,21.1,3,"2022-2024",11.95
"3381","US",2022,94,13.4,3.3,21.1,3,"2022-2024",12.2
"3382","US",2022,95,14.2,7.8,23.9,3,"2022-2024",15.85
"3383","US",2022,96,12.2,6.7,23.9,3,"2022-2024",15.3
"3384","US",2022,97,7.7,5,16.7,3,"2022-2024",10.85
"3385","US",2022,98,3.6,1.1,9.4,3,"2022-2024",5.25
"3386","US",2022,99,5.8,0,16.1,3,"2022-2024",8.05
"3387","US",2022,100,15.8,8.9,29.4,3,"2022-2024",19.15
"3388","US",2022,101,16.3,8.3,29.4,3,"2022-2024",18.85
"3389","US",2022,102,15.9,9.4,28.3,3,"2022-2024",18.85
"3390","US",2022,103,16,4.4,28.3,3,"2022-2024",16.35
"3391","US",2022,104,6.6,0.6,21.7,3,"2022-2024",11.15
"3392","US",2022,105,12.3,0.6,22.2,3,"2022-2024",11.4
"3393","US",2022,106,9.1,3.3,22.2,3,"2022-2024",12.75
"3394","US",2022,107,6.9,3.3,14.4,3,"2022-2024",8.85
"3395","US",2022,108,5.8,2.2,12.2,3,"2022-2024",7.2
"3396","US",2022,109,6.7,-1.1,15.6,3,"2022-2024",7.25
"3397","US",2022,110,9.6,-1,15.6,3,"2022-2024",7.3
"3398","US",2022,111,15.9,6.7,25,3,"2022-2024",15.85
"3399","US",2022,112,22.4,11.7,29.4,3,"2022-2024",20.55
"3400","US",2022,113,24.2,18.3,30,3,"2022-2024",24.15
"3401","US",2022,114,18.9,12,26.7,3,"2022-2024",19.35
"3402","US",2022,115,12.6,7.8,23.3,3,"2022-2024",15.55
"3403","US",2022,116,9.9,2.8,17.8,3,"2022-2024",10.3
"3404","US",2022,117,15.1,2.8,25,3,"2022-2024",13.9
"3405","US",2022,118,16.4,6.7,25,3,"2022-2024",15.85
"3406","US",2022,119,14.3,12.2,19.4,3,"2022-2024",15.8
"3407","US",2022,120,18.2,12.8,22.8,3,"2022-2024",17.8
"3408","US",2022,121,15.1,10,22.8,3,"2022-2024",16.4
"3409","US",2022,122,13.2,8.3,20.6,3,"2022-2024",14.45
"3410","US",2022,123,12.9,8.3,15.6,3,"2022-2024",11.95
"3411","US",2022,124,11.2,10,15,3,"2022-2024",12.5
"3412","US",2022,125,13.1,10,16.7,3,"2022-2024",13.35
"3413","US",2022,126,14.3,11.7,20,3,"2022-2024",15.85
"3414","US",2022,127,15.8,7.8,23.3,3,"2022-2024",15.55
"3415","US",2022,128,18.8,7.8,26.7,3,"2022-2024",17.25
"3416","US",2022,129,24.7,13.3,33.3,3,"2022-2024",23.3
"3417","US",2022,130,27.9,18.9,33.9,3,"2022-2024",26.4
"3418","US",2022,131,27.8,22.2,33.9,3,"2022-2024",28.05
"3419","US",2022,132,27.5,20,33.9,3,"2022-2024",26.95
"3420","US",2022,133,26.6,19.4,33.9,3,"2022-2024",26.65
"3421","US",2022,134,24.6,17.8,32.8,3,"2022-2024",25.3
"3422","US",2022,135,22.7,17.2,32.2,3,"2022-2024",24.7
"3423","US",2022,136,19.4,11.7,27.2,3,"2022-2024",19.45
"3424","US",2022,137,21.3,11.7,27.8,3,"2022-2024",19.75
"3425","US",2022,138,22.2,12.8,27.8,3,"2022-2024",20.3
"3426","US",2022,139,21.3,15,27.2,3,"2022-2024",21.1
"3427","US",2022,140,24.4,15,30.6,3,"2022-2024",22.8
"3428","US",2022,141,15.8,11.1,30.6,3,"2022-2024",20.85
"3429","US",2022,142,13.3,8.3,18.9,3,"2022-2024",13.6
"3430","US",2022,143,13.7,6.7,20,3,"2022-2024",13.35
"3431","US",2022,144,16.6,6.7,20,3,"2022-2024",13.35
"3432","US",2022,145,19.4,14.4,25,3,"2022-2024",19.7
"3433","US",2022,146,16.8,14.4,25,3,"2022-2024",19.7
"3434","US",2022,147,15.8,12.2,23.9,3,"2022-2024",18.05
"3435","US",2022,148,19.3,12.2,26.7,3,"2022-2024",19.45
"3436","US",2022,149,24.3,12.2,32.2,3,"2022-2024",22.2
"3437","US",2022,150,25.6,18.9,32.2,3,"2022-2024",25.55
"3438","US",2022,151,25.4,19.4,30.6,3,"2022-2024",25
"3439","US",2022,152,21.4,17.8,28.3,3,"2022-2024",23.05
"3440","US",2022,153,18.9,13.9,24.4,3,"2022-2024",19.15
"3441","US",2022,154,19.9,12.2,27.8,3,"2022-2024",20
"3442","US",2022,155,21.7,12.2,27.8,3,"2022-2024",20
"3443","US",2022,156,22.4,13.9,27.8,3,"2022-2024",20.85
"3444","US",2022,157,22.3,17.2,27.8,3,"2022-2024",22.5
"3445","US",2022,158,23.6,17.8,28.9,3,"2022-2024",23.35
"3446","US",2022,159,22.1,18,27.8,3,"2022-2024",22.9
"3447","US",2022,160,21.6,15,27.8,3,"2022-2024",21.4
"3448","US",2022,161,22.6,15,28.9,3,"2022-2024",21.95
"3449","US",2022,162,24.2,17.8,31.7,3,"2022-2024",24.75
"3450","US",2022,163,28.1,18.9,32.8,3,"2022-2024",25.85
"3451","US",2022,164,29.3,25,35.6,3,"2022-2024",30.3
"3452","US",2022,165,30,24.4,35.6,3,"2022-2024",30
"3453","US",2022,166,28.8,24.4,34.4,3,"2022-2024",29.4
"3454","US",2022,167,29.2,25,34.4,3,"2022-2024",29.7
"3455","US",2022,168,29.1,22.2,34.4,3,"2022-2024",28.3
"3456","US",2022,169,27.4,22.2,34.4,3,"2022-2024",28.3
"3457","US",2022,170,24,16.7,31.1,3,"2022-2024",23.9
"3458","US",2022,171,24.7,15.6,32.8,3,"2022-2024",24.2
"3459","US",2022,172,27.8,15.6,35,3,"2022-2024",25.3
"3460","US",2022,173,27.8,20.6,35,3,"2022-2024",27.8
"3461","US",2022,174,25.7,18.3,32.8,3,"2022-2024",25.55
"3462","US",2022,175,25.2,18.3,32.2,3,"2022-2024",25.25
"3463","US",2022,176,30.9,24,36.7,3,"2022-2024",30.35
"3464","US",2022,177,26.1,18.3,34.4,3,"2022-2024",26.35
"3465","US",2022,178,22.4,15.6,28.3,3,"2022-2024",21.95
"3466","US",2022,179,22.7,15.6,28.9,3,"2022-2024",22.25
"3467","US",2022,180,24.6,16.1,32.8,3,"2022-2024",24.45
"3468","US",2022,181,26.1,16.1,32.8,3,"2022-2024",24.45
"3469","US",2022,182,27.1,19.4,35,3,"2022-2024",27.2
"3470","US",2022,183,23.8,19.4,35,3,"2022-2024",27.2
"3471","US",2022,184,24.7,21.1,31.7,3,"2022-2024",26.4
"3472","US",2022,185,29.1,21.1,35.6,3,"2022-2024",28.35
"3473","US",2022,186,31.3,23.9,37.2,3,"2022-2024",30.55
"3474","US",2022,187,29.5,23.9,37.2,3,"2022-2024",30.55
"3475","US",2022,188,27.5,23.9,36.1,3,"2022-2024",30
"3476","US",2022,189,27.9,23.3,33.3,3,"2022-2024",28.3
"3477","US",2022,190,25.5,22.2,33.3,3,"2022-2024",27.75
"3478","US",2022,191,25.4,18.9,31.7,3,"2022-2024",25.3
"3479","US",2022,192,28.2,18.9,37.2,3,"2022-2024",28.05
"3480","US",2022,193,28.1,20.6,37.2,3,"2022-2024",28.9
"3481","US",2022,194,26.3,17.8,33.9,3,"2022-2024",25.85
"3482","US",2022,195,27.8,17.8,35.6,3,"2022-2024",26.7
"3483","US",2022,196,28.8,19.4,36.7,3,"2022-2024",28.05
"3484","US",2022,197,30.6,22.8,36.7,3,"2022-2024",29.75
"3485","US",2022,198,25.3,22.8,35.6,3,"2022-2024",29.2
"3486","US",2022,199,25.8,19.4,32.8,3,"2022-2024",26.1
"3487","US",2022,200,27.7,19.4,36.1,3,"2022-2024",27.75
"3488","US",2022,201,30.3,20.6,36.7,3,"2022-2024",28.65
"3489","US",2022,202,28.5,19.4,37.8,3,"2022-2024",28.6
"3490","US",2022,203,30.1,21.7,40,3,"2022-2024",30.85
"3491","US",2022,204,32.4,21.7,40.6,3,"2022-2024",31.15
"3492","US",2022,205,32,24.4,40.6,3,"2022-2024",32.5
"3493","US",2022,206,23.9,21.1,37.8,3,"2022-2024",29.45
"3494","US",2022,207,21.3,17.8,27.8,3,"2022-2024",22.8
"3495","US",2022,208,24.7,17.8,31.1,3,"2022-2024",24.45
"3496","US",2022,209,25.3,21.1,31.1,3,"2022-2024",26.1
"3497","US",2022,210,23.7,17.8,30,3,"2022-2024",23.9
"3498","US",2022,211,22.9,17.8,28.9,3,"2022-2024",23.35
"3499","US",2022,212,24.6,18.9,31.1,3,"2022-2024",25
"3500","US",2022,213,28.7,21.1,35.6,3,"2022-2024",28.35
"3501","US",2022,214,29.4,23.3,36.1,3,"2022-2024",29.7
"3502","US",2022,215,29.9,23.3,37.2,3,"2022-2024",30.25
"3503","US",2022,216,27.4,23.3,37.2,3,"2022-2024",30.25
"3504","US",2022,217,28.7,23.3,36.1,3,"2022-2024",29.7
"3505","US",2022,218,30.2,23.3,36.7,3,"2022-2024",30
"3506","US",2022,219,30.2,24.4,36.7,3,"2022-2024",30.55
"3507","US",2022,220,29.1,24.4,36.1,3,"2022-2024",30.25
"3508","US",2022,221,25.4,21.1,33.3,3,"2022-2024",27.2
"3509","US",2022,222,24.4,18.9,30.6,3,"2022-2024",24.75
"3510","US",2022,223,24.5,16.7,32.2,3,"2022-2024",24.45
"3511","US",2022,224,25.3,16.7,32.2,3,"2022-2024",24.45
"3512","US",2022,225,25.5,18.9,33.9,3,"2022-2024",26.4
"3513","US",2022,226,26.7,18.9,33.9,3,"2022-2024",26.4
"3514","US",2022,227,23.4,19.4,32.2,3,"2022-2024",25.8
"3515","US",2022,228,21.1,18.9,27.8,3,"2022-2024",23.35
"3516","US",2022,229,22.6,18.3,29.4,3,"2022-2024",23.85
"3517","US",2022,230,22.9,16.1,29.4,3,"2022-2024",22.75
"3518","US",2022,231,23.4,16.1,30,3,"2022-2024",23.05
"3519","US",2022,232,25.2,17.2,30.6,3,"2022-2024",23.9
"3520","US",2022,233,23.2,17.8,30.6,3,"2022-2024",24.2
"3521","US",2022,234,23.8,17.2,30,3,"2022-2024",23.6
"3522","US",2022,235,23.8,17.2,30.6,3,"2022-2024",23.9
"3523","US",2022,236,24.7,18.3,31.7,3,"2022-2024",25
"3524","US",2022,237,25.8,18.9,33.3,3,"2022-2024",26.1
"3525","US",2022,238,26.2,18.9,33.3,3,"2022-2024",26.1
"3526","US",2022,239,26.5,20,33.9,3,"2022-2024",26.95
"3527","US",2022,240,24.8,20.6,33.9,3,"2022-2024",27.25
"3528","US",2022,241,27,22.2,33.3,3,"2022-2024",27.75
"3529","US",2022,242,25.4,19.4,33.3,3,"2022-2024",26.35
"3530","US",2022,243,23.7,15,32.8,3,"2022-2024",23.9
"3531","US",2022,244,24.5,16.1,32.2,3,"2022-2024",24.15
"3532","US",2022,245,23.5,17.2,32.2,3,"2022-2024",24.7
"3533","US",2022,246,22.9,16.1,31.7,3,"2022-2024",23.9
"3534","US",2022,247,23.3,16.7,31.7,3,"2022-2024",24.2
"3535","US",2022,248,22.2,18.9,28.3,3,"2022-2024",23.6
"3536","US",2022,249,22.2,18.9,27.8,3,"2022-2024",23.35
"3537","US",2022,250,23.1,17.8,29.4,3,"2022-2024",23.6
"3538","US",2022,251,22.6,15.6,30,3,"2022-2024",22.8
"3539","US",2022,252,22.6,15.6,30,3,"2022-2024",22.8
"3540","US",2022,253,23.7,15.6,31.7,3,"2022-2024",23.65
"3541","US",2022,254,20.1,15,31.7,3,"2022-2024",23.35
"3542","US",2022,255,19.1,12.2,27.2,3,"2022-2024",19.7
"3543","US",2022,256,20.6,12.2,29.4,3,"2022-2024",20.8
"3544","US",2022,257,22.7,12.8,31.1,3,"2022-2024",21.95
"3545","US",2022,258,22.8,15,31.1,3,"2022-2024",23.05
"3546","US",2022,259,22.6,16.1,30,3,"2022-2024",23.05
"3547","US",2022,260,24.9,16.7,32.2,3,"2022-2024",24.45
"3548","US",2022,261,24.1,20,32.2,3,"2022-2024",26.1
"3549","US",2022,262,28.3,20.6,36.7,3,"2022-2024",28.65
"3550","US",2022,263,28.9,21.1,36.7,3,"2022-2024",28.9
"3551","US",2022,264,27.8,21.7,36.7,3,"2022-2024",29.2
"3552","US",2022,265,18.9,15.6,26.1,3,"2022-2024",20.85
"3553","US",2022,266,14.4,12.8,22.2,3,"2022-2024",17.5
"3554","US",2022,267,18.7,11.1,31.1,3,"2022-2024",21.1
"3555","US",2022,268,21.7,11.1,31.1,3,"2022-2024",21.1
"3556","US",2022,269,17.1,9.4,27.2,3,"2022-2024",18.3
"3557","US",2022,270,17.2,9.4,26.1,3,"2022-2024",17.75
"3558","US",2022,271,14.8,7.2,26.1,3,"2022-2024",16.65
"3559","US",2022,272,13.2,6.1,22.2,3,"2022-2024",14.15
"3560","US",2022,273,15.2,6.1,23.9,3,"2022-2024",15
"3561","US",2022,274,16.2,7.8,25.6,3,"2022-2024",16.7
"3562","US",2022,275,17.2,7.8,26.7,3,"2022-2024",17.25
"3563","US",2022,276,17.9,10,26.7,3,"2022-2024",18.35
"3564","US",2022,277,16.9,8.9,26.7,3,"2022-2024",17.8
"3565","US",2022,278,17,9.4,26.1,3,"2022-2024",17.75
"3566","US",2022,279,19.4,9.4,27.8,3,"2022-2024",18.6
"3567","US",2022,280,14.6,7.2,27.8,3,"2022-2024",17.5
"3568","US",2022,281,9.6,1.7,18.3,3,"2022-2024",10
"3569","US",2022,282,13.1,1.7,24.4,3,"2022-2024",13.05
"3570","US",2022,283,17.8,3.9,28.9,3,"2022-2024",16.4
"3571","US",2022,284,18.8,10,28.9,3,"2022-2024",19.45
"3572","US",2022,285,18.2,15.6,22.2,3,"2022-2024",18.9
"3573","US",2022,286,13.5,8.3,22.2,3,"2022-2024",15.25
"3574","US",2022,287,12.1,2.2,22.8,3,"2022-2024",12.5
"3575","US",2022,288,12.2,2.2,22.8,3,"2022-2024",12.5
"3576","US",2022,289,14,2.8,20,3,"2022-2024",11.4
"3577","US",2022,290,6.8,1.7,20.6,3,"2022-2024",11.15
"3578","US",2022,291,2.6,-3.9,10,3,"2022-2024",3.05
"3579","US",2022,292,3.1,-3.9,11.1,3,"2022-2024",3.6
"3580","US",2022,293,9.7,0,23.3,3,"2022-2024",11.65
"3581","US",2022,294,17.6,8.3,28.3,3,"2022-2024",18.3
"3582","US",2022,295,21.3,8.3,30.6,3,"2022-2024",19.45
"3583","US",2022,296,22.5,15,30.6,3,"2022-2024",22.8
"3584","US",2022,297,22.4,18.9,30,3,"2022-2024",24.45
"3585","US",2022,298,10.9,6.1,23.9,3,"2022-2024",15
"3586","US",2022,299,8.9,3.9,17.8,3,"2022-2024",10.85
"3587","US",2022,300,10.3,3.9,17.8,3,"2022-2024",10.85
"3588","US",2022,301,11.1,3.3,18.9,3,"2022-2024",11.1
"3589","US",2022,302,12.5,3.3,21.7,3,"2022-2024",12.5
"3590","US",2022,303,13.6,6.1,21.7,3,"2022-2024",13.9
"3591","US",2022,304,14.6,11.7,21.1,3,"2022-2024",16.4
"3592","US",2022,305,14.9,5,25,3,"2022-2024",15
"3593","US",2022,306,16.7,7.2,25,3,"2022-2024",16.1
"3594","US",2022,307,18.3,9.4,26.1,3,"2022-2024",17.75
"3595","US",2022,308,22.4,12.2,27.2,3,"2022-2024",19.7
"3596","US",2022,309,13.6,6.1,27.2,3,"2022-2024",16.65
"3597","US",2022,310,11.5,6.1,21.1,3,"2022-2024",13.6
"3598","US",2022,311,11.7,6.1,21.1,3,"2022-2024",13.6
"3599","US",2022,312,12.8,7.8,20.6,3,"2022-2024",14.2
"3600","US",2022,313,18.2,8.3,27.8,3,"2022-2024",18.05
"3601","US",2022,314,21.8,12.8,27.8,3,"2022-2024",20.3
"3602","US",2022,315,6.9,0.6,21.7,3,"2022-2024",11.15
"3603","US",2022,316,-1.6,-2.8,8.3,3,"2022-2024",2.75
"3604","US",2022,317,0.1,-2.8,4.4,3,"2022-2024",0.8
"3605","US",2022,318,0.7,-3.9,6.7,3,"2022-2024",1.4
"3606","US",2022,319,1.7,-3.8,6.7,3,"2022-2024",1.45
"3607","US",2022,320,-0.8,-2.8,2.2,3,"2022-2024",-0.3
"3608","US",2022,321,-1.4,-7.2,7.8,3,"2022-2024",0.3
"3609","US",2022,322,-2.3,-7.2,7.8,3,"2022-2024",0.3
"3610","US",2022,323,-3.9,-8.3,2.8,3,"2022-2024",-2.75
"3611","US",2022,324,-2,-8.9,7.8,3,"2022-2024",-0.55
"3612","US",2022,325,4.2,-8.9,15,3,"2022-2024",3.05
"3613","US",2022,326,7.7,-2.7,16.7,3,"2022-2024",7
"3614","US",2022,327,8.9,0,16.7,3,"2022-2024",8.35
"3615","US",2022,328,10.2,3.3,16.7,3,"2022-2024",10
"3616","US",2022,329,7.1,0.6,13.3,3,"2022-2024",6.95
"3617","US",2022,330,6.1,-1.7,14.4,3,"2022-2024",6.35
"3618","US",2022,331,7.8,-0.5,14.4,3,"2022-2024",6.95
"3619","US",2022,332,5.8,0,12.2,3,"2022-2024",6.1
"3620","US",2022,333,12.1,0.6,21.1,3,"2022-2024",10.85
"3621","US",2022,334,-0.6,-4.4,4.4,3,"2022-2024",0
"3622","US",2022,335,-0.6,-6.1,7.8,3,"2022-2024",0.85
"3623","US",2022,336,10,6.1,17.8,3,"2022-2024",11.95
"3624","US",2022,337,2.9,-5.6,17.8,3,"2022-2024",6.1
"3625","US",2022,338,-0.4,-5,6.7,3,"2022-2024",0.85
"3626","US",2022,339,6.2,-4.9,13.9,3,"2022-2024",4.5
"3627","US",2022,340,7.4,1.1,13.9,3,"2022-2024",7.5
"3628","US",2022,341,8.1,3.3,10.6,3,"2022-2024",6.95
"3629","US",2022,342,8.1,7,9.4,3,"2022-2024",8.2
"3630","US",2022,343,6.6,3.3,10.6,3,"2022-2024",6.95
"3631","US",2022,344,3.9,2.8,10.6,3,"2022-2024",6.7
"3632","US",2022,345,4.2,1.7,7.2,3,"2022-2024",4.45
"3633","US",2022,346,2.1,-0.6,6.7,3,"2022-2024",3.05
"3634","US",2022,347,5.1,1.1,11.1,3,"2022-2024",6.1
"3635","US",2022,348,9,1.7,12.8,3,"2022-2024",7.25
"3636","US",2022,349,1.9,0.6,11.1,3,"2022-2024",5.85
"3637","US",2022,350,-0.5,-3.3,2.8,3,"2022-2024",-0.25
"3638","US",2022,351,-2.6,-6.1,0.6,3,"2022-2024",-2.75
"3639","US",2022,352,-4.4,-9.4,1.1,3,"2022-2024",-4.15
"3640","US",2022,353,-0.1,-9.4,6.7,3,"2022-2024",-1.35
"3641","US",2022,354,1.5,-3.2,6.7,3,"2022-2024",1.75
"3642","US",2022,355,-2.7,-5.6,4.4,3,"2022-2024",-0.6
"3643","US",2022,356,-6.7,-20,1.7,3,"2022-2024",-9.15
"3644","US",2022,357,-19.5,-21.1,-15,3,"2022-2024",-18.05
"3645","US",2022,358,-12.4,-21.7,-6.7,3,"2022-2024",-14.2
"3646","US",2022,359,-10.6,-15.6,-5,3,"2022-2024",-10.3
"3647","US",2022,360,-3.2,-14.4,1.1,3,"2022-2024",-6.65
"3648","US",2022,361,-7.8,-15,2.2,3,"2022-2024",-6.4
"3649","US",2022,362,5,0,15,3,"2022-2024",7.5
"3650","US",2022,363,16.3,12.8,21.7,3,"2022-2024",17.25
"3651","US",2022,364,9.2,2.8,22.8,3,"2022-2024",12.8
"3652","US",2022,365,4.4,-0.6,13.9,3,"2022-2024",6.65
"3653","US",2023,1,11.2,0,18.9,3,"2022-2024",9.45
"3654","US",2023,2,11.2,7.2,18.9,3,"2022-2024",13.05
"3655","US",2023,3,15.5,7.2,18.3,3,"2022-2024",12.75
"3656","US",2023,4,4.4,1.7,8.9,3,"2022-2024",5.3
"3657","US",2023,5,3.1,0,7.8,3,"2022-2024",3.9
"3658","US",2023,6,1.9,-4.4,9.4,3,"2022-2024",2.5
"3659","US",2023,7,2.2,-3.8,9.4,3,"2022-2024",2.8
"3660","US",2023,8,0.3,-1.1,3.9,3,"2022-2024",1.4
"3661","US",2023,9,2.6,-2.8,15,3,"2022-2024",6.1
"3662","US",2023,10,7.7,-2.7,15,3,"2022-2024",6.15
"3663","US",2023,11,9.1,2.8,15.6,3,"2022-2024",9.2
"3664","US",2023,12,4.7,-0.6,15.6,3,"2022-2024",7.5
"3665","US",2023,13,-1.5,-3.9,8.3,3,"2022-2024",2.2
"3666","US",2023,14,-2.1,-7.2,4.4,3,"2022-2024",-1.4
"3667","US",2023,15,4.6,-6.6,12.2,3,"2022-2024",2.8
"3668","US",2023,16,12.6,10,18.9,3,"2022-2024",14.45
"3669","US",2023,17,6.8,1.7,19.4,3,"2022-2024",10.55
"3670","US",2023,18,4.1,1.7,10,3,"2022-2024",5.85
"3671","US",2023,19,4.7,2,7.2,3,"2022-2024",4.6
"3672","US",2023,20,1.3,-0.6,7.2,3,"2022-2024",3.3
"3673","US",2023,21,1,-5,8.3,3,"2022-2024",1.65
"3674","US",2023,22,2.6,-4.3,8.3,3,"2022-2024",2
"3675","US",2023,23,1.4,-1.7,6.7,3,"2022-2024",2.5
"3676","US",2023,24,2.1,-2.8,6.7,3,"2022-2024",1.95
"3677","US",2023,25,1.9,-1.6,6.7,3,"2022-2024",2.55
"3678","US",2023,26,-2.6,-6.7,2.2,3,"2022-2024",-2.25
"3679","US",2023,27,1,-6.1,10.6,3,"2022-2024",2.25
"3680","US",2023,28,6.8,-6,15,3,"2022-2024",4.5
"3681","US",2023,29,-1.5,-6.7,15,3,"2022-2024",4.15
"3682","US",2023,30,-7.6,-9.4,0,3,"2022-2024",-4.7
"3683","US",2023,31,-8.3,-12.8,-3.3,3,"2022-2024",-8.05
"3684","US",2023,32,-5.6,-12.8,2.2,3,"2022-2024",-5.3
"3685","US",2023,33,0,-11.1,10.6,3,"2022-2024",-0.25
"3686","US",2023,34,-5.3,-11.7,10.6,3,"2022-2024",-0.55
"3687","US",2023,35,1.9,-11.1,13.3,3,"2022-2024",1.1
"3688","US",2023,36,8.2,-4.3,16.7,3,"2022-2024",6.2
"3689","US",2023,37,9.4,2.2,18.3,3,"2022-2024",10.25
"3690","US",2023,38,11.1,2.2,18.3,3,"2022-2024",10.25
"3691","US",2023,39,5.4,2.2,15.6,3,"2022-2024",8.9
"3692","US",2023,40,4.6,1.7,8.3,3,"2022-2024",5
"3693","US",2023,41,3.4,1.1,8.3,3,"2022-2024",4.7
"3694","US",2023,42,1.3,-5.6,11.7,3,"2022-2024",3.05
"3695","US",2023,43,6,-5.5,16.7,3,"2022-2024",5.6
"3696","US",2023,44,9.2,-1,16.7,3,"2022-2024",7.85
"3697","US",2023,45,9.7,3.9,16.7,3,"2022-2024",10.3
"3698","US",2023,46,8.7,3.9,12.2,3,"2022-2024",8.05
"3699","US",2023,47,1.7,-1.1,11.7,3,"2022-2024",5.3
"3700","US",2023,48,-2.3,-8.3,5,3,"2022-2024",-1.65
"3701","US",2023,49,3.8,-7.8,14.4,3,"2022-2024",3.3
"3702","US",2023,50,9.1,-1,16.1,3,"2022-2024",7.55
"3703","US",2023,51,9.4,1.1,17.2,3,"2022-2024",9.15
"3704","US",2023,52,8.7,1.7,17.2,3,"2022-2024",9.45
"3705","US",2023,53,15.3,12.8,18.3,3,"2022-2024",15.55
"3706","US",2023,54,5.1,-1,15,3,"2022-2024",7
"3707","US",2023,55,-2.4,-6.7,10,3,"2022-2024",1.65
"3708","US",2023,56,3.4,-6.6,10,3,"2022-2024",1.7
"3709","US",2023,57,7.2,0,11.7,3,"2022-2024",5.85
"3710","US",2023,58,13.9,3.3,18.9,3,"2022-2024",11.1
"3711","US",2023,59,9.3,0.6,18.9,3,"2022-2024",9.75
"3712","US",2023,60,11.5,1.1,17.8,3,"2022-2024",9.45
"3713","US",2023,61,6.1,-1.1,17.8,3,"2022-2024",8.35
"3714","US",2023,62,6.4,3.3,11.1,3,"2022-2024",7.2
"3715","US",2023,63,6.4,0,16.1,3,"2022-2024",8.05
"3716","US",2023,64,10.7,0,20.6,3,"2022-2024",10.3
"3717","US",2023,65,16.3,3.9,22.2,3,"2022-2024",13.05
"3718","US",2023,66,6.9,3.9,22.2,3,"2022-2024",13.05
"3719","US",2023,67,6.1,3.9,10.6,3,"2022-2024",7.25
"3720","US",2023,68,5.7,5,7.2,3,"2022-2024",6.1
"3721","US",2023,69,3.8,2.2,7.2,3,"2022-2024",4.7
"3722","US",2023,70,2.4,0,7.2,3,"2022-2024",3.6
"3723","US",2023,71,3.9,0,7.8,3,"2022-2024",3.9
"3724","US",2023,72,-0.4,-2.2,7.8,3,"2022-2024",2.8
"3725","US",2023,73,1.3,-2.2,7.8,3,"2022-2024",2.8
"3726","US",2023,74,5.8,-1.6,16.7,3,"2022-2024",7.55
"3727","US",2023,75,12.1,8.9,17,3,"2022-2024",12.95
"3728","US",2023,76,2.1,-3.3,17.2,3,"2022-2024",6.95
"3729","US",2023,77,-3.6,-7.8,6.1,3,"2022-2024",-0.85
"3730","US",2023,78,-2.9,-8.3,5.6,3,"2022-2024",-1.35
"3731","US",2023,79,3.9,-8.3,17.2,3,"2022-2024",4.45
"3732","US",2023,80,7.7,5,13.3,3,"2022-2024",9.15
"3733","US",2023,81,10.6,5.6,22.8,3,"2022-2024",14.2
"3734","US",2023,82,13.1,6.1,22.8,3,"2022-2024",14.45
"3735","US",2023,83,6.2,5,7.8,3,"2022-2024",6.4
"3736","US",2023,84,8.2,3.9,16.1,3,"2022-2024",10
"3737","US",2023,85,10.4,3.9,16.1,3,"2022-2024",10
"3738","US",2023,86,7.7,2.8,16.1,3,"2022-2024",9.45
"3739","US",2023,87,6.1,3.9,13.3,3,"2022-2024",8.6
"3740","US",2023,88,6.6,-1.1,16.1,3,"2022-2024",7.5
"3741","US",2023,89,11.6,-1,22.8,3,"2022-2024",10.9
"3742","US",2023,90,19,13.3,27.8,3,"2022-2024",20.55
"3743","US",2023,91,10.7,2.8,21.1,3,"2022-2024",11.95
"3744","US",2023,92,12.2,2.2,25.6,3,"2022-2024",13.9
"3745","US",2023,93,18.9,2.2,27.8,3,"2022-2024",15
"3746","US",2023,94,22.2,10,30.6,3,"2022-2024",20.3
"3747","US",2023,95,16.2,6.1,30.6,3,"2022-2024",18.35
"3748","US",2023,96,7.1,2.2,12.8,3,"2022-2024",7.5
"3749","US",2023,97,9.7,1.7,18.3,3,"2022-2024",10
"3750","US",2023,98,12.3,2.8,20.6,3,"2022-2024",11.7
"3751","US",2023,99,14.2,5.6,22.2,3,"2022-2024",13.9
"3752","US",2023,100,16.1,6.7,23.3,3,"2022-2024",15
"3753","US",2023,101,18.6,8.3,26.1,3,"2022-2024",17.2
"3754","US",2023,102,19.2,10,26.1,3,"2022-2024",18.05
"3755","US",2023,103,19.2,10,27.2,3,"2022-2024",18.6
"3756","US",2023,104,20.8,10,28.3,3,"2022-2024",19.15
"3757","US",2023,105,20.1,12.8,28.3,3,"2022-2024",20.55
"3758","US",2023,106,7.7,5.6,13.3,3,"2022-2024",9.45
"3759","US",2023,107,10.6,5,20,3,"2022-2024",12.5
"3760","US",2023,108,15.9,5,26.1,3,"2022-2024",15.55
"3761","US",2023,109,21.3,8.9,27.8,3,"2022-2024",18.35
"3762","US",2023,110,22.9,15,27.8,3,"2022-2024",21.4
"3763","US",2023,111,12.9,6.1,27.2,3,"2022-2024",16.65
"3764","US",2023,112,6.6,2.8,19.4,3,"2022-2024",11.1
"3765","US",2023,113,6.8,0.6,13.3,3,"2022-2024",6.95
"3766","US",2023,114,9.4,0.6,18.9,3,"2022-2024",9.75
"3767","US",2023,115,13.8,0.6,20.6,3,"2022-2024",10.6
"3768","US",2023,116,13.6,6.7,20.6,3,"2022-2024",13.65
"3769","US",2023,117,14.3,6.7,20,3,"2022-2024",13.35
"3770","US",2023,118,14.7,8.3,21.7,3,"2022-2024",15
"3771","US",2023,119,15,8.3,21.7,3,"2022-2024",15
"3772","US",2023,120,10.4,5.6,21.1,3,"2022-2024",13.35
"3773","US",2023,121,12.8,7.2,18.3,3,"2022-2024",12.75
"3774","US",2023,122,12.5,6.1,19.4,3,"2022-2024",12.75
"3775","US",2023,123,13.3,3.9,22.2,3,"2022-2024",13.05
"3776","US",2023,124,16.3,3.9,24.4,3,"2022-2024",14.15
"3777","US",2023,125,17.4,6.7,24.4,3,"2022-2024",15.55
"3778","US",2023,126,20.5,11.7,29.4,3,"2022-2024",20.55
"3779","US",2023,127,27,16.1,33.3,3,"2022-2024",24.7
"3780","US",2023,128,23.2,16.1,33.3,3,"2022-2024",24.7
"3781","US",2023,129,20.4,15,28.9,3,"2022-2024",21.95
"3782","US",2023,130,22.5,15,29.4,3,"2022-2024",22.2
"3783","US",2023,131,21.4,17.2,29.4,3,"2022-2024",23.3
"3784","US",2023,132,22.6,17.2,30,3,"2022-2024",23.6
"3785","US",2023,133,25.4,18.3,31.7,3,"2022-2024",25
"3786","US",2023,134,24.2,18.9,31.7,3,"2022-2024",25.3
"3787","US",2023,135,18.9,16.1,22.8,3,"2022-2024",19.45
"3788","US",2023,136,17.3,15,20.6,3,"2022-2024",17.8
"3789","US",2023,137,19.6,13.9,27.8,3,"2022-2024",20.85
"3790","US",2023,138,21.3,13.9,27.8,3,"2022-2024",20.85
"3791","US",2023,139,19.1,13.9,27.2,3,"2022-2024",20.55
"3792","US",2023,140,14.7,8.3,22.2,3,"2022-2024",15.25
"3793","US",2023,141,17.8,8.3,24.4,3,"2022-2024",16.35
"3794","US",2023,142,19.6,10,26.1,3,"2022-2024",18.05
"3795","US",2023,143,21.2,11.7,28.3,3,"2022-2024",20
"3796","US",2023,144,22.9,13.9,29.4,3,"2022-2024",21.65
"3797","US",2023,145,21.6,16.1,29.4,3,"2022-2024",22.75
"3798","US",2023,146,18.8,11.1,27.8,3,"2022-2024",19.45
"3799","US",2023,147,19.3,11.1,26.1,3,"2022-2024",18.6
"3800","US",2023,148,21.3,11.1,28.3,3,"2022-2024",19.7
"3801","US",2023,149,22.2,12.8,28.9,3,"2022-2024",20.85
"3802","US",2023,150,23.9,15,31.1,3,"2022-2024",23.05
"3803","US",2023,151,23.7,16.7,31.1,3,"2022-2024",23.9
"3804","US",2023,152,25.1,18.9,32.2,3,"2022-2024",25.55
"3805","US",2023,153,24.8,18.9,32.8,3,"2022-2024",25.85
"3806","US",2023,154,25.2,18.9,32.8,3,"2022-2024",25.85
"3807","US",2023,155,25.7,18.9,32.8,3,"2022-2024",25.85
"3808","US",2023,156,25.3,19.4,32.8,3,"2022-2024",26.1
"3809","US",2023,157,22.9,13.9,31.1,3,"2022-2024",22.5
"3810","US",2023,158,24.8,13.9,31.1,3,"2022-2024",22.5
"3811","US",2023,159,22.2,16.7,30,3,"2022-2024",23.35
"3812","US",2023,160,20.9,13.3,28.9,3,"2022-2024",21.1
"3813","US",2023,161,22.7,13.3,30,3,"2022-2024",21.65
"3814","US",2023,162,19.7,18,21.1,3,"2022-2024",19.55
"3815","US",2023,163,17.8,11.1,24.4,3,"2022-2024",17.75
"3816","US",2023,164,19.7,11.1,27.2,3,"2022-2024",19.15
"3817","US",2023,165,22.6,12.8,30.6,3,"2022-2024",21.7
"3818","US",2023,166,25,13.9,32.2,3,"2022-2024",23.05
"3819","US",2023,167,25.6,17.2,32.2,3,"2022-2024",24.7
"3820","US",2023,168,23.6,17.2,31.7,3,"2022-2024",24.45
"3821","US",2023,169,23.8,17.2,31.1,3,"2022-2024",24.15
"3822","US",2023,170,24.1,17.8,31.1,3,"2022-2024",24.45
"3823","US",2023,171,25.6,17.8,31.7,3,"2022-2024",24.75
"3824","US",2023,172,25.1,18.9,31.7,3,"2022-2024",25.3
"3825","US",2023,173,25.4,18.3,32.2,3,"2022-2024",25.25
"3826","US",2023,174,26.7,18.3,33.3,3,"2022-2024",25.8
"3827","US",2023,175,27.6,19.4,34.4,3,"2022-2024",26.9
"3828","US",2023,176,28.7,19.4,34.4,3,"2022-2024",26.9
"3829","US",2023,177,25.1,19.4,32.2,3,"2022-2024",25.8
"3830","US",2023,178,24.4,16.1,31.1,3,"2022-2024",23.6
"3831","US",2023,179,25.6,16.1,33.9,3,"2022-2024",25
"3832","US",2023,180,29.7,20.6,36.7,3,"2022-2024",28.65
"3833","US",2023,181,29.2,22.2,38.9,3,"2022-2024",30.55
"3834","US",2023,182,27.6,22.2,38.9,3,"2022-2024",30.55
"3835","US",2023,183,24,20,31.7,3,"2022-2024",25.85
"3836","US",2023,184,26.3,18.3,32.8,3,"2022-2024",25.55
"3837","US",2023,185,28.1,18.3,36.7,3,"2022-2024",27.5
"3838","US",2023,186,28.2,21.1,36.7,3,"2022-2024",28.9
"3839","US",2023,187,25.2,19.4,32.8,3,"2022-2024",26.1
"3840","US",2023,188,23.7,17.2,31.1,3,"2022-2024",24.15
"3841","US",2023,189,23.4,17.2,31.1,3,"2022-2024",24.15
"3842","US",2023,190,22.9,15.6,31.1,3,"2022-2024",23.35
"3843","US",2023,191,25.3,15.6,33.9,3,"2022-2024",24.75
"3844","US",2023,192,27.4,16.1,35.6,3,"2022-2024",25.85
"3845","US",2023,193,28.7,19.4,35.6,3,"2022-2024",27.5
"3846","US",2023,194,25.7,21.7,35.6,3,"2022-2024",28.65
"3847","US",2023,195,28.8,21.7,36.1,3,"2022-2024",28.9
"3848","US",2023,196,25.1,20,36.1,3,"2022-2024",28.05
"3849","US",2023,197,26.1,19.4,32.8,3,"2022-2024",26.1
"3850","US",2023,198,25.7,19.4,32.8,3,"2022-2024",26.1
"3851","US",2023,199,22.4,20,32.2,3,"2022-2024",26.1
"3852","US",2023,200,25.6,20.6,32.2,3,"2022-2024",26.4
"3853","US",2023,201,28.4,21.7,33.9,3,"2022-2024",27.8
"3854","US",2023,202,23.6,18.3,33.9,3,"2022-2024",26.1
"3855","US",2023,203,23.9,17.2,30.6,3,"2022-2024",23.9
"3856","US",2023,204,26,17.2,35,3,"2022-2024",26.1
"3857","US",2023,205,25.9,18.3,35,3,"2022-2024",26.65
"3858","US",2023,206,27.6,21.7,33.9,3,"2022-2024",27.8
"3859","US",2023,207,30.1,21.7,35,3,"2022-2024",28.35
"3860","US",2023,208,31.4,25.6,38.3,3,"2022-2024",31.95
"3861","US",2023,209,31.3,24.4,38.3,3,"2022-2024",31.35
"3862","US",2023,210,29.6,23.3,37.8,3,"2022-2024",30.55
"3863","US",2023,211,25.6,20.6,36.7,3,"2022-2024",28.65
"3864","US",2023,212,24.7,20.6,32.8,3,"2022-2024",26.7
"3865","US",2023,213,24.2,22.2,28.3,3,"2022-2024",25.25
"3866","US",2023,214,24.7,20.6,29.4,3,"2022-2024",25
"3867","US",2023,215,25.4,20.6,29.4,3,"2022-2024",25
"3868","US",2023,216,25.8,22.2,28.9,3,"2022-2024",25.55
"3869","US",2023,217,24.9,21.1,30,3,"2022-2024",25.55
"3870","US",2023,218,25,21.1,30.6,3,"2022-2024",25.85
"3871","US",2023,219,23.7,19.4,30.6,3,"2022-2024",25
"3872","US",2023,220,23.1,17.2,30,3,"2022-2024",23.6
"3873","US",2023,221,22.8,17.2,30,3,"2022-2024",23.6
"3874","US",2023,222,23.6,18.9,30,3,"2022-2024",24.45
"3875","US",2023,223,25.7,18.9,32.8,3,"2022-2024",25.85
"3876","US",2023,224,27,20,32.8,3,"2022-2024",26.4
"3877","US",2023,225,23.8,21.1,31.7,3,"2022-2024",26.4
"3878","US",2023,226,23.4,21,26.1,3,"2022-2024",23.55
"3879","US",2023,227,20.2,17,25,3,"2022-2024",21
"3880","US",2023,228,20.9,14.4,26.7,3,"2022-2024",20.55
"3881","US",2023,229,22.4,14.4,29.4,3,"2022-2024",21.9
"3882","US",2023,230,21.4,13.9,29.4,3,"2022-2024",21.65
"3883","US",2023,231,24,13.9,32.8,3,"2022-2024",23.35
"3884","US",2023,232,29.7,18.3,36.7,3,"2022-2024",27.5
"3885","US",2023,233,29.8,23.9,36.7,3,"2022-2024",30.3
"3886","US",2023,234,29.6,25.6,35.6,3,"2022-2024",30.6
"3887","US",2023,235,29.9,24.4,35.6,3,"2022-2024",30
"3888","US",2023,236,30.2,24.4,36.1,3,"2022-2024",30.25
"3889","US",2023,237,30.8,25,37.2,3,"2022-2024",31.1
"3890","US",2023,238,26.2,22.2,37.2,3,"2022-2024",29.7
"3891","US",2023,239,23.1,19,26.7,3,"2022-2024",22.85
"3892","US",2023,240,22.3,17.8,28.3,3,"2022-2024",23.05
"3893","US",2023,241,23.4,17.2,31.1,3,"2022-2024",24.15
"3894","US",2023,242,23.4,17.2,31.1,3,"2022-2024",24.15
"3895","US",2023,243,19.6,13.3,28.3,3,"2022-2024",20.8
"3896","US",2023,244,20.4,12.8,28.3,3,"2022-2024",20.55
"3897","US",2023,245,22.4,12.8,31.1,3,"2022-2024",21.95
"3898","US",2023,246,24.8,14.4,33.3,3,"2022-2024",23.85
"3899","US",2023,247,27.6,17.2,34.4,3,"2022-2024",25.8
"3900","US",2023,248,25.1,21.7,34.4,3,"2022-2024",28.05
"3901","US",2023,249,22.8,17.2,31.7,3,"2022-2024",24.45
"3902","US",2023,250,19.9,13.3,27.8,3,"2022-2024",20.55
"3903","US",2023,251,19.5,13.9,27.8,3,"2022-2024",20.85
"3904","US",2023,252,19.1,11.1,26.7,3,"2022-2024",18.9
"3905","US",2023,253,20.7,11.1,28.3,3,"2022-2024",19.7
"3906","US",2023,254,20.6,13.9,28.3,3,"2022-2024",21.1
"3907","US",2023,255,19.9,16,25.6,3,"2022-2024",20.8
"3908","US",2023,256,18.9,10,27.8,3,"2022-2024",18.9
"3909","US",2023,257,20.6,10,27.8,3,"2022-2024",18.9
"3910","US",2023,258,20.2,11.7,27.8,3,"2022-2024",19.75
"3911","US",2023,259,19.3,11.7,27.8,3,"2022-2024",19.75
"3912","US",2023,260,17.7,13.3,26.1,3,"2022-2024",19.7
"3913","US",2023,261,18.7,10.6,27.2,3,"2022-2024",18.9
"3914","US",2023,262,21.2,14.4,30.6,3,"2022-2024",22.5
"3915","US",2023,263,20.2,18.3,23.3,3,"2022-2024",20.8
"3916","US",2023,264,19.6,14.4,29.4,3,"2022-2024",21.9
"3917","US",2023,265,22.8,14.4,29.4,3,"2022-2024",21.9
"3918","US",2023,266,22.6,16.7,28.9,3,"2022-2024",22.8
"3919","US",2023,267,22.4,17.2,28.9,3,"2022-2024",23.05
"3920","US",2023,268,22.3,13.3,30.6,3,"2022-2024",21.95
"3921","US",2023,269,22,13.3,30.6,3,"2022-2024",21.95
"3922","US",2023,270,21.8,13.3,30.6,3,"2022-2024",21.95
"3923","US",2023,271,21.5,14.4,28.9,3,"2022-2024",21.65
"3924","US",2023,272,24,16.1,32.8,3,"2022-2024",24.45
"3925","US",2023,273,25.5,17.2,33.9,3,"2022-2024",25.55
"3926","US",2023,274,25.2,18.3,33.9,3,"2022-2024",26.1
"3927","US",2023,275,23,16.7,31.1,3,"2022-2024",23.9
"3928","US",2023,276,22.3,16.7,31.1,3,"2022-2024",23.9
"3929","US",2023,277,20.6,16.7,28.9,3,"2022-2024",22.8
"3930","US",2023,278,20.8,18,26.7,3,"2022-2024",22.35
"3931","US",2023,279,14.3,8.3,26.7,3,"2022-2024",17.5
"3932","US",2023,280,9.8,3.9,17.8,3,"2022-2024",10.85
"3933","US",2023,281,12.2,3.3,23.3,3,"2022-2024",13.3
"3934","US",2023,282,13.9,3.9,23.3,3,"2022-2024",13.6
"3935","US",2023,283,12.8,3.9,22.2,3,"2022-2024",13.05
"3936","US",2023,284,17.3,3.9,27.8,3,"2022-2024",15.85
"3937","US",2023,285,19.6,11.1,27.8,3,"2022-2024",19.45
"3938","US",2023,286,17.9,13.9,25.6,3,"2022-2024",19.75
"3939","US",2023,287,12.3,10,20,3,"2022-2024",15
"3940","US",2023,288,10.9,9.4,14.4,3,"2022-2024",11.9
"3941","US",2023,289,9.7,3.9,18.3,3,"2022-2024",11.1
"3942","US",2023,290,11.9,3.9,20,3,"2022-2024",11.95
"3943","US",2023,291,13.8,5,23.9,3,"2022-2024",14.45
"3944","US",2023,292,14.1,7.2,23.9,3,"2022-2024",15.55
"3945","US",2023,293,15.1,8.3,23.3,3,"2022-2024",15.8
"3946","US",2023,294,17.1,8.3,26.1,3,"2022-2024",17.2
"3947","US",2023,295,13.5,7.2,26.1,3,"2022-2024",16.65
"3948","US",2023,296,16.6,7.2,28.9,3,"2022-2024",18.05
"3949","US",2023,297,20.9,9.4,28.9,3,"2022-2024",19.15
"3950","US",2023,298,19.8,16.7,25.6,3,"2022-2024",21.15
"3951","US",2023,299,20.7,17.2,24.4,3,"2022-2024",20.8
"3952","US",2023,300,16.9,7.8,22.8,3,"2022-2024",15.3
"3953","US",2023,301,4.8,2.8,7.8,3,"2022-2024",5.3
"3954","US",2023,302,3.9,2,4.4,3,"2022-2024",3.2
"3955","US",2023,303,1.2,-2.8,4.4,3,"2022-2024",0.8
"3956","US",2023,304,-0.3,-4.4,5,3,"2022-2024",0.3
"3957","US",2023,305,-0.1,-7.2,8.3,3,"2022-2024",0.55
"3958","US",2023,306,5.9,-4.9,17.8,3,"2022-2024",6.45
"3959","US",2023,307,11.1,-0.5,20.6,3,"2022-2024",10.05
"3960","US",2023,308,12.1,4.4,20.6,3,"2022-2024",12.5
"3961","US",2023,309,10.6,1.1,20,3,"2022-2024",10.55
"3962","US",2023,310,17.7,15,22.8,3,"2022-2024",18.9
"3963","US",2023,311,17.4,11.7,25,3,"2022-2024",18.35
"3964","US",2023,312,20.4,11.7,27.2,3,"2022-2024",19.45
"3965","US",2023,313,10.9,5,27.2,3,"2022-2024",16.1
"3966","US",2023,314,7.9,2.8,13.3,3,"2022-2024",8.05
"3967","US",2023,315,5.7,0,13.3,3,"2022-2024",6.65
"3968","US",2023,316,9.2,0,18.3,3,"2022-2024",9.15
"3969","US",2023,317,12.8,2.8,20.6,3,"2022-2024",11.7
"3970","US",2023,318,10.7,2.2,20.6,3,"2022-2024",11.4
"3971","US",2023,319,11.8,2.8,21.1,3,"2022-2024",11.95
"3972","US",2023,320,12.2,3.9,21.1,3,"2022-2024",12.5
"3973","US",2023,321,13.4,6.7,17.8,3,"2022-2024",12.25
"3974","US",2023,322,6.8,-0.6,15.6,3,"2022-2024",7.5
"3975","US",2023,323,8.8,0.6,15,3,"2022-2024",7.8
"3976","US",2023,324,8.2,2.8,13.9,3,"2022-2024",8.35
"3977","US",2023,325,6.6,5,10,3,"2022-2024",7.5
"3978","US",2023,326,2.7,-2.8,10,3,"2022-2024",3.6
"3979","US",2023,327,4.5,-2.2,12.2,3,"2022-2024",5
"3980","US",2023,328,2.1,-1.1,12.2,3,"2022-2024",5.55
"3981","US",2023,329,0.1,-5,6.7,3,"2022-2024",0.85
"3982","US",2023,330,1.2,-4.9,6.7,3,"2022-2024",0.9
"3983","US",2023,331,-0.1,-6.7,6.1,3,"2022-2024",-0.3
"3984","US",2023,332,-1.6,-7.2,6.1,3,"2022-2024",-0.55
"3985","US",2023,333,3.8,-6.7,15,3,"2022-2024",4.15
"3986","US",2023,334,7.2,-2.1,15,3,"2022-2024",6.45
"3987","US",2023,335,7.5,3.9,11.1,3,"2022-2024",7.5
"3988","US",2023,336,3,1.7,10,3,"2022-2024",5.85
"3989","US",2023,337,4.9,1.7,9.4,3,"2022-2024",5.55
"3990","US",2023,338,4.7,2.8,9.4,3,"2022-2024",6.1
"3991","US",2023,339,4.4,2.8,7.2,3,"2022-2024",5
"3992","US",2023,340,2.5,-3.9,9.4,3,"2022-2024",2.75
"3993","US",2023,341,9.2,-2.7,20,3,"2022-2024",8.65
"3994","US",2023,342,12.7,2.8,20,3,"2022-2024",11.4
"3995","US",2023,343,8.6,3.9,16.7,3,"2022-2024",10.3
"3996","US",2023,344,1.8,-2.8,10.6,3,"2022-2024",3.9
"3997","US",2023,345,2.5,-3.3,10,3,"2022-2024",3.35
"3998","US",2023,346,3.9,-3.2,10,3,"2022-2024",3.4
"3999","US",2023,347,3.8,-0.5,11.7,3,"2022-2024",5.6
"4000","US",2023,348,5.9,-0.6,14.4,3,"2022-2024",6.9
"4001","US",2023,349,9.6,0,16.7,3,"2022-2024",8.35
"4002","US",2023,350,8.4,3.9,16.7,3,"2022-2024",10.3
"4003","US",2023,351,5.1,2.8,10.6,3,"2022-2024",6.7
"4004","US",2023,352,2.2,-0.6,10.6,3,"2022-2024",5
"4005","US",2023,353,-1.7,-7.8,7.2,3,"2022-2024",-0.3
"4006","US",2023,354,5.8,2.2,15,3,"2022-2024",8.6
"4007","US",2023,355,8.9,1.7,15,3,"2022-2024",8.35
"4008","US",2023,356,9.9,7.2,11.1,3,"2022-2024",9.15
"4009","US",2023,357,12.2,9.4,15,3,"2022-2024",12.2
"4010","US",2023,358,12.8,9.4,16.1,3,"2022-2024",12.75
"4011","US",2023,359,9.8,2.8,16.1,3,"2022-2024",9.45
"4012","US",2023,360,2.6,1,6.7,3,"2022-2024",3.85
"4013","US",2023,361,2.5,0,7.2,3,"2022-2024",3.6
"4014","US",2023,362,2.3,0,6.7,3,"2022-2024",3.35
"4015","US",2023,363,0.7,-0.6,6.7,3,"2022-2024",3.05
"4016","US",2023,364,1.4,-3.3,8.9,3,"2022-2024",2.8
"4017","US",2023,365,1.5,-2.7,8.9,3,"2022-2024",3.1
"4018","US",2024,1,-0.6,-3,0.6,3,"2022-2024",-1.2
"4019","US",2024,2,-2.3,-6.7,5.6,3,"2022-2024",-0.55
"4020","US",2024,3,0.3,-6.7,5.6,3,"2022-2024",-0.55
"4021","US",2024,4,-0.3,-3.9,5.6,3,"2022-2024",0.85
"4022","US",2024,5,-0.5,-3.9,5.6,3,"2022-2024",0.85
"4023","US",2024,6,0.3,-2.8,2.8,3,"2022-2024",0
"4024","US",2024,7,0.8,0,2.8,3,"2022-2024",1.4
"4025","US",2024,8,0.2,-1.7,3.3,3,"2022-2024",0.8
"4026","US",2024,9,0.4,-1.1,3.3,3,"2022-2024",1.1
"4027","US",2024,10,-2,-7.8,4.4,3,"2022-2024",-1.7
"4028","US",2024,11,2.1,-5.5,5.6,3,"2022-2024",0.0499999999999998
"4029","US",2024,12,0.2,-10,6.1,3,"2022-2024",-1.95
"4030","US",2024,13,-12.2,-15,-10,3,"2022-2024",-12.5
"4031","US",2024,14,-20.7,-23.9,-11.1,3,"2022-2024",-17.5
"4032","US",2024,15,-19.4,-23.3,-15,3,"2022-2024",-19.15
"4033","US",2024,16,-16.7,-22.8,-11.7,3,"2022-2024",-17.25
"4034","US",2024,17,-8.7,-20,3.3,3,"2022-2024",-8.35
"4035","US",2024,18,-0.2,-2.8,3.3,3,"2022-2024",0.25
"4036","US",2024,19,-9.7,-15,4.4,3,"2022-2024",-5.3
"4037","US",2024,20,-15.1,-19.4,-6.7,3,"2022-2024",-13.05
"4038","US",2024,21,-9.9,-18.3,0.6,3,"2022-2024",-8.85
"4039","US",2024,22,-0.8,-3,0.6,3,"2022-2024",-1.2
"4040","US",2024,23,1.9,-2.7,5,3,"2022-2024",1.15
"4041","US",2024,24,4,0.6,6.1,3,"2022-2024",3.35
"4042","US",2024,25,3.1,2,4.4,3,"2022-2024",3.2
"4043","US",2024,26,3,2,4.4,3,"2022-2024",3.2
"4044","US",2024,27,2,0.6,4.4,3,"2022-2024",2.5
"4045","US",2024,28,1.2,-0.6,3.3,3,"2022-2024",1.35
"4046","US",2024,29,2.4,-3.9,13.9,3,"2022-2024",5
"4047","US",2024,30,6.1,-3.2,13.9,3,"2022-2024",5.35
"4048","US",2024,31,3.9,-2.8,12.2,3,"2022-2024",4.7
"4049","US",2024,32,9.8,-2.7,20,3,"2022-2024",8.65
"4050","US",2024,33,11.9,4.4,20,3,"2022-2024",12.2
"4051","US",2024,34,7.4,3.9,15,3,"2022-2024",9.45
"4052","US",2024,35,7.1,3.3,15,3,"2022-2024",9.15
"4053","US",2024,36,5.7,-0.6,13.9,3,"2022-2024",6.65
"4054","US",2024,37,6.5,-1.1,14.4,3,"2022-2024",6.65
"4055","US",2024,38,8.8,-0.5,17.2,3,"2022-2024",8.35
"4056","US",2024,39,13.9,3.3,21.7,3,"2022-2024",12.5
"4057","US",2024,40,12.3,5.6,21.7,3,"2022-2024",13.65
"4058","US",2024,41,6,-0.6,18.9,3,"2022-2024",9.15
"4059","US",2024,42,1.1,-3.3,7.8,3,"2022-2024",2.25
"4060","US",2024,43,3.1,-2.2,10,3,"2022-2024",3.9
"4061","US",2024,44,5.8,-1.1,16.7,3,"2022-2024",7.8
"4062","US",2024,45,8,-1.1,17.2,3,"2022-2024",8.05
"4063","US",2024,46,9.1,-1,17.2,3,"2022-2024",8.1
"4064","US",2024,47,0.9,-2.8,11.1,3,"2022-2024",4.15
"4065","US",2024,48,-5.5,-11.1,3.9,3,"2022-2024",-3.6
"4066","US",2024,49,-1.1,-10,10.6,3,"2022-2024",0.3
"4067","US",2024,50,4.7,-6.7,13.9,3,"2022-2024",3.6
"4068","US",2024,51,8.5,-4.3,18.3,3,"2022-2024",7
"4069","US",2024,52,12.1,1.7,21.7,3,"2022-2024",11.7
"4070","US",2024,53,14.5,5,21.7,3,"2022-2024",13.35
"4071","US",2024,54,10.1,2.2,20,3,"2022-2024",11.1
"4072","US",2024,55,6,-1.7,17.8,3,"2022-2024",8.05
"4073","US",2024,56,10.9,-1.6,22.8,3,"2022-2024",10.6
"4074","US",2024,57,15.9,5,26.7,3,"2022-2024",15.85
"4075","US",2024,58,19.7,13.9,26.1,3,"2022-2024",20
"4076","US",2024,59,0.7,-7.2,NA,3,"2022-2024",NA
"4077","US",2024,60,1,-6.7,12.8,3,"2022-2024",3.05
"4078","US",2024,61,5.2,-6,12.8,3,"2022-2024",3.4
"4079","US",2024,62,8.5,1.1,24.4,3,"2022-2024",12.75
"4080","US",2024,63,17.6,12.2,27.2,3,"2022-2024",19.7
"4081","US",2024,64,19.4,11.7,28.3,3,"2022-2024",20
"4082","US",2024,65,11.1,6.7,26.1,3,"2022-2024",16.4
"4083","US",2024,66,8.6,1.7,16.7,3,"2022-2024",9.2
"4084","US",2024,67,8.6,5,17.2,3,"2022-2024",11.1
"4085","US",2024,68,10.4,5,12.2,3,"2022-2024",8.6
"4086","US",2024,69,5,-0.6,12.2,3,"2022-2024",5.8
"4087","US",2024,70,5.5,-1.7,13.9,3,"2022-2024",6.1
"4088","US",2024,71,10.4,2.8,20.6,3,"2022-2024",11.7
"4089","US",2024,72,14.1,7.2,24.4,3,"2022-2024",15.8
"4090","US",2024,73,16.6,10,24.4,3,"2022-2024",17.2
"4091","US",2024,74,18.6,12,25.6,3,"2022-2024",18.8
"4092","US",2024,75,12,7.2,25.6,3,"2022-2024",16.4
"4093","US",2024,76,12.1,5.6,18.9,3,"2022-2024",12.25
"4094","US",2024,77,7.5,1.7,18.9,3,"2022-2024",10.3
"4095","US",2024,78,-0.4,-4.4,11.1,3,"2022-2024",3.35
"4096","US",2024,79,4.7,-3.9,18.9,3,"2022-2024",7.5
"4097","US",2024,80,10.3,3.9,22.8,3,"2022-2024",13.35
"4098","US",2024,81,6.4,1.1,14.4,3,"2022-2024",7.75
"4099","US",2024,82,9.2,1.1,18.9,3,"2022-2024",10
"4100","US",2024,83,4.2,1.1,18.9,3,"2022-2024",10
"4101","US",2024,84,9.9,1.1,19.4,3,"2022-2024",10.25
"4102","US",2024,85,13,5.6,19.4,3,"2022-2024",12.5
"4103","US",2024,86,5.5,1.7,14.4,3,"2022-2024",8.05
"4104","US",2024,87,3.5,-2.8,10.6,3,"2022-2024",3.9
"4105","US",2024,88,8.7,-0.6,18.9,3,"2022-2024",9.15
"4106","US",2024,89,14.9,6.7,25,3,"2022-2024",15.85
"4107","US",2024,90,19.5,15.6,22.2,3,"2022-2024",18.9
"4108","US",2024,91,18.4,12.8,25.6,3,"2022-2024",19.2
"4109","US",2024,92,19.2,13.9,23.9,3,"2022-2024",18.9
"4110","US",2024,93,12.1,6.7,21.7,3,"2022-2024",14.2
"4111","US",2024,94,6.1,2.8,15.6,3,"2022-2024",9.2
"4112","US",2024,95,7.4,2.8,11.7,3,"2022-2024",7.25
"4113","US",2024,96,7.3,0,14.4,3,"2022-2024",7.2
"4114","US",2024,97,9.8,1.1,18.3,3,"2022-2024",9.7
"4115","US",2024,98,16.4,4.4,23.3,3,"2022-2024",13.85
"4116","US",2024,99,17.1,9.4,26.1,3,"2022-2024",17.75
"4117","US",2024,100,16.1,10,26.1,3,"2022-2024",18.05
"4118","US",2024,101,14.2,10.6,21.1,3,"2022-2024",15.85
"4119","US",2024,102,14.7,10.6,18.3,3,"2022-2024",14.45
"4120","US",2024,103,13.3,7.2,20.6,3,"2022-2024",13.9
"4121","US",2024,104,17.2,5.6,29.4,3,"2022-2024",17.5
"4122","US",2024,105,22.3,15,29.4,3,"2022-2024",22.2
"4123","US",2024,106,23.3,15,30,3,"2022-2024",22.5
"4124","US",2024,107,23.3,15.6,30,3,"2022-2024",22.8
"4125","US",2024,108,21.2,15.6,26.7,3,"2022-2024",21.15
"4126","US",2024,109,18.9,11.1,26.7,3,"2022-2024",18.9
"4127","US",2024,110,10.9,5,16.7,3,"2022-2024",10.85
"4128","US",2024,111,10.2,4.4,16.7,3,"2022-2024",10.55
"4129","US",2024,112,9.2,3.9,15.6,3,"2022-2024",9.75
"4130","US",2024,113,11.4,1.7,21.1,3,"2022-2024",11.4
"4131","US",2024,114,14.1,11,18.3,3,"2022-2024",14.65
"4132","US",2024,115,14.7,6.1,22.2,3,"2022-2024",14.15
"4133","US",2024,116,13.4,6.1,22.2,3,"2022-2024",14.15
"4134","US",2024,117,13.8,8.3,19.4,3,"2022-2024",13.85
"4135","US",2024,118,19.6,11.1,24.4,3,"2022-2024",17.75
"4136","US",2024,119,19.1,16.1,24.4,3,"2022-2024",20.25
"4137","US",2024,120,18.1,14,23.9,3,"2022-2024",18.95
"4138","US",2024,121,19.6,12.8,28.3,3,"2022-2024",20.55
"4139","US",2024,122,22.1,17.8,26.1,3,"2022-2024",21.95
"4140","US",2024,123,20.2,16.1,27.8,3,"2022-2024",21.95
"4141","US",2024,124,18.3,14.4,27.8,3,"2022-2024",21.1
"4142","US",2024,125,20.1,14.4,26.1,3,"2022-2024",20.25
"4143","US",2024,126,14.9,10,26.1,3,"2022-2024",18.05
"4144","US",2024,127,18.2,10,25.6,3,"2022-2024",17.8
"4145","US",2024,128,21.2,16.1,26,3,"2022-2024",21.05
"4146","US",2024,129,17.3,11.7,25.6,3,"2022-2024",18.65
"4147","US",2024,130,18.8,11.7,23.9,3,"2022-2024",17.8
"4148","US",2024,131,16.7,11.1,23.9,3,"2022-2024",17.5
"4149","US",2024,132,18.7,11.1,25.6,3,"2022-2024",18.35
"4150","US",2024,133,19.9,11.7,27.8,3,"2022-2024",19.75
"4151","US",2024,134,19.9,12.8,27.8,3,"2022-2024",20.3
"4152","US",2024,135,18.6,15.6,23,3,"2022-2024",19.3
"4153","US",2024,136,18.6,15.6,23.9,3,"2022-2024",19.75
"4154","US",2024,137,19.7,16.1,24.4,3,"2022-2024",20.25
"4155","US",2024,138,20.8,14.4,27.8,3,"2022-2024",21.1
"4156","US",2024,139,22.6,14.4,30,3,"2022-2024",22.2
"4157","US",2024,140,24.9,15.6,31.1,3,"2022-2024",23.35
"4158","US",2024,141,24.7,18.3,31.1,3,"2022-2024",24.7
"4159","US",2024,142,25.6,20,31.7,3,"2022-2024",25.85
"4160","US",2024,143,19.7,13.9,31.7,3,"2022-2024",22.8
"4161","US",2024,144,20.3,13.9,27.8,3,"2022-2024",20.85
"4162","US",2024,145,25.1,13.9,31.1,3,"2022-2024",22.5
"4163","US",2024,146,20.1,13.3,31.1,3,"2022-2024",22.2
"4164","US",2024,147,22.6,13.3,27.8,3,"2022-2024",20.55
"4165","US",2024,148,21.4,16.1,27.8,3,"2022-2024",21.95
"4166","US",2024,149,21.1,15.6,27.2,3,"2022-2024",21.4
"4167","US",2024,150,20.3,14.4,27.2,3,"2022-2024",20.8
"4168","US",2024,151,20.3,14.4,26.7,3,"2022-2024",20.55
"4169","US",2024,152,21.1,15,26.7,3,"2022-2024",20.85
"4170","US",2024,153,20.3,17.2,26.1,3,"2022-2024",21.65
"4171","US",2024,154,22.6,16.1,28.3,3,"2022-2024",22.2
"4172","US",2024,155,23.9,16.1,29.4,3,"2022-2024",22.75
"4173","US",2024,156,21.9,20,29.4,3,"2022-2024",24.7
"4174","US",2024,157,23.6,20,27.8,3,"2022-2024",23.9
"4175","US",2024,158,23.2,17.8,28.3,3,"2022-2024",23.05
"4176","US",2024,159,23.7,16.7,31.1,3,"2022-2024",23.9
"4177","US",2024,160,24.6,16.7,31.1,3,"2022-2024",23.9
"4178","US",2024,161,22.1,16.7,30.6,3,"2022-2024",23.65
"4179","US",2024,162,21.1,14.4,26.7,3,"2022-2024",20.55
"4180","US",2024,163,20.9,13.9,27.2,3,"2022-2024",20.55
"4181","US",2024,164,23.9,13.9,30.6,3,"2022-2024",22.25
"4182","US",2024,165,26.3,17.8,32.8,3,"2022-2024",25.3
"4183","US",2024,166,26.5,20,32.8,3,"2022-2024",26.4
"4184","US",2024,167,25.3,18.9,31.7,3,"2022-2024",25.3
"4185","US",2024,168,28.1,18.9,33.3,3,"2022-2024",26.1
"4186","US",2024,169,28.5,23.3,34.4,3,"2022-2024",28.85
"4187","US",2024,170,27.2,22.2,34.4,3,"2022-2024",28.3
"4188","US",2024,171,26.4,21.7,31.7,3,"2022-2024",26.7
"4189","US",2024,172,27.2,21.7,31.7,3,"2022-2024",26.7
"4190","US",2024,173,26.8,21.1,32.2,3,"2022-2024",26.65
"4191","US",2024,174,27.2,21.1,33.3,3,"2022-2024",27.2
"4192","US",2024,175,28.8,22.2,33.3,3,"2022-2024",27.75
"4193","US",2024,176,28.1,20,36.1,3,"2022-2024",28.05
"4194","US",2024,177,30.9,20,36.1,3,"2022-2024",28.05
"4195","US",2024,178,22.9,19.4,36.1,3,"2022-2024",27.75
"4196","US",2024,179,25.1,18.9,30.6,3,"2022-2024",24.75
"4197","US",2024,180,24.3,18.9,30.6,3,"2022-2024",24.75
"4198","US",2024,181,26.4,21.1,31.7,3,"2022-2024",26.4
"4199","US",2024,182,24.2,19.4,31.7,3,"2022-2024",25.55
"4200","US",2024,183,19.7,16.7,27.2,3,"2022-2024",21.95
"4201","US",2024,184,24.2,16.7,33.3,3,"2022-2024",25
"4202","US",2024,185,26.2,19.4,33.3,3,"2022-2024",26.35
"4203","US",2024,186,24.5,20,30,3,"2022-2024",25
"4204","US",2024,187,24.8,20,30,3,"2022-2024",25
"4205","US",2024,188,23.8,18.3,30,3,"2022-2024",24.15
"4206","US",2024,189,24.4,18.3,30,3,"2022-2024",24.15
"4207","US",2024,190,22.7,18.3,30,3,"2022-2024",24.15
"4208","US",2024,191,20.9,18.9,29.4,3,"2022-2024",24.15
"4209","US",2024,192,23.2,18.3,30,3,"2022-2024",24.15
"4210","US",2024,193,23.2,18.3,30,3,"2022-2024",24.15
"4211","US",2024,194,25.6,18.3,30.6,3,"2022-2024",24.45
"4212","US",2024,195,25.2,20.6,30.6,3,"2022-2024",25.6
"4213","US",2024,196,26.9,22.8,32.8,3,"2022-2024",27.8
"4214","US",2024,197,28.8,22.8,33.3,3,"2022-2024",28.05
"4215","US",2024,198,26.8,21.7,33.3,3,"2022-2024",27.5
"4216","US",2024,199,25,21,28.9,3,"2022-2024",24.95
"4217","US",2024,200,21.8,16.1,29.4,3,"2022-2024",22.75
"4218","US",2024,201,20.7,15.6,26.7,3,"2022-2024",21.15
"4219","US",2024,202,20.9,15.6,26.7,3,"2022-2024",21.15
"4220","US",2024,203,21.2,15.6,26.1,3,"2022-2024",20.85
"4221","US",2024,204,22.6,16.7,28.3,3,"2022-2024",22.5
"4222","US",2024,205,24.1,17.2,30.6,3,"2022-2024",23.9
"4223","US",2024,206,25.3,18.3,31.7,3,"2022-2024",25
"4224","US",2024,207,25.9,18.3,32.8,3,"2022-2024",25.55
"4225","US",2024,208,25.8,20.6,32.8,3,"2022-2024",26.7
"4226","US",2024,209,24.3,20.6,31.1,3,"2022-2024",25.85
"4227","US",2024,210,23.9,20,30,3,"2022-2024",25
"4228","US",2024,211,27.1,20,33.9,3,"2022-2024",26.95
"4229","US",2024,212,28.3,23.3,33.9,3,"2022-2024",28.6
"4230","US",2024,213,27.8,23.3,33.9,3,"2022-2024",28.6
"4231","US",2024,214,28.1,22.2,33.9,3,"2022-2024",28.05
"4232","US",2024,215,26.6,21.7,33.3,3,"2022-2024",27.5
"4233","US",2024,216,26.3,20,33.3,3,"2022-2024",26.65
"4234","US",2024,217,27.8,20,35,3,"2022-2024",27.5
"4235","US",2024,218,28.2,20.6,35,3,"2022-2024",27.8
"4236","US",2024,219,25.9,21.7,34.4,3,"2022-2024",28.05
"4237","US",2024,220,21.3,18.9,30,3,"2022-2024",24.45
"4238","US",2024,221,21.7,16.7,26.7,3,"2022-2024",21.7
"4239","US",2024,222,21.2,14.4,26.7,3,"2022-2024",20.55
"4240","US",2024,223,19.4,12.8,26.1,3,"2022-2024",19.45
"4241","US",2024,224,21.3,12.8,26.1,3,"2022-2024",19.45
"4242","US",2024,225,20.5,18.9,23.9,3,"2022-2024",21.4
"4243","US",2024,226,20.4,18.9,25,3,"2022-2024",21.95
"4244","US",2024,227,22.8,18.9,27.2,3,"2022-2024",23.05
"4245","US",2024,228,25.6,21.1,31.1,3,"2022-2024",26.1
"4246","US",2024,229,27.2,20.6,33.3,3,"2022-2024",26.95
"4247","US",2024,230,26.4,20,33.3,3,"2022-2024",26.65
"4248","US",2024,231,24.1,18.9,30.6,3,"2022-2024",24.75
"4249","US",2024,232,23.3,17.8,29.4,3,"2022-2024",23.6
"4250","US",2024,233,21.1,15.6,28.3,3,"2022-2024",21.95
"4251","US",2024,234,20,15.6,26.7,3,"2022-2024",21.15
"4252","US",2024,235,18.3,12.2,25,3,"2022-2024",18.6
"4253","US",2024,236,20.6,12.2,29.4,3,"2022-2024",20.8
"4254","US",2024,237,22.8,12.8,29.4,3,"2022-2024",21.1
"4255","US",2024,238,25.2,20,32.8,3,"2022-2024",26.4
"4256","US",2024,239,27.9,20.6,34.4,3,"2022-2024",27.5
"4257","US",2024,240,28.8,21.7,35,3,"2022-2024",28.35
"4258","US",2024,241,26,22,31.1,3,"2022-2024",26.55
"4259","US",2024,242,27.2,21.7,33.9,3,"2022-2024",27.8
"4260","US",2024,243,26.6,21.7,33.9,3,"2022-2024",27.8
"4261","US",2024,244,24.3,21.1,32.8,3,"2022-2024",26.95
"4262","US",2024,245,23.3,16.1,30.6,3,"2022-2024",23.35
"4263","US",2024,246,19.3,12.8,30.6,3,"2022-2024",21.7
"4264","US",2024,247,19,12.8,25.6,3,"2022-2024",19.2
"4265","US",2024,248,19.6,12.8,28.9,3,"2022-2024",20.85
"4266","US",2024,249,23.4,12.8,32.8,3,"2022-2024",22.8
"4267","US",2024,250,22.9,15,32.8,3,"2022-2024",23.9
"4268","US",2024,251,16.8,9.4,26.7,3,"2022-2024",18.05
"4269","US",2024,252,15.1,7.2,23.3,3,"2022-2024",15.25
"4270","US",2024,253,16.9,7.2,26.7,3,"2022-2024",16.95
"4271","US",2024,254,18.8,8.9,28.3,3,"2022-2024",18.6
"4272","US",2024,255,22,9.4,31.1,3,"2022-2024",20.25
"4273","US",2024,256,23.2,15,31.1,3,"2022-2024",23.05
"4274","US",2024,257,21.1,17.2,30,3,"2022-2024",23.6
"4275","US",2024,258,22.6,18.3,30.6,3,"2022-2024",24.45
"4276","US",2024,259,23.8,17.8,31.1,3,"2022-2024",24.45
"4277","US",2024,260,23.7,17.8,31.1,3,"2022-2024",24.45
"4278","US",2024,261,24,17.2,31.7,3,"2022-2024",24.45
"4279","US",2024,262,24.1,17.2,31.7,3,"2022-2024",24.45
"4280","US",2024,263,24.6,17.2,33.3,3,"2022-2024",25.25
"4281","US",2024,264,27,17.2,34.4,3,"2022-2024",25.8
"4282","US",2024,265,25.2,21.1,34.4,3,"2022-2024",27.75
"4283","US",2024,266,22.3,20.6,28.3,3,"2022-2024",24.45
"4284","US",2024,267,18.4,16.7,26.1,3,"2022-2024",21.4
"4285","US",2024,268,18.6,16.7,21.7,3,"2022-2024",19.2
"4286","US",2024,269,18.5,12.8,26.1,3,"2022-2024",19.45
"4287","US",2024,270,19.4,12.8,26.7,3,"2022-2024",19.75
"4288","US",2024,271,17.8,12.8,26.7,3,"2022-2024",19.75
"4289","US",2024,272,20.4,15,24.4,3,"2022-2024",19.7
"4290","US",2024,273,21.2,14.4,26.7,3,"2022-2024",20.55
"4291","US",2024,274,21.8,14.4,29.4,3,"2022-2024",21.9
"4292","US",2024,275,19.8,15,29.4,3,"2022-2024",22.2
"4293","US",2024,276,14.4,5.6,22.8,3,"2022-2024",14.2
"4294","US",2024,277,18.7,5.6,30,3,"2022-2024",17.8
"4295","US",2024,278,21.6,11.1,30,3,"2022-2024",20.55
"4296","US",2024,279,22.4,15.6,31.1,3,"2022-2024",23.35
"4297","US",2024,280,22.1,15.6,31.1,3,"2022-2024",23.35
"4298","US",2024,281,15.2,7.8,26.1,3,"2022-2024",16.95
"4299","US",2024,282,14.3,6.1,23.3,3,"2022-2024",14.7
"4300","US",2024,283,16.5,6.1,25,3,"2022-2024",15.55
"4301","US",2024,284,18.1,7.8,26.7,3,"2022-2024",17.25
"4302","US",2024,285,19.3,9.4,28.9,3,"2022-2024",19.15
"4303","US",2024,286,21.7,11.1,31.7,3,"2022-2024",21.4
"4304","US",2024,287,19.8,13.3,31.7,3,"2022-2024",22.5
"4305","US",2024,288,10.8,5,23.3,3,"2022-2024",14.15
"4306","US",2024,289,10.4,5,16.7,3,"2022-2024",10.85
"4307","US",2024,290,7.6,-0.6,16.7,3,"2022-2024",8.05
"4308","US",2024,291,10.1,-0.5,20,3,"2022-2024",9.75
"4309","US",2024,292,12.4,1.1,22.2,3,"2022-2024",11.65
"4310","US",2024,293,14.3,5,23.3,3,"2022-2024",14.15
"4311","US",2024,294,15.8,6.7,26.1,3,"2022-2024",16.4
"4312","US",2024,295,17.4,7.2,27.2,3,"2022-2024",17.2
"4313","US",2024,296,20.3,10,29.4,3,"2022-2024",19.7
"4314","US",2024,297,18.1,11.7,29.4,3,"2022-2024",20.55
"4315","US",2024,298,13.4,7.2,23.9,3,"2022-2024",15.55
"4316","US",2024,299,18.5,7.2,23.9,3,"2022-2024",15.55
"4317","US",2024,300,11.3,5,21.1,3,"2022-2024",13.05
"4318","US",2024,301,11.6,5,21.1,3,"2022-2024",13.05
"4319","US",2024,302,16.9,5.6,28.9,3,"2022-2024",17.25
"4320","US",2024,303,24.5,20,27.8,3,"2022-2024",23.9
"4321","US",2024,304,23.4,20,28.3,3,"2022-2024",24.15
"4322","US",2024,305,16.6,11.1,27.8,3,"2022-2024",19.45
"4323","US",2024,306,9.4,3.3,17.2,3,"2022-2024",10.25
"4324","US",2024,307,11.7,3.3,20,3,"2022-2024",11.65
"4325","US",2024,308,16.9,6.1,20.6,3,"2022-2024",13.35
"4326","US",2024,309,17.3,12.8,21.1,3,"2022-2024",16.95
"4327","US",2024,310,17.2,15.6,21.1,3,"2022-2024",18.35
"4328","US",2024,311,10.5,6.1,18.9,3,"2022-2024",12.5
"4329","US",2024,312,7.8,2.8,14.4,3,"2022-2024",8.6
"4330","US",2024,313,9.6,2.8,17.8,3,"2022-2024",10.3
"4331","US",2024,314,11.4,4.4,17.8,3,"2022-2024",11.1
"4332","US",2024,315,13.4,10,17.8,3,"2022-2024",13.9
"4333","US",2024,316,11.8,6.7,19.4,3,"2022-2024",13.05
"4334","US",2024,317,8.6,2.8,19.4,3,"2022-2024",11.1
"4335","US",2024,318,10.2,3.3,17.2,3,"2022-2024",10.25
"4336","US",2024,319,10.7,6.7,17.2,3,"2022-2024",11.95
"4337","US",2024,320,8.2,0,17.2,3,"2022-2024",8.6
"4338","US",2024,321,9.3,0.6,17.2,3,"2022-2024",8.9
"4339","US",2024,322,12.4,8.9,19.4,3,"2022-2024",14.15
"4340","US",2024,323,17.1,15,20.6,3,"2022-2024",17.8
"4341","US",2024,324,14.4,10,18.3,3,"2022-2024",14.15
"4342","US",2024,325,8.7,4.4,12.8,3,"2022-2024",8.6
"4343","US",2024,326,4.2,1,7.2,3,"2022-2024",4.1
"4344","US",2024,327,2.3,0.6,6.1,3,"2022-2024",3.35
"4345","US",2024,328,2.9,-2.8,11.7,3,"2022-2024",4.45
"4346","US",2024,329,11.7,6.7,20.6,3,"2022-2024",13.65
"4347","US",2024,330,11.7,2,17.8,3,"2022-2024",9.9
"4348","US",2024,331,0.4,-3.9,6.7,3,"2022-2024",1.4
"4349","US",2024,332,5.5,-4.3,9.4,3,"2022-2024",2.55
"4350","US",2024,333,0.4,-2.2,9.4,3,"2022-2024",3.6
"4351","US",2024,334,-2.1,-6.7,2.2,3,"2022-2024",-2.25
"4352","US",2024,335,-2.3,-5.6,2.2,3,"2022-2024",-1.7
"4353","US",2024,336,-4,-8,-0.6,3,"2022-2024",-4.3
"4354","US",2024,337,-2.9,-7.8,0,3,"2022-2024",-3.9
"4355","US",2024,338,-5.8,-11.1,1.7,3,"2022-2024",-4.7
"4356","US",2024,339,4.9,-0.6,12.2,3,"2022-2024",5.8
"4357","US",2024,340,-2.9,-10,12.2,3,"2022-2024",1.1
"4358","US",2024,341,-4.9,-10,5,3,"2022-2024",-2.5
"4359","US",2024,342,3.8,-10,15,3,"2022-2024",2.5
"4360","US",2024,343,10.1,-2.7,15.6,3,"2022-2024",6.45
"4361","US",2024,344,9.4,4.4,15.6,3,"2022-2024",10
"4362","US",2024,345,2.8,-2.2,11.1,3,"2022-2024",4.45
"4363","US",2024,346,-0.5,-3.3,5,3,"2022-2024",0.85
"4364","US",2024,347,-3.1,-7.2,2.2,3,"2022-2024",-2.5
"4365","US",2024,348,-4.3,-7.2,2.2,3,"2022-2024",-2.5
"4366","US",2024,349,4.2,-7.2,8.9,3,"2022-2024",0.85
"4367","US",2024,350,7.7,2.2,12.8,3,"2022-2024",7.5
"4368","US",2024,351,11.6,5,13.3,3,"2022-2024",9.15
"4369","US",2024,352,6,-1.1,13.3,3,"2022-2024",6.1
"4370","US",2024,353,6.1,1.1,12.2,3,"2022-2024",6.65
"4371","US",2024,354,1.9,-3.3,11.1,3,"2022-2024",3.9
"4372","US",2024,355,-1,-3.9,11.1,3,"2022-2024",3.6
"4373","US",2024,356,-3.2,-6.1,2.2,3,"2022-2024",-1.95
"4374","US",2024,357,0.1,-6.1,8.9,3,"2022-2024",1.4
"4375","US",2024,358,6.9,-4.3,12.2,3,"2022-2024",3.95
"4376","US",2024,359,5.1,0,12.2,3,"2022-2024",6.1
"4377","US",2024,360,4.1,1.7,7.2,3,"2022-2024",4.45
"4378","US",2024,361,7.6,2.8,11.7,3,"2022-2024",7.25
"4379","US",2024,362,9.5,6.1,11.7,3,"2022-2024",8.9
"4380","US",2024,363,8.8,4.4,12.8,3,"2022-2024",8.6
"4381","US",2024,364,8.7,5.6,12.8,3,"2022-2024",9.2
"4382","US",2024,365,6.2,1.7,12.2,3,"2022-2024",6.95
"4383","US",2024,366,5.4,1.1,10.6,3,"2022-2024",5.85
"4384","US",1982,1,23.3,18.9,28.3,2,"1982-1984",23.6
"4385","US",1982,2,23.3,20.6,26.7,2,"1982-1984",23.65
"4386","US",1982,3,23.9,22.8,26.7,2,"1982-1984",24.75
"4387","US",1982,4,24.5,22.8,27.2,2,"1982-1984",25
"4388","US",1982,5,21.7,18.9,25.6,2,"1982-1984",22.25
"4389","US",1982,6,23.1,21.1,25.6,2,"1982-1984",23.35
"4390","US",1982,7,23.1,20.6,25.6,2,"1982-1984",23.1
"4391","US",1982,8,22,17.8,26.1,2,"1982-1984",21.95
"4392","US",1982,9,21.3,17.8,25.6,2,"1982-1984",21.7
"4393","US",1982,10,14.8,8.9,20.6,2,"1982-1984",14.75
"4394","US",1982,11,12.1,8.9,16.1,2,"1982-1984",12.5
"4395","US",1982,12,8.6,2.8,15.6,2,"1982-1984",9.2
"4396","US",1982,13,18.1,9.4,26.1,2,"1982-1984",17.75
"4397","US",1982,14,22.7,18.3,26.1,2,"1982-1984",22.2
"4398","US",1982,15,12,6.7,17.2,2,"1982-1984",11.95
"4399","US",1982,16,14.1,10,20,2,"1982-1984",15
"4400","US",1982,17,16.7,12.2,22.8,2,"1982-1984",17.5
"4401","US",1982,18,17.9,12.8,23.9,2,"1982-1984",18.35
"4402","US",1982,19,18.9,13.9,24.4,2,"1982-1984",19.15
"4403","US",1982,20,21.3,18.3,25,2,"1982-1984",21.65
"4404","US",1982,21,21,16.1,25,2,"1982-1984",20.55
"4405","US",1982,22,20.5,15.6,25,2,"1982-1984",20.3
"4406","US",1982,23,22.9,21.1,25.6,2,"1982-1984",23.35
"4407","US",1982,24,22.4,16.7,27.8,2,"1982-1984",22.25
"4408","US",1982,25,20.3,15.6,23.9,2,"1982-1984",19.75
"4409","US",1982,26,19.1,15.6,22.8,2,"1982-1984",19.2
"4410","US",1982,27,15.3,10,20.6,2,"1982-1984",15.3
"4411","US",1982,28,17.6,13.3,21.7,2,"1982-1984",17.5
"4412","US",1982,29,18.5,15.6,21.7,2,"1982-1984",18.65
"4413","US",1982,30,21.2,19.4,23.9,2,"1982-1984",21.65
"4414","US",1982,31,22.6,20.6,26.1,2,"1982-1984",23.35
"4415","US",1982,32,23.3,21.1,26.7,2,"1982-1984",23.9
"4416","US",1982,33,23.7,22.2,26.7,2,"1982-1984",24.45
"4417","US",1982,34,23.9,22.2,26.7,2,"1982-1984",24.45
"4418","US",1982,35,23.3,21.1,26.1,2,"1982-1984",23.6
"4419","US",1982,36,24.1,22.8,26.7,2,"1982-1984",24.75
"4420","US",1982,37,23.9,21.7,26.1,2,"1982-1984",23.9
"4421","US",1982,38,22.9,20,26.7,2,"1982-1984",23.35
"4422","US",1982,39,23.8,21.7,26.1,2,"1982-1984",23.9
"4423","US",1982,40,23.9,22.2,26.7,2,"1982-1984",24.45
"4424","US",1982,41,23.6,21.1,28.3,2,"1982-1984",24.7
"4425","US",1982,42,22.1,18.9,26.7,2,"1982-1984",22.8
"4426","US",1982,43,23,20,26.1,2,"1982-1984",23.05
"4427","US",1982,44,22.6,18.9,27.8,2,"1982-1984",23.35
"4428","US",1982,45,20.7,17.2,23.9,2,"1982-1984",20.55
"4429","US",1982,46,23,21.7,25.6,2,"1982-1984",23.65
"4430","US",1982,47,23.4,21.1,26.7,2,"1982-1984",23.9
"4431","US",1982,48,22.2,18.3,27.2,2,"1982-1984",22.75
"4432","US",1982,49,20.6,18.3,25.6,2,"1982-1984",21.95
"4433","US",1982,50,20.8,16.1,24.4,2,"1982-1984",20.25
"4434","US",1982,51,21.1,16.1,27.8,2,"1982-1984",21.95
"4435","US",1982,52,20.6,16.1,26.7,2,"1982-1984",21.4
"4436","US",1982,53,20.2,15.6,23.9,2,"1982-1984",19.75
"4437","US",1982,54,16.6,11.7,22.2,2,"1982-1984",16.95
"4438","US",1982,55,18.1,12.8,22.8,2,"1982-1984",17.8
"4439","US",1982,56,18.7,13.9,24.4,2,"1982-1984",19.15
"4440","US",1982,57,20.1,15.6,25,2,"1982-1984",20.3
"4441","US",1982,58,22.1,19.4,26.1,2,"1982-1984",22.75
"4442","US",1982,59,22.5,16.1,28.9,2,"1982-1984",22.5
"4443","US",1982,60,20.8,17.2,25,2,"1982-1984",21.1
"4444","US",1982,61,17.4,13.9,21.1,2,"1982-1984",17.5
"4445","US",1982,62,18.5,14.4,24.4,2,"1982-1984",19.4
"4446","US",1982,63,23.8,20.6,27.2,2,"1982-1984",23.9
"4447","US",1982,64,24.4,21.1,27.8,2,"1982-1984",24.45
"4448","US",1982,65,25.3,22.8,28.9,2,"1982-1984",25.85
"4449","US",1982,66,24.6,21.1,26.7,2,"1982-1984",23.9
"4450","US",1982,67,16.9,12.2,21.7,2,"1982-1984",16.95
"4451","US",1982,68,18.2,12.8,23.9,2,"1982-1984",18.35
"4452","US",1982,69,21.6,20,24.4,2,"1982-1984",22.2
"4453","US",1982,70,23,20.6,25.6,2,"1982-1984",23.1
"4454","US",1982,71,22.5,18.9,25.6,2,"1982-1984",22.25
"4455","US",1982,72,23,19.4,26.1,2,"1982-1984",22.75
"4456","US",1982,73,23.4,20,26.1,2,"1982-1984",23.05
"4457","US",1982,74,24.2,22.2,27.2,2,"1982-1984",24.7
"4458","US",1982,75,23.7,21.1,27.2,2,"1982-1984",24.15
"4459","US",1982,76,23.8,20,26.7,2,"1982-1984",23.35
"4460","US",1982,77,24.1,20.6,28.3,2,"1982-1984",24.45
"4461","US",1982,78,24,20,28.9,2,"1982-1984",24.45
"4462","US",1982,79,24.7,19.4,30,2,"1982-1984",24.7
"4463","US",1982,80,23.8,18.3,29.4,2,"1982-1984",23.85
"4464","US",1982,81,23.4,18.3,27.8,2,"1982-1984",23.05
"4465","US",1982,82,23.4,19.4,27.8,2,"1982-1984",23.6
"4466","US",1982,83,24.3,20.6,28.9,2,"1982-1984",24.75
"4467","US",1982,84,24,20.6,28.3,2,"1982-1984",24.45
"4468","US",1982,85,23.5,19.4,28.3,2,"1982-1984",23.85
"4469","US",1982,86,23.1,20.6,26.7,2,"1982-1984",23.65
"4470","US",1982,87,22.4,21.1,22.8,2,"1982-1984",21.95
"4471","US",1982,88,22.7,21.1,25.6,2,"1982-1984",23.35
"4472","US",1982,89,22.7,20,26.7,2,"1982-1984",23.35
"4473","US",1982,90,23.4,21.7,25.6,2,"1982-1984",23.65
"4474","US",1982,91,22.8,20.6,25.6,2,"1982-1984",23.1
"4475","US",1982,92,23.4,20.6,25.6,2,"1982-1984",23.1
"4476","US",1982,93,23.9,21.7,26.7,2,"1982-1984",24.2
"4477","US",1982,94,23.2,18.9,27.2,2,"1982-1984",23.05
"4478","US",1982,95,24.3,20,27.8,2,"1982-1984",23.9
"4479","US",1982,96,25.1,21.1,31.1,2,"1982-1984",26.1
"4480","US",1982,97,23.3,18.3,27.2,2,"1982-1984",22.75
"4481","US",1982,98,23.7,21.7,26.7,2,"1982-1984",24.2
"4482","US",1982,99,26.2,22.8,31.1,2,"1982-1984",26.95
"4483","US",1982,100,25.8,21.7,30.6,2,"1982-1984",26.15
"4484","US",1982,101,24.6,18.9,27.2,2,"1982-1984",23.05
"4485","US",1982,102,21.2,16.7,25,2,"1982-1984",20.85
"4486","US",1982,103,23.8,21.7,26.1,2,"1982-1984",23.9
"4487","US",1982,104,23.8,18.9,28.3,2,"1982-1984",23.6
"4488","US",1982,105,24.9,20.6,28.9,2,"1982-1984",24.75
"4489","US",1982,106,25.3,22.2,27.8,2,"1982-1984",25
"4490","US",1982,107,25.8,24.4,28.3,2,"1982-1984",26.35
"4491","US",1982,108,25.1,21.1,28.9,2,"1982-1984",25
"4492","US",1982,109,24.7,20.6,28.3,2,"1982-1984",24.45
"4493","US",1982,110,25.8,22.8,28.3,2,"1982-1984",25.55
"4494","US",1982,111,25.2,21.7,28.3,2,"1982-1984",25
"4495","US",1982,112,24.9,20.6,28.9,2,"1982-1984",24.75
"4496","US",1982,113,23.6,19.4,27.2,2,"1982-1984",23.3
"4497","US",1982,114,24.1,21.7,25.6,2,"1982-1984",23.65
"4498","US",1982,115,24.5,21.7,27.8,2,"1982-1984",24.75
"4499","US",1982,116,23.8,20.9,25.6,2,"1982-1984",23.25
"4500","US",1982,117,25.3,21.1,29.4,2,"1982-1984",25.25
"4501","US",1982,118,25.4,21.7,28.3,2,"1982-1984",25
"4502","US",1982,119,24.2,21.7,27.8,2,"1982-1984",24.75
"4503","US",1982,120,24.6,21.7,28.3,2,"1982-1984",25
"4504","US",1982,121,25.3,22.8,27.8,2,"1982-1984",25.3
"4505","US",1982,122,25.2,22.8,27.8,2,"1982-1984",25.3
"4506","US",1982,123,23.9,21.1,27.8,2,"1982-1984",24.45
"4507","US",1982,124,23.5,21.7,25.6,2,"1982-1984",23.65
"4508","US",1982,125,24.4,21.1,27.2,2,"1982-1984",24.15
"4509","US",1982,126,24.1,19.4,26.7,2,"1982-1984",23.05
"4510","US",1982,127,23.8,21.7,26.1,2,"1982-1984",23.9
"4511","US",1982,128,23.4,19.4,27.2,2,"1982-1984",23.3
"4512","US",1982,129,25.2,20,30,2,"1982-1984",25
"4513","US",1982,130,24.4,18.9,28.3,2,"1982-1984",23.6
"4514","US",1982,131,25.4,23.9,27.2,2,"1982-1984",25.55
"4515","US",1982,132,24.4,22.2,26.7,2,"1982-1984",24.45
"4516","US",1982,133,23.8,21.7,26.1,2,"1982-1984",23.9
"4517","US",1982,134,24.7,22.8,27.2,2,"1982-1984",25
"4518","US",1982,135,25,23.3,27.8,2,"1982-1984",25.55
"4519","US",1982,136,25.6,23.9,27.8,2,"1982-1984",25.85
"4520","US",1982,137,25.6,23.9,27.8,2,"1982-1984",25.85
"4521","US",1982,138,24.3,21.7,27.2,2,"1982-1984",24.45
"4522","US",1982,139,24.9,22.2,27.2,2,"1982-1984",24.7
"4523","US",1982,140,24.6,20.6,28.3,2,"1982-1984",24.45
"4524","US",1982,141,25.5,21.7,28.9,2,"1982-1984",25.3
"4525","US",1982,142,26.1,22.2,28.9,2,"1982-1984",25.55
"4526","US",1982,143,26.3,23.9,28.9,2,"1982-1984",26.4
"4527","US",1982,144,26.1,23.3,28.9,2,"1982-1984",26.1
"4528","US",1982,145,26.8,23.9,30,2,"1982-1984",26.95
"4529","US",1982,146,26.6,23.3,29.4,2,"1982-1984",26.35
"4530","US",1982,147,25.8,24.4,27.2,2,"1982-1984",25.8
"4531","US",1982,148,26.8,25,29.4,2,"1982-1984",27.2
"4532","US",1982,149,26.4,24.4,29.4,2,"1982-1984",26.9
"4533","US",1982,150,28.1,26.1,30.6,2,"1982-1984",28.35
"4534","US",1982,151,27.6,26.7,31.7,2,"1982-1984",29.2
"4535","US",1982,152,27.1,25,30,2,"1982-1984",27.5
"4536","US",1982,153,25.1,23.3,27.2,2,"1982-1984",25.25
"4537","US",1982,154,26.1,23.3,27.8,2,"1982-1984",25.55
"4538","US",1982,155,26.3,23.9,28.9,2,"1982-1984",26.4
"4539","US",1982,156,27.9,26.1,30,2,"1982-1984",28.05
"4540","US",1982,157,28.4,25.6,31.1,2,"1982-1984",28.35
"4541","US",1982,158,28.8,26.1,32.2,2,"1982-1984",29.15
"4542","US",1982,159,27.7,25,29.4,2,"1982-1984",27.2
"4543","US",1982,160,26.1,22.8,28.9,2,"1982-1984",25.85
"4544","US",1982,161,26.7,23.9,29.4,2,"1982-1984",26.65
"4545","US",1982,162,27.2,23.9,31.1,2,"1982-1984",27.5
"4546","US",1982,163,28,24.4,31.1,2,"1982-1984",27.75
"4547","US",1982,164,27.8,23.9,31.1,2,"1982-1984",27.5
"4548","US",1982,165,28.1,25,31.1,2,"1982-1984",28.05
"4549","US",1982,166,28.5,26.7,30.6,2,"1982-1984",28.65
"4550","US",1982,167,27.1,24.4,28.9,2,"1982-1984",26.65
"4551","US",1982,168,27.2,24.4,28.9,2,"1982-1984",26.65
"4552","US",1982,169,27.6,25,28.3,2,"1982-1984",26.65
"4553","US",1982,170,25.9,23.9,28.9,2,"1982-1984",26.4
"4554","US",1982,171,27.5,24.4,31.1,2,"1982-1984",27.75
"4555","US",1982,172,28.1,25.6,30.6,2,"1982-1984",28.1
"4556","US",1982,173,27.9,25,30,2,"1982-1984",27.5
"4557","US",1982,174,28.5,26.1,31.7,2,"1982-1984",28.9
"4558","US",1982,175,26.5,24.4,29.4,2,"1982-1984",26.9
"4559","US",1982,176,26,23.3,29.4,2,"1982-1984",26.35
"4560","US",1982,177,26.9,23.9,30.6,2,"1982-1984",27.25
"4561","US",1982,178,27.8,25,30.6,2,"1982-1984",27.8
"4562","US",1982,179,28.3,26.1,30.6,2,"1982-1984",28.35
"4563","US",1982,180,28.1,25,30.6,2,"1982-1984",27.8
"4564","US",1982,181,27.3,23.9,30.6,2,"1982-1984",27.25
"4565","US",1982,182,27.9,25,30.6,2,"1982-1984",27.8
"4566","US",1982,183,27.8,24.4,31.7,2,"1982-1984",28.05
"4567","US",1982,184,27.3,23.9,31.1,2,"1982-1984",27.5
"4568","US",1982,185,27.8,24.4,31.7,2,"1982-1984",28.05
"4569","US",1982,186,28.2,24.4,32.8,2,"1982-1984",28.6
"4570","US",1982,187,26.5,22.2,30,2,"1982-1984",26.1
"4571","US",1982,188,27.7,25,30.6,2,"1982-1984",27.8
"4572","US",1982,189,28.3,26.1,31.1,2,"1982-1984",28.6
"4573","US",1982,190,28.2,25.6,30.6,2,"1982-1984",28.1
"4574","US",1982,191,28.4,26.1,30.6,2,"1982-1984",28.35
"4575","US",1982,192,28.6,26.1,30.6,2,"1982-1984",28.35
"4576","US",1982,193,28.3,26.1,30.6,2,"1982-1984",28.35
"4577","US",1982,194,27.5,23.9,31.1,2,"1982-1984",27.5
"4578","US",1982,195,28.3,25.6,30.6,2,"1982-1984",28.1
"4579","US",1982,196,27.3,25.6,29.4,2,"1982-1984",27.5
"4580","US",1982,197,26.9,24.4,29.4,2,"1982-1984",26.9
"4581","US",1982,198,27.7,24.4,31.1,2,"1982-1984",27.75
"4582","US",1982,199,28.4,26.1,31.1,2,"1982-1984",28.6
"4583","US",1982,200,28.7,26.7,31.1,2,"1982-1984",28.9
"4584","US",1982,201,28.6,25.6,31.1,2,"1982-1984",28.35
"4585","US",1982,202,28.6,25.6,31.1,2,"1982-1984",28.35
"4586","US",1982,203,28.6,26.7,30.6,2,"1982-1984",28.65
"4587","US",1982,204,28.4,25.6,30.6,2,"1982-1984",28.1
"4588","US",1982,205,27.3,24.4,30,2,"1982-1984",27.2
"4589","US",1982,206,27.8,25,30.6,2,"1982-1984",27.8
"4590","US",1982,207,28.3,26.1,31.1,2,"1982-1984",28.6
"4591","US",1982,208,28.8,26.7,32.2,2,"1982-1984",29.45
"4592","US",1982,209,28.1,25,31.1,2,"1982-1984",28.05
"4593","US",1982,210,28.6,26.7,31.7,2,"1982-1984",29.2
"4594","US",1982,211,29.2,26.7,31.7,2,"1982-1984",29.2
"4595","US",1982,212,29.3,26.1,31.1,2,"1982-1984",28.6
"4596","US",1982,213,28.5,25.6,31.7,2,"1982-1984",28.65
"4597","US",1982,214,29.1,26.1,32.2,2,"1982-1984",29.15
"4598","US",1982,215,28.3,25.6,32.2,2,"1982-1984",28.9
"4599","US",1982,216,28.1,25,30.6,2,"1982-1984",27.8
"4600","US",1982,217,25.9,22.8,30,2,"1982-1984",26.4
"4601","US",1982,218,26.6,23.3,31.1,2,"1982-1984",27.2
"4602","US",1982,219,29.4,27.8,31.7,2,"1982-1984",29.75
"4603","US",1982,220,29.3,27.8,31.1,2,"1982-1984",29.45
"4604","US",1982,221,29.1,27.2,32.2,2,"1982-1984",29.7
"4605","US",1982,222,28.2,25.6,30.6,2,"1982-1984",28.1
"4606","US",1982,223,28.3,26.1,31.7,2,"1982-1984",28.9
"4607","US",1982,224,26.4,22.2,32.8,2,"1982-1984",27.5
"4608","US",1982,225,25.1,21.1,31.1,2,"1982-1984",26.1
"4609","US",1982,226,27.4,23.3,32.8,2,"1982-1984",28.05
"4610","US",1982,227,27.2,24.4,31.1,2,"1982-1984",27.75
"4611","US",1982,228,27.3,23.9,30.6,2,"1982-1984",27.25
"4612","US",1982,229,26.8,21.7,31.1,2,"1982-1984",26.4
"4613","US",1982,230,27.3,23.3,31.1,2,"1982-1984",27.2
"4614","US",1982,231,27,21.7,30.6,2,"1982-1984",26.15
"4615","US",1982,232,28.6,25.6,31.7,2,"1982-1984",28.65
"4616","US",1982,233,28.5,25.6,31.7,2,"1982-1984",28.65
"4617","US",1982,234,28.2,25,31.1,2,"1982-1984",28.05
"4618","US",1982,235,28.5,25.6,31.1,2,"1982-1984",28.35
"4619","US",1982,236,28.9,26.1,33.3,2,"1982-1984",29.7
"4620","US",1982,237,28.6,25.6,31.1,2,"1982-1984",28.35
"4621","US",1982,238,27.8,24.4,31.1,2,"1982-1984",27.75
"4622","US",1982,239,27.4,23.3,31.7,2,"1982-1984",27.5
"4623","US",1982,240,28.4,25.6,31.1,2,"1982-1984",28.35
"4624","US",1982,241,28.7,26.7,31.1,2,"1982-1984",28.9
"4625","US",1982,242,28.6,25.6,31.1,2,"1982-1984",28.35
"4626","US",1982,243,28.6,26.1,30.6,2,"1982-1984",28.35
"4627","US",1982,244,28.8,26.7,30.6,2,"1982-1984",28.65
"4628","US",1982,245,28.1,25.6,30.6,2,"1982-1984",28.1
"4629","US",1982,246,27.1,23.9,31.1,2,"1982-1984",27.5
"4630","US",1982,247,27.1,24.4,30.6,2,"1982-1984",27.5
"4631","US",1982,248,27.1,23.9,30.6,2,"1982-1984",27.25
"4632","US",1982,249,26.5,22.2,30.6,2,"1982-1984",26.4
"4633","US",1982,250,28.7,26.7,30.6,2,"1982-1984",28.65
"4634","US",1982,251,28.7,26.7,30.6,2,"1982-1984",28.65
"4635","US",1982,252,27.9,25,30.6,2,"1982-1984",27.8
"4636","US",1982,253,28.6,25.6,32.2,2,"1982-1984",28.9
"4637","US",1982,254,28.2,26.1,31.1,2,"1982-1984",28.6
"4638","US",1982,255,28.9,26.7,31.1,2,"1982-1984",28.9
"4639","US",1982,256,28.9,26.7,31.7,2,"1982-1984",29.2
"4640","US",1982,257,28.5,25.6,31.1,2,"1982-1984",28.35
"4641","US",1982,258,27.8,25,31.7,2,"1982-1984",28.35
"4642","US",1982,259,26.9,23.9,30,2,"1982-1984",26.95
"4643","US",1982,260,26.9,23.9,29.4,2,"1982-1984",26.65
"4644","US",1982,261,26.6,23.9,30,2,"1982-1984",26.95
"4645","US",1982,262,26.2,22.8,30,2,"1982-1984",26.4
"4646","US",1982,263,26.5,22.8,30,2,"1982-1984",26.4
"4647","US",1982,264,27.6,25,31.1,2,"1982-1984",28.05
"4648","US",1982,265,26.2,22.8,30.6,2,"1982-1984",26.7
"4649","US",1982,266,25.2,22.2,30,2,"1982-1984",26.1
"4650","US",1982,267,26,23.9,28.3,2,"1982-1984",26.1
"4651","US",1982,268,25.6,22.8,28.9,2,"1982-1984",25.85
"4652","US",1982,269,25.1,21.7,28.9,2,"1982-1984",25.3
"4653","US",1982,270,24,22.2,28.9,2,"1982-1984",25.55
"4654","US",1982,271,24.8,22.8,30,2,"1982-1984",26.4
"4655","US",1982,272,26.3,23.9,29.4,2,"1982-1984",26.65
"4656","US",1982,273,25,23.3,27.2,2,"1982-1984",25.25
"4657","US",1982,274,26.8,23.9,29.4,2,"1982-1984",26.65
"4658","US",1982,275,26.9,25,29.4,2,"1982-1984",27.2
"4659","US",1982,276,26.6,24.4,29.4,2,"1982-1984",26.9
"4660","US",1982,277,25.9,23.3,30.6,2,"1982-1984",26.95
"4661","US",1982,278,25.8,22.8,31.1,2,"1982-1984",26.95
"4662","US",1982,279,26.2,22.8,30,2,"1982-1984",26.4
"4663","US",1982,280,26.8,23.9,28.9,2,"1982-1984",26.4
"4664","US",1982,281,26.4,25,28.9,2,"1982-1984",26.95
"4665","US",1982,282,26.8,24.4,29.4,2,"1982-1984",26.9
"4666","US",1982,283,26.3,22.8,30,2,"1982-1984",26.4
"4667","US",1982,284,26.9,24.4,30.6,2,"1982-1984",27.5
"4668","US",1982,285,26.9,25,28.3,2,"1982-1984",26.65
"4669","US",1982,286,26.6,23.3,29.4,2,"1982-1984",26.35
"4670","US",1982,287,25.7,21.7,29.4,2,"1982-1984",25.55
"4671","US",1982,288,24.8,21.7,27.8,2,"1982-1984",24.75
"4672","US",1982,289,23.3,18.9,26.1,2,"1982-1984",22.5
"4673","US",1982,290,21.7,16.7,26.7,2,"1982-1984",21.7
"4674","US",1982,291,22.2,18.9,23.9,2,"1982-1984",21.4
"4675","US",1982,292,25.3,23.3,27.8,2,"1982-1984",25.55
"4676","US",1982,293,25.2,22.8,28.3,2,"1982-1984",25.55
"4677","US",1982,294,24.8,22.8,27.2,2,"1982-1984",25
"4678","US",1982,295,24.3,21.1,27.8,2,"1982-1984",24.45
"4679","US",1982,296,23.4,20.6,26.7,2,"1982-1984",23.65
"4680","US",1982,297,21.1,18.3,23.3,2,"1982-1984",20.8
"4681","US",1982,298,19.6,16.1,24.4,2,"1982-1984",20.25
"4682","US",1982,299,20.3,17.8,23.3,2,"1982-1984",20.55
"4683","US",1982,300,21.6,18.3,26.7,2,"1982-1984",22.5
"4684","US",1982,301,23.2,18.9,26.7,2,"1982-1984",22.8
"4685","US",1982,302,24.8,23.3,27.2,2,"1982-1984",25.25
"4686","US",1982,303,25.2,23.9,27.8,2,"1982-1984",25.85
"4687","US",1982,304,25.5,23.9,27.8,2,"1982-1984",25.85
"4688","US",1982,305,24.7,22.8,27.8,2,"1982-1984",25.3
"4689","US",1982,306,24.9,22.8,27.2,2,"1982-1984",25
"4690","US",1982,307,25.3,23.3,28.3,2,"1982-1984",25.8
"4691","US",1982,308,25.7,23.9,27.8,2,"1982-1984",25.85
"4692","US",1982,309,21.3,15,24.4,2,"1982-1984",19.7
"4693","US",1982,310,17.4,14.4,22.2,2,"1982-1984",18.3
"4694","US",1982,311,21.7,20.6,23.9,2,"1982-1984",22.25
"4695","US",1982,312,22.6,20,25.6,2,"1982-1984",22.8
"4696","US",1982,313,22.8,20,26.1,2,"1982-1984",23.05
"4697","US",1982,314,22.9,18.9,26.1,2,"1982-1984",22.5
"4698","US",1982,315,23.6,22.2,26.1,2,"1982-1984",24.15
"4699","US",1982,316,23.8,22.2,26.7,2,"1982-1984",24.45
"4700","US",1982,317,22.6,18.3,26.7,2,"1982-1984",22.5
"4701","US",1982,318,22.1,19.4,23.9,2,"1982-1984",21.65
"4702","US",1982,319,21.9,19.4,26.1,2,"1982-1984",22.75
"4703","US",1982,320,21.3,18.9,25,2,"1982-1984",21.95
"4704","US",1982,321,22.3,18.9,26.7,2,"1982-1984",22.8
"4705","US",1982,322,24.5,22.8,27.2,2,"1982-1984",25
"4706","US",1982,323,23.3,20.6,26.1,2,"1982-1984",23.35
"4707","US",1982,324,23.1,20,26.7,2,"1982-1984",23.35
"4708","US",1982,325,23.9,21.7,26.1,2,"1982-1984",23.9
"4709","US",1982,326,22.1,18.3,25.6,2,"1982-1984",21.95
"4710","US",1982,327,21.9,18.9,25.6,2,"1982-1984",22.25
"4711","US",1982,328,22.1,18.9,26.1,2,"1982-1984",22.5
"4712","US",1982,329,23.6,21.7,26.1,2,"1982-1984",23.9
"4713","US",1982,330,23.6,22.2,25.6,2,"1982-1984",23.9
"4714","US",1982,331,23.4,21.1,25.6,2,"1982-1984",23.35
"4715","US",1982,332,23.4,21.7,25,2,"1982-1984",23.35
"4716","US",1982,333,23.1,20,27.2,2,"1982-1984",23.6
"4717","US",1982,334,24.5,21.1,28.3,2,"1982-1984",24.7
"4718","US",1982,335,26.6,25.6,28.3,2,"1982-1984",26.95
"4719","US",1982,336,26.4,25.6,27.8,2,"1982-1984",26.7
"4720","US",1982,337,25.9,23.3,28.3,2,"1982-1984",25.8
"4721","US",1982,338,25.7,23.9,27.2,2,"1982-1984",25.55
"4722","US",1982,339,25.9,24.4,28.3,2,"1982-1984",26.35
"4723","US",1982,340,24.3,22.8,26.1,2,"1982-1984",24.45
"4724","US",1982,341,25,22.8,27.8,2,"1982-1984",25.3
"4725","US",1982,342,25.7,24.4,27.8,2,"1982-1984",26.1
"4726","US",1982,343,23.9,21.1,27.2,2,"1982-1984",24.15
"4727","US",1982,344,23.6,20,26.7,2,"1982-1984",23.35
"4728","US",1982,345,24.7,22.8,26.7,2,"1982-1984",24.75
"4729","US",1982,346,23.6,20.6,28.3,2,"1982-1984",24.45
"4730","US",1982,347,19.3,14.4,24.4,2,"1982-1984",19.4
"4731","US",1982,348,21.9,20.6,24.4,2,"1982-1984",22.5
"4732","US",1982,349,23.6,21.7,26.1,2,"1982-1984",23.9
"4733","US",1982,350,23.8,21.7,26.1,2,"1982-1984",23.9
"4734","US",1982,351,18.9,15.6,22.8,2,"1982-1984",19.2
"4735","US",1982,352,14.1,9.4,20.6,2,"1982-1984",15
"4736","US",1982,353,17.1,13.3,22.8,2,"1982-1984",18.05
"4737","US",1982,354,17.6,13.9,22.2,2,"1982-1984",18.05
"4738","US",1982,355,15.4,7.2,21.7,2,"1982-1984",14.45
"4739","US",1982,356,16.7,12.2,23.3,2,"1982-1984",17.75
"4740","US",1982,357,21.7,18.9,25.6,2,"1982-1984",22.25
"4741","US",1982,358,23.7,22.2,26.1,2,"1982-1984",24.15
"4742","US",1982,359,24.4,23.3,26.7,2,"1982-1984",25
"4743","US",1982,360,24.3,22.2,26.7,2,"1982-1984",24.45
"4744","US",1982,361,23.9,21.7,26.1,2,"1982-1984",23.9
"4745","US",1982,362,23.8,22.2,26.7,2,"1982-1984",24.45
"4746","US",1982,363,23.4,19.4,26.7,2,"1982-1984",23.05
"4747","US",1982,364,22.9,18.9,26.7,2,"1982-1984",22.8
"4748","US",1982,365,24.3,21.7,27.2,2,"1982-1984",24.45
"4749","US",1983,1,25,22.8,26.7,2,"1982-1984",24.75
"4750","US",1983,2,24.4,22.8,26.7,2,"1982-1984",24.75
"4751","US",1983,3,23.6,21.1,27.8,2,"1982-1984",24.45
"4752","US",1983,4,21.7,17.8,25,2,"1982-1984",21.4
"4753","US",1983,5,21.3,18.9,24.4,2,"1982-1984",21.65
"4754","US",1983,6,19.3,16.7,22.8,2,"1982-1984",19.75
"4755","US",1983,7,19.8,17.8,23.9,2,"1982-1984",20.85
"4756","US",1983,8,22.9,20,26.7,2,"1982-1984",23.35
"4757","US",1983,9,24.9,22.8,27.2,2,"1982-1984",25
"4758","US",1983,10,24.3,22.2,27.8,2,"1982-1984",25
"4759","US",1983,11,24.6,22.2,28.3,2,"1982-1984",25.25
"4760","US",1983,12,19.7,13.9,23.9,2,"1982-1984",18.9
"4761","US",1983,13,14.4,8.9,20,2,"1982-1984",14.45
"4762","US",1983,14,13.9,5.6,21.1,2,"1982-1984",13.35
"4763","US",1983,15,16.7,12.8,21.1,2,"1982-1984",16.95
"4764","US",1983,16,14.4,8.9,20.6,2,"1982-1984",14.75
"4765","US",1983,17,15.2,12.2,19.4,2,"1982-1984",15.8
"4766","US",1983,18,15.2,10.6,21.1,2,"1982-1984",15.85
"4767","US",1983,19,16.7,12.8,23.3,2,"1982-1984",18.05
"4768","US",1983,20,19.6,18.3,21.1,2,"1982-1984",19.7
"4769","US",1983,21,21.2,17.8,26.1,2,"1982-1984",21.95
"4770","US",1983,22,21.4,19.4,23.9,2,"1982-1984",21.65
"4771","US",1983,23,19.6,17.8,21.1,2,"1982-1984",19.45
"4772","US",1983,24,18.1,14.4,21.1,2,"1982-1984",17.75
"4773","US",1983,25,16.2,14.4,20.6,2,"1982-1984",17.5
"4774","US",1983,26,16.2,10.6,22.2,2,"1982-1984",16.4
"4775","US",1983,27,21,15,27.2,2,"1982-1984",21.1
"4776","US",1983,28,17.9,14.4,22.2,2,"1982-1984",18.3
"4777","US",1983,29,17.3,12.8,23.9,2,"1982-1984",18.35
"4778","US",1983,30,19.4,13.9,26.7,2,"1982-1984",20.3
"4779","US",1983,31,20.3,15,26.1,2,"1982-1984",20.55
"4780","US",1983,32,22.8,20,27.2,2,"1982-1984",23.6
"4781","US",1983,33,23.4,16.1,27.2,2,"1982-1984",21.65
"4782","US",1983,34,18.8,15,23.9,2,"1982-1984",19.45
"4783","US",1983,35,15.1,11.1,18.9,2,"1982-1984",15
"4784","US",1983,36,15.2,10,22.8,2,"1982-1984",16.4
"4785","US",1983,37,22.4,18.9,27.8,2,"1982-1984",23.35
"4786","US",1983,38,22.7,20,23.9,2,"1982-1984",21.95
"4787","US",1983,39,15.1,10,19.4,2,"1982-1984",14.7
"4788","US",1983,40,14.9,9.8,22.2,2,"1982-1984",16
"4789","US",1983,41,20.3,15,26.1,2,"1982-1984",20.55
"4790","US",1983,42,20.3,16.7,25,2,"1982-1984",20.85
"4791","US",1983,43,20,16.7,23.3,2,"1982-1984",20
"4792","US",1983,44,22.1,20,23.3,2,"1982-1984",21.65
"4793","US",1983,45,17.5,13.3,22.2,2,"1982-1984",17.75
"4794","US",1983,46,15.3,9.4,22.2,2,"1982-1984",15.8
"4795","US",1983,47,19.7,16.7,23.9,2,"1982-1984",20.3
"4796","US",1983,48,20.8,17.2,25.6,2,"1982-1984",21.4
"4797","US",1983,49,18.6,13.9,23.3,2,"1982-1984",18.6
"4798","US",1983,50,19.8,17.2,22.8,2,"1982-1984",20
"4799","US",1983,51,21.5,20,23.9,2,"1982-1984",21.95
"4800","US",1983,52,20.9,20,22.8,2,"1982-1984",21.4
"4801","US",1983,53,21.9,20,24.4,2,"1982-1984",22.2
"4802","US",1983,54,22.2,20,25,2,"1982-1984",22.5
"4803","US",1983,55,20.8,17.2,25,2,"1982-1984",21.1
"4804","US",1983,56,20.2,16.1,25.6,2,"1982-1984",20.85
"4805","US",1983,57,18.6,15,21.7,2,"1982-1984",18.35
"4806","US",1983,58,19.8,17.8,21.7,2,"1982-1984",19.75
"4807","US",1983,59,21.7,18.3,26.1,2,"1982-1984",22.2
"4808","US",1983,60,20.7,18.9,22.8,2,"1982-1984",20.85
"4809","US",1983,61,18.2,12.2,23.9,2,"1982-1984",18.05
"4810","US",1983,62,17.8,11.7,23.3,2,"1982-1984",17.5
"4811","US",1983,63,20.1,16.1,24.4,2,"1982-1984",20.25
"4812","US",1983,64,22.7,20.6,25.6,2,"1982-1984",23.1
"4813","US",1983,65,24.5,23.3,26.1,2,"1982-1984",24.7
"4814","US",1983,66,24.1,22.8,26.1,2,"1982-1984",24.45
"4815","US",1983,67,20,16.7,22.8,2,"1982-1984",19.75
"4816","US",1983,68,22,18.3,26.7,2,"1982-1984",22.5
"4817","US",1983,69,18.6,11.7,24.4,2,"1982-1984",18.05
"4818","US",1983,70,15.7,10.6,18.3,2,"1982-1984",14.45
"4819","US",1983,71,13.4,7.2,20,2,"1982-1984",13.6
"4820","US",1983,72,14.2,9.4,19.4,2,"1982-1984",14.4
"4821","US",1983,73,16.1,11.7,22.2,2,"1982-1984",16.95
"4822","US",1983,74,20.2,17.8,24.4,2,"1982-1984",21.1
"4823","US",1983,75,22.7,19.4,26.1,2,"1982-1984",22.75
"4824","US",1983,76,21.8,18.3,26.1,2,"1982-1984",22.2
"4825","US",1983,77,21.9,18.3,25,2,"1982-1984",21.65
"4826","US",1983,78,20.5,15.6,24.4,2,"1982-1984",20
"4827","US",1983,79,20.6,15,25.6,2,"1982-1984",20.3
"4828","US",1983,80,24.3,22.8,27.2,2,"1982-1984",25
"4829","US",1983,81,17.4,13.9,22.2,2,"1982-1984",18.05
"4830","US",1983,82,17.8,13.3,22.2,2,"1982-1984",17.75
"4831","US",1983,83,22.5,18.9,26.7,2,"1982-1984",22.8
"4832","US",1983,84,16.7,12.2,21.1,2,"1982-1984",16.65
"4833","US",1983,85,17.8,13.3,22.8,2,"1982-1984",18.05
"4834","US",1983,86,22.4,20,25,2,"1982-1984",22.5
"4835","US",1983,87,23.3,20.6,26.7,2,"1982-1984",23.65
"4836","US",1983,88,20.7,15.6,24.4,2,"1982-1984",20
"4837","US",1983,89,20.1,15.6,23.9,2,"1982-1984",19.75
"4838","US",1983,90,21.5,18.3,23.9,2,"1982-1984",21.1
"4839","US",1983,91,19.2,13.9,23.9,2,"1982-1984",18.9
"4840","US",1983,92,23.1,19.4,27.2,2,"1982-1984",23.3
"4841","US",1983,93,22.2,18.3,25.6,2,"1982-1984",21.95
"4842","US",1983,94,22.8,19.4,26.1,2,"1982-1984",22.75
"4843","US",1983,95,24.7,23.3,27.2,2,"1982-1984",25.25
"4844","US",1983,96,24.7,23.3,26.7,2,"1982-1984",25
"4845","US",1983,97,25.1,23.9,26.7,2,"1982-1984",25.3
"4846","US",1983,98,25.4,23.9,27.8,2,"1982-1984",25.85
"4847","US",1983,99,25.6,23.9,28.3,2,"1982-1984",26.1
"4848","US",1983,100,23.7,21.1,26.7,2,"1982-1984",23.9
"4849","US",1983,101,19.3,14.4,24.4,2,"1982-1984",19.4
"4850","US",1983,102,20.8,16.7,25.6,2,"1982-1984",21.15
"4851","US",1983,103,23,21.1,26.1,2,"1982-1984",23.6
"4852","US",1983,104,23.7,22.2,25.6,2,"1982-1984",23.9
"4853","US",1983,105,23,21.1,23.9,2,"1982-1984",22.5
"4854","US",1983,106,22.8,19.4,25,2,"1982-1984",22.2
"4855","US",1983,107,18.4,14.4,22.2,2,"1982-1984",18.3
"4856","US",1983,108,17.7,11.7,22.2,2,"1982-1984",16.95
"4857","US",1983,109,19.6,15,25.6,2,"1982-1984",20.3
"4858","US",1983,110,20.8,15.6,26.1,2,"1982-1984",20.85
"4859","US",1983,111,22.8,17.2,26.7,2,"1982-1984",21.95
"4860","US",1983,112,22.7,17.8,26.7,2,"1982-1984",22.25
"4861","US",1983,113,24.9,23.3,27.8,2,"1982-1984",25.55
"4862","US",1983,114,25.2,23.3,26.1,2,"1982-1984",24.7
"4863","US",1983,115,20,13.9,25,2,"1982-1984",19.45
"4864","US",1983,116,19.4,12.8,24.4,2,"1982-1984",18.6
"4865","US",1983,117,21.4,17.2,25,2,"1982-1984",21.1
"4866","US",1983,118,23.1,20,26.1,2,"1982-1984",23.05
"4867","US",1983,119,23.4,20.6,26.1,2,"1982-1984",23.35
"4868","US",1983,120,24.3,22.2,26.7,2,"1982-1984",24.45
"4869","US",1983,121,24.3,22.8,26.1,2,"1982-1984",24.45
"4870","US",1983,122,24.2,22.2,27.2,2,"1982-1984",24.7
"4871","US",1983,123,25.3,21.7,28.9,2,"1982-1984",25.3
"4872","US",1983,124,26.3,22.8,31.7,2,"1982-1984",27.25
"4873","US",1983,125,23.7,20,27.8,2,"1982-1984",23.9
"4874","US",1983,126,23.6,18.9,27.2,2,"1982-1984",23.05
"4875","US",1983,127,23.6,21.1,26.1,2,"1982-1984",23.6
"4876","US",1983,128,24,20.6,26.1,2,"1982-1984",23.35
"4877","US",1983,129,24.2,21.7,30,2,"1982-1984",25.85
"4878","US",1983,130,24.3,21.7,26.7,2,"1982-1984",24.2
"4879","US",1983,131,24.7,23.3,27.2,2,"1982-1984",25.25
"4880","US",1983,132,24.1,21.7,26.1,2,"1982-1984",23.9
"4881","US",1983,133,23.7,21.1,26.1,2,"1982-1984",23.6
"4882","US",1983,134,23.9,21.7,26.7,2,"1982-1984",24.2
"4883","US",1983,135,24.8,22.8,26.7,2,"1982-1984",24.75
"4884","US",1983,136,25.6,23.3,28.9,2,"1982-1984",26.1
"4885","US",1983,137,25.3,21.7,28.9,2,"1982-1984",25.3
"4886","US",1983,138,25.7,23.9,27.8,2,"1982-1984",25.85
"4887","US",1983,139,25.3,23.3,27.2,2,"1982-1984",25.25
"4888","US",1983,140,25.4,23.9,27.2,2,"1982-1984",25.55
"4889","US",1983,141,25.6,24.4,27.2,2,"1982-1984",25.8
"4890","US",1983,142,25.3,23.3,27.8,2,"1982-1984",25.55
"4891","US",1983,143,25.4,22.2,28.9,2,"1982-1984",25.55
"4892","US",1983,144,25.6,22.2,29.4,2,"1982-1984",25.8
"4893","US",1983,145,26.2,20.6,31.1,2,"1982-1984",25.85
"4894","US",1983,146,26.3,22.2,31.7,2,"1982-1984",26.95
"4895","US",1983,147,25.9,21.1,31.1,2,"1982-1984",26.1
"4896","US",1983,148,24.7,20,27.8,2,"1982-1984",23.9
"4897","US",1983,149,26.7,24.4,29.4,2,"1982-1984",26.9
"4898","US",1983,150,26.9,24.4,30,2,"1982-1984",27.2
"4899","US",1983,151,26.6,22.8,32.2,2,"1982-1984",27.5
"4900","US",1983,152,25.8,22.8,30,2,"1982-1984",26.4
"4901","US",1983,153,26.1,23.9,30,2,"1982-1984",26.95
"4902","US",1983,154,26.7,24.4,30,2,"1982-1984",27.2
"4903","US",1983,155,28,25,31.1,2,"1982-1984",28.05
"4904","US",1983,156,27.6,23.9,31.1,2,"1982-1984",27.5
"4905","US",1983,157,28.7,25.6,32.2,2,"1982-1984",28.9
"4906","US",1983,158,28.9,26.7,32.2,2,"1982-1984",29.45
"4907","US",1983,159,27.7,23.3,32.2,2,"1982-1984",27.75
"4908","US",1983,160,26.2,23.3,31.1,2,"1982-1984",27.2
"4909","US",1983,161,26.4,23.3,30,2,"1982-1984",26.65
"4910","US",1983,162,26.7,23.3,30.6,2,"1982-1984",26.95
"4911","US",1983,163,27.8,25,31.1,2,"1982-1984",28.05
"4912","US",1983,164,26.4,24.4,28.9,2,"1982-1984",26.65
"4913","US",1983,165,25.7,22.8,29.4,2,"1982-1984",26.1
"4914","US",1983,166,27.5,23.9,30.6,2,"1982-1984",27.25
"4915","US",1983,167,26.7,23.3,29.4,2,"1982-1984",26.35
"4916","US",1983,168,25.6,23.3,27.8,2,"1982-1984",25.55
"4917","US",1983,169,26.1,23.9,28.9,2,"1982-1984",26.4
"4918","US",1983,170,26.4,23.9,29.4,2,"1982-1984",26.65
"4919","US",1983,171,25.9,22.8,27.2,2,"1982-1984",25
"4920","US",1983,172,26.4,21.7,29.4,2,"1982-1984",25.55
"4921","US",1983,173,26.9,24.4,31.1,2,"1982-1984",27.75
"4922","US",1983,174,26.1,22.8,28.9,2,"1982-1984",25.85
"4923","US",1983,175,25.4,23.3,28.3,2,"1982-1984",25.8
"4924","US",1983,176,25.2,22.2,29.4,2,"1982-1984",25.8
"4925","US",1983,177,25.5,23.3,30,2,"1982-1984",26.65
"4926","US",1983,178,27.5,25,30,2,"1982-1984",27.5
"4927","US",1983,179,27.5,23.9,29.4,2,"1982-1984",26.65
"4928","US",1983,180,27.9,26.1,30,2,"1982-1984",28.05
"4929","US",1983,181,27.8,25,30,2,"1982-1984",27.5
"4930","US",1983,182,28.3,26.1,30.6,2,"1982-1984",28.35
"4931","US",1983,183,28.3,26.7,30.6,2,"1982-1984",28.65
"4932","US",1983,184,28.3,25,30.6,2,"1982-1984",27.8
"4933","US",1983,185,28,25.6,30,2,"1982-1984",27.8
"4934","US",1983,186,27.9,24.4,29.4,2,"1982-1984",26.9
"4935","US",1983,187,27.4,24.4,30,2,"1982-1984",27.2
"4936","US",1983,188,27.9,25.6,30.6,2,"1982-1984",28.1
"4937","US",1983,189,27.8,26.1,30,2,"1982-1984",28.05
"4938","US",1983,190,26.5,24.4,30,2,"1982-1984",27.2
"4939","US",1983,191,27,25,29.4,2,"1982-1984",27.2
"4940","US",1983,192,27.3,25.6,29.4,2,"1982-1984",27.5
"4941","US",1983,193,27.8,25,31.1,2,"1982-1984",28.05
"4942","US",1983,194,28.2,26.7,30.6,2,"1982-1984",28.65
"4943","US",1983,195,28.6,26.1,31.1,2,"1982-1984",28.6
"4944","US",1983,196,29.4,27.2,32.2,2,"1982-1984",29.7
"4945","US",1983,197,29.2,26.7,31.1,2,"1982-1984",28.9
"4946","US",1983,198,29.2,26.7,32.2,2,"1982-1984",29.45
"4947","US",1983,199,29.1,24.4,33.9,2,"1982-1984",29.15
"4948","US",1983,200,29.1,25.6,33.3,2,"1982-1984",29.45
"4949","US",1983,201,29.6,26.7,32.2,2,"1982-1984",29.45
"4950","US",1983,202,29.4,26.7,32.8,2,"1982-1984",29.75
"4951","US",1983,203,29.4,26.1,32.8,2,"1982-1984",29.45
"4952","US",1983,204,29.9,27.2,33.3,2,"1982-1984",30.25
"4953","US",1983,205,30.4,27.8,33.9,2,"1982-1984",30.85
"4954","US",1983,206,29.8,25.6,33.3,2,"1982-1984",29.45
"4955","US",1983,207,29.7,24.4,33.3,2,"1982-1984",28.85
"4956","US",1983,208,28.1,23.3,33.3,2,"1982-1984",28.3
"4957","US",1983,209,28.2,25.6,31.1,2,"1982-1984",28.35
"4958","US",1983,210,28.2,23.9,32.2,2,"1982-1984",28.05
"4959","US",1983,211,28.8,23.9,32.2,2,"1982-1984",28.05
"4960","US",1983,212,30.2,28.9,32.2,2,"1982-1984",30.55
"4961","US",1983,213,28.1,24.4,32.8,2,"1982-1984",28.6
"4962","US",1983,214,29,25.6,31.7,2,"1982-1984",28.65
"4963","US",1983,215,29.6,27.2,31.7,2,"1982-1984",29.45
"4964","US",1983,216,30,27.8,32.8,2,"1982-1984",30.3
"4965","US",1983,217,28.8,27.2,30.6,2,"1982-1984",28.9
"4966","US",1983,218,28.6,25.6,32.2,2,"1982-1984",28.9
"4967","US",1983,219,29.6,27.8,32.2,2,"1982-1984",30
"4968","US",1983,220,29.2,26.1,33.9,2,"1982-1984",30
"4969","US",1983,221,28,26.1,31.7,2,"1982-1984",28.9
"4970","US",1983,222,28.8,26.1,32.2,2,"1982-1984",29.15
"4971","US",1983,223,29.3,26.1,32.2,2,"1982-1984",29.15
"4972","US",1983,224,28.5,25.6,31.7,2,"1982-1984",28.65
"4973","US",1983,225,28.3,24.4,33.3,2,"1982-1984",28.85
"4974","US",1983,226,28.1,25,32.8,2,"1982-1984",28.9
"4975","US",1983,227,28.2,25,32.8,2,"1982-1984",28.9
"4976","US",1983,228,27.6,25,31.1,2,"1982-1984",28.05
"4977","US",1983,229,28.5,26.1,32.8,2,"1982-1984",29.45
"4978","US",1983,230,29.6,25,32.8,2,"1982-1984",28.9
"4979","US",1983,231,28.4,23.9,32.2,2,"1982-1984",28.05
"4980","US",1983,232,29.8,26.7,32.8,2,"1982-1984",29.75
"4981","US",1983,233,30.1,27.2,34.4,2,"1982-1984",30.8
"4982","US",1983,234,28.9,26.1,32.8,2,"1982-1984",29.45
"4983","US",1983,235,29.2,25.6,32.2,2,"1982-1984",28.9
"4984","US",1983,236,28.2,25.6,34.4,2,"1982-1984",30
"4985","US",1983,237,27.1,23.9,31.7,2,"1982-1984",27.8
"4986","US",1983,238,29.9,27.8,32.2,2,"1982-1984",30
"4987","US",1983,239,30.4,28.3,32.2,2,"1982-1984",30.25
"4988","US",1983,240,29.1,24.4,33.3,2,"1982-1984",28.85
"4989","US",1983,241,27.5,25,32.2,2,"1982-1984",28.6
"4990","US",1983,242,27.6,25,32.8,2,"1982-1984",28.9
"4991","US",1983,243,27.4,25,31.1,2,"1982-1984",28.05
"4992","US",1983,244,26.8,23.3,31.1,2,"1982-1984",27.2
"4993","US",1983,245,26.6,22.8,32.2,2,"1982-1984",27.5
"4994","US",1983,246,28.6,24.4,32.8,2,"1982-1984",28.6
"4995","US",1983,247,30,26.1,33.3,2,"1982-1984",29.7
"4996","US",1983,248,29,24.4,32.2,2,"1982-1984",28.3
"4997","US",1983,249,29.3,26.7,32.2,2,"1982-1984",29.45
"4998","US",1983,250,29.1,26.1,32.2,2,"1982-1984",29.15
"4999","US",1983,251,30.1,27.8,32.8,2,"1982-1984",30.3
"5000","US",1983,252,30.7,28.9,32.8,2,"1982-1984",30.85
"5001","US",1983,253,30.5,28.9,32.2,2,"1982-1984",30.55
"5002","US",1983,254,29.8,27.2,32.2,2,"1982-1984",29.7
"5003","US",1983,255,28.9,25.6,32.2,2,"1982-1984",28.9
"5004","US",1983,256,28.9,25.6,32.8,2,"1982-1984",29.2
"5005","US",1983,257,28.9,26.1,32.8,2,"1982-1984",29.45
"5006","US",1983,258,28.2,23.3,32.2,2,"1982-1984",27.75
"5007","US",1983,259,28.3,24.4,32.2,2,"1982-1984",28.3
"5008","US",1983,260,29.1,25.6,32.2,2,"1982-1984",28.9
"5009","US",1983,261,29.2,24.4,31.1,2,"1982-1984",27.75
"5010","US",1983,262,29.3,26.1,31.1,2,"1982-1984",28.6
"5011","US",1983,263,29.2,25.6,31.7,2,"1982-1984",28.65
"5012","US",1983,264,29.3,27.2,32.2,2,"1982-1984",29.7
"5013","US",1983,265,28.3,26.1,31.1,2,"1982-1984",28.6
"5014","US",1983,266,28.6,25.6,31.7,2,"1982-1984",28.65
"5015","US",1983,267,27,23.9,28.9,2,"1982-1984",26.4
"5016","US",1983,268,27.4,23.9,30,2,"1982-1984",26.95
"5017","US",1983,269,27.2,22.8,30.6,2,"1982-1984",26.7
"5018","US",1983,270,26.5,23.3,29.4,2,"1982-1984",26.35
"5019","US",1983,271,26.3,23.3,29.4,2,"1982-1984",26.35
"5020","US",1983,272,25.6,22.2,29.4,2,"1982-1984",25.8
"5021","US",1983,273,25.4,23.3,29.4,2,"1982-1984",26.35
"5022","US",1983,274,27.3,24.4,30,2,"1982-1984",27.2
"5023","US",1983,275,27.9,25.6,30.6,2,"1982-1984",28.1
"5024","US",1983,276,27.9,25.6,29.4,2,"1982-1984",27.5
"5025","US",1983,277,26.8,24.4,30,2,"1982-1984",27.2
"5026","US",1983,278,27.3,24.4,31.1,2,"1982-1984",27.75
"5027","US",1983,279,27.9,23.9,31.7,2,"1982-1984",27.8
"5028","US",1983,280,27.4,23.9,30.6,2,"1982-1984",27.25
"5029","US",1983,281,27.9,25,30.6,2,"1982-1984",27.8
"5030","US",1983,282,27.1,23.9,29.4,2,"1982-1984",26.65
"5031","US",1983,283,25.9,23.3,29.4,2,"1982-1984",26.35
"5032","US",1983,284,25.7,22.8,28.9,2,"1982-1984",25.85
"5033","US",1983,285,28.2,25,32.2,2,"1982-1984",28.6
"5034","US",1983,286,28.8,26.7,31.1,2,"1982-1984",28.9
"5035","US",1983,287,28.5,25.6,31.7,2,"1982-1984",28.65
"5036","US",1983,288,29.3,26.7,31.7,2,"1982-1984",29.2
"5037","US",1983,289,29.1,26.7,31.7,2,"1982-1984",29.2
"5038","US",1983,290,27.1,24.4,31.1,2,"1982-1984",27.75
"5039","US",1983,291,27.1,25,28.9,2,"1982-1984",26.95
"5040","US",1983,292,27.5,25.6,30,2,"1982-1984",27.8
"5041","US",1983,293,28.3,26.7,30.6,2,"1982-1984",28.65
"5042","US",1983,294,28.6,26.7,31.1,2,"1982-1984",28.9
"5043","US",1983,295,28.5,26.1,30.6,2,"1982-1984",28.35
"5044","US",1983,296,28.7,26.1,31.1,2,"1982-1984",28.6
"5045","US",1983,297,27.9,24.4,31.7,2,"1982-1984",28.05
"5046","US",1983,298,27.1,25,28.9,2,"1982-1984",26.95
"5047","US",1983,299,24.1,22.8,25.6,2,"1982-1984",24.2
"5048","US",1983,300,25,22.2,28.9,2,"1982-1984",25.55
"5049","US",1983,301,24.7,21.1,27.8,2,"1982-1984",24.45
"5050","US",1983,302,26.4,24.4,28.9,2,"1982-1984",26.65
"5051","US",1983,303,26.6,24.4,28.9,2,"1982-1984",26.65
"5052","US",1983,304,26.9,25.6,29.4,2,"1982-1984",27.5
"5053","US",1983,305,25.4,22.8,28.3,2,"1982-1984",25.55
"5054","US",1983,306,24.2,20.6,27.2,2,"1982-1984",23.9
"5055","US",1983,307,23.7,21.1,26.7,2,"1982-1984",23.9
"5056","US",1983,308,23.1,19.4,26.7,2,"1982-1984",23.05
"5057","US",1983,309,22.8,19.4,28.3,2,"1982-1984",23.85
"5058","US",1983,310,22.3,17.2,26.1,2,"1982-1984",21.65
"5059","US",1983,311,22.3,19.4,27.2,2,"1982-1984",23.3
"5060","US",1983,312,22.3,20.6,23.9,2,"1982-1984",22.25
"5061","US",1983,313,24.2,20.6,29.4,2,"1982-1984",25
"5062","US",1983,314,23.3,19.4,27.8,2,"1982-1984",23.6
"5063","US",1983,315,24.2,22.8,27.2,2,"1982-1984",25
"5064","US",1983,316,20.9,17.2,23.9,2,"1982-1984",20.55
"5065","US",1983,317,20.9,16.7,25,2,"1982-1984",20.85
"5066","US",1983,318,21.6,17.8,25.6,2,"1982-1984",21.7
"5067","US",1983,319,23.1,18.9,27.8,2,"1982-1984",23.35
"5068","US",1983,320,23.1,21.7,24.4,2,"1982-1984",23.05
"5069","US",1983,321,16.8,10.6,21.1,2,"1982-1984",15.85
"5070","US",1983,322,17.6,13.3,23.9,2,"1982-1984",18.6
"5071","US",1983,323,22.8,20,26.1,2,"1982-1984",23.05
"5072","US",1983,324,24.9,22.2,27.8,2,"1982-1984",25
"5073","US",1983,325,23.2,20,27.8,2,"1982-1984",23.9
"5074","US",1983,326,23.7,20,27.2,2,"1982-1984",23.6
"5075","US",1983,327,24.4,21.7,27.8,2,"1982-1984",24.75
"5076","US",1983,328,25.9,23.9,28.9,2,"1982-1984",26.4
"5077","US",1983,329,23.5,19.4,25.6,2,"1982-1984",22.5
"5078","US",1983,330,22,17.8,26.7,2,"1982-1984",22.25
"5079","US",1983,331,25.4,23.3,27.8,2,"1982-1984",25.55
"5080","US",1983,332,25.8,22.8,29.4,2,"1982-1984",26.1
"5081","US",1983,333,22.9,20,26.1,2,"1982-1984",23.05
"5082","US",1983,334,23.9,21.1,28.9,2,"1982-1984",25
"5083","US",1983,335,24.1,21.7,27.2,2,"1982-1984",24.45
"5084","US",1983,336,25.2,22.8,27.8,2,"1982-1984",25.3
"5085","US",1983,337,26.1,24.4,28.9,2,"1982-1984",26.65
"5086","US",1983,338,26,22.2,30,2,"1982-1984",26.1
"5087","US",1983,339,24.4,21.7,28.3,2,"1982-1984",25
"5088","US",1983,340,25.6,23.9,28.9,2,"1982-1984",26.4
"5089","US",1983,341,22.2,20,25,2,"1982-1984",22.5
"5090","US",1983,342,20.6,17.2,25.6,2,"1982-1984",21.4
"5091","US",1983,343,23.6,22.2,26.1,2,"1982-1984",24.15
"5092","US",1983,344,23.4,21.7,26.7,2,"1982-1984",24.2
"5093","US",1983,345,24.9,23.9,26.7,2,"1982-1984",25.3
"5094","US",1983,346,23.2,18.3,25.6,2,"1982-1984",21.95
"5095","US",1983,347,19.1,13.3,24.4,2,"1982-1984",18.85
"5096","US",1983,348,21,16.1,26.7,2,"1982-1984",21.4
"5097","US",1983,349,23.8,20.6,27.2,2,"1982-1984",23.9
"5098","US",1983,350,22.6,18.9,26.7,2,"1982-1984",22.8
"5099","US",1983,351,25.3,23.3,27.8,2,"1982-1984",25.55
"5100","US",1983,352,24.4,22.2,27.2,2,"1982-1984",24.7
"5101","US",1983,353,23.3,20.6,26.7,2,"1982-1984",23.65
"5102","US",1983,354,23.5,20.6,26.7,2,"1982-1984",23.65
"5103","US",1983,355,24.1,21.1,27.2,2,"1982-1984",24.15
"5104","US",1983,356,24.7,22.8,28.3,2,"1982-1984",25.55
"5105","US",1983,357,23.4,20,27.2,2,"1982-1984",23.6
"5106","US",1983,358,22.5,21.1,23.9,2,"1982-1984",22.5
"5107","US",1983,359,10.8,6.7,21.1,2,"1982-1984",13.9
"5108","US",1983,360,6.3,1.7,11.7,2,"1982-1984",6.7
"5109","US",1983,361,12.1,7.2,22.2,2,"1982-1984",14.7
"5110","US",1983,362,22.5,18.3,26.1,2,"1982-1984",22.2
"5111","US",1983,363,23.6,21.1,27.8,2,"1982-1984",24.45
"5112","US",1983,364,16.8,10,23.3,2,"1982-1984",16.65
"5113","US",1983,365,10.6,9.4,12.8,2,"1982-1984",11.1
"5114","US",1984,1,13.1,8.3,18.9,2,"1982-1984",13.6
"5115","US",1984,2,15.7,11.1,22.2,2,"1982-1984",16.65
"5116","US",1984,3,17.4,12.2,21.7,2,"1982-1984",16.95
"5117","US",1984,4,14.8,10,18.9,2,"1982-1984",14.45
"5118","US",1984,5,13.7,7.8,18.9,2,"1982-1984",13.35
"5119","US",1984,6,13.9,10,20,2,"1982-1984",15
"5120","US",1984,7,14.8,8.9,23.3,2,"1982-1984",16.1
"5121","US",1984,8,16,10,22.8,2,"1982-1984",16.4
"5122","US",1984,9,19.3,15.6,22.8,2,"1982-1984",19.2
"5123","US",1984,10,21.8,20.6,23.9,2,"1982-1984",22.25
"5124","US",1984,11,19.6,16.7,21.7,2,"1982-1984",19.2
"5125","US",1984,12,13.4,8.3,18.3,2,"1982-1984",13.3
"5126","US",1984,13,17.2,13.3,23.3,2,"1982-1984",18.3
"5127","US",1984,14,18.2,13.9,23.9,2,"1982-1984",18.9
"5128","US",1984,15,18.1,14.4,21.7,2,"1982-1984",18.05
"5129","US",1984,16,19.4,16.1,23.9,2,"1982-1984",20
"5130","US",1984,17,21.9,19.4,25.6,2,"1982-1984",22.5
"5131","US",1984,18,23,20,26.7,2,"1982-1984",23.35
"5132","US",1984,19,23.5,20,27.8,2,"1982-1984",23.9
"5133","US",1984,20,21.7,16.7,26.1,2,"1982-1984",21.4
"5134","US",1984,21,15.1,11.7,21.7,2,"1982-1984",16.7
"5135","US",1984,22,16.4,12.8,23.3,2,"1982-1984",18.05
"5136","US",1984,23,22.4,21.1,24.4,2,"1982-1984",22.75
"5137","US",1984,24,23.4,21.7,25.6,2,"1982-1984",23.65
"5138","US",1984,25,22.7,19.4,26.7,2,"1982-1984",23.05
"5139","US",1984,26,22.4,18.9,26.7,2,"1982-1984",22.8
"5140","US",1984,27,23.9,20.6,27.8,2,"1982-1984",24.2
"5141","US",1984,28,21.3,18.3,24.4,2,"1982-1984",21.35
"5142","US",1984,29,17.8,11.7,22.2,2,"1982-1984",16.95
"5143","US",1984,30,17.6,11.7,23.9,2,"1982-1984",17.8
"5144","US",1984,31,17.6,12.8,22.8,2,"1982-1984",17.8
"5145","US",1984,32,15.6,8.9,20.6,2,"1982-1984",14.75
"5146","US",1984,33,17.3,12.2,22.8,2,"1982-1984",17.5
"5147","US",1984,34,21.1,16.7,25.6,2,"1982-1984",21.15
"5148","US",1984,35,22.2,18.9,26.7,2,"1982-1984",22.8
"5149","US",1984,36,19.2,15.6,23.3,2,"1982-1984",19.45
"5150","US",1984,37,15.6,10.6,20.6,2,"1982-1984",15.6
"5151","US",1984,38,13.1,7.8,18.9,2,"1982-1984",13.35
"5152","US",1984,39,14.9,10,20.6,2,"1982-1984",15.3
"5153","US",1984,40,19.4,16.7,22.8,2,"1982-1984",19.75
"5154","US",1984,41,20.6,18.9,22.8,2,"1982-1984",20.85
"5155","US",1984,42,21,20,22.8,2,"1982-1984",21.4
"5156","US",1984,43,22.4,21.1,24.4,2,"1982-1984",22.75
"5157","US",1984,44,22.2,21.1,23.9,2,"1982-1984",22.5
"5158","US",1984,45,22.3,19.4,27.2,2,"1982-1984",23.3
"5159","US",1984,46,21.2,16.7,26.7,2,"1982-1984",21.7
"5160","US",1984,47,22.4,19.4,25,2,"1982-1984",22.2
"5161","US",1984,48,21.9,17.8,26.7,2,"1982-1984",22.25
"5162","US",1984,49,21.6,17.2,26.1,2,"1982-1984",21.65
"5163","US",1984,50,24,21.7,27.8,2,"1982-1984",24.75
"5164","US",1984,51,24.5,20,28.3,2,"1982-1984",24.15
"5165","US",1984,52,22.8,20,25,2,"1982-1984",22.5
"5166","US",1984,53,23.9,20,28.9,2,"1982-1984",24.45
"5167","US",1984,54,23.1,20.6,25,2,"1982-1984",22.8
"5168","US",1984,55,19.3,13.9,25,2,"1982-1984",19.45
"5169","US",1984,56,19.4,16.7,22.8,2,"1982-1984",19.75
"5170","US",1984,57,18.6,13.3,24.4,2,"1982-1984",18.85
"5171","US",1984,58,25.2,23.3,28.3,2,"1982-1984",25.8
"5172","US",1984,59,20.8,18.3,25.6,2,"1982-1984",21.95
"5173","US",1984,60,15.3,12.8,17.8,2,"1982-1984",15.3
"5174","US",1984,61,12.1,7.2,16.7,2,"1982-1984",11.95
"5175","US",1984,62,14.6,10,21.1,2,"1982-1984",15.55
"5176","US",1984,63,18.2,13.3,23.9,2,"1982-1984",18.6
"5177","US",1984,64,20.8,17.2,25,2,"1982-1984",21.1
"5178","US",1984,65,23.3,21.7,26.1,2,"1982-1984",23.9
"5179","US",1984,66,24.9,22.2,28.9,2,"1982-1984",25.55
"5180","US",1984,67,25.2,22.8,28.9,2,"1982-1984",25.85
"5181","US",1984,68,19,13.9,23.3,2,"1982-1984",18.6
"5182","US",1984,69,18.7,14.4,23.3,2,"1982-1984",18.85
"5183","US",1984,70,19.6,15,23.9,2,"1982-1984",19.45
"5184","US",1984,71,21.3,17.2,25,2,"1982-1984",21.1
"5185","US",1984,72,23.7,22.2,26.1,2,"1982-1984",24.15
"5186","US",1984,73,24.4,22.2,26.7,2,"1982-1984",24.45
"5187","US",1984,74,23.7,20.6,26.7,2,"1982-1984",23.65
"5188","US",1984,75,23.1,21.1,25.6,2,"1982-1984",23.35
"5189","US",1984,76,21.8,20.6,23.9,2,"1982-1984",22.25
"5190","US",1984,77,21.6,17.8,24.4,2,"1982-1984",21.1
"5191","US",1984,78,20.7,15,26.7,2,"1982-1984",20.85
"5192","US",1984,79,23.3,20.6,26.1,2,"1982-1984",23.35
"5193","US",1984,80,23.6,21.1,26.7,2,"1982-1984",23.9
"5194","US",1984,81,21.9,18.3,24.4,2,"1982-1984",21.35
"5195","US",1984,82,18.6,12.8,23.9,2,"1982-1984",18.35
"5196","US",1984,83,22.1,18.3,25.6,2,"1982-1984",21.95
"5197","US",1984,84,22.7,18.9,26.1,2,"1982-1984",22.5
"5198","US",1984,85,24.2,19.4,28.9,2,"1982-1984",24.15
"5199","US",1984,86,23.7,19.4,30.6,2,"1982-1984",25
"5200","US",1984,87,24.9,20.6,28.9,2,"1982-1984",24.75
"5201","US",1984,88,25.7,23.9,29.4,2,"1982-1984",26.65
"5202","US",1984,89,24.2,21.7,27.2,2,"1982-1984",24.45
"5203","US",1984,90,18.4,14.4,22.8,2,"1982-1984",18.6
"5204","US",1984,91,18,12.8,22.2,2,"1982-1984",17.5
"5205","US",1984,92,19.8,15.6,24.4,2,"1982-1984",20
"5206","US",1984,93,22.3,18.9,25,2,"1982-1984",21.95
"5207","US",1984,94,23.8,21.7,26.7,2,"1982-1984",24.2
"5208","US",1984,95,24.2,22.8,25.6,2,"1982-1984",24.2
"5209","US",1984,96,22.2,20,25,2,"1982-1984",22.5
"5210","US",1984,97,18.2,14.4,21.7,2,"1982-1984",18.05
"5211","US",1984,98,18.7,14.4,22.8,2,"1982-1984",18.6
"5212","US",1984,99,20.4,15,25,2,"1982-1984",20
"5213","US",1984,100,23.7,21.7,27.2,2,"1982-1984",24.45
"5214","US",1984,101,26.1,22.8,30.6,2,"1982-1984",26.7
"5215","US",1984,102,21.5,15.6,26.7,2,"1982-1984",21.15
"5216","US",1984,103,23.4,21.7,25.6,2,"1982-1984",23.65
"5217","US",1984,104,24.8,21.1,30,2,"1982-1984",25.55
"5218","US",1984,105,24.5,20,30,2,"1982-1984",25
"5219","US",1984,106,24.3,20,28.3,2,"1982-1984",24.15
"5220","US",1984,107,22.4,20,25.6,2,"1982-1984",22.8
"5221","US",1984,108,19.7,13.9,25,2,"1982-1984",19.45
"5222","US",1984,109,18.4,12.8,22.8,2,"1982-1984",17.8
"5223","US",1984,110,19.5,13.3,23.9,2,"1982-1984",18.6
"5224","US",1984,111,21.7,18.9,24.4,2,"1982-1984",21.65
"5225","US",1984,112,23.9,20.6,27.2,2,"1982-1984",23.9
"5226","US",1984,113,25.4,22.8,28.3,2,"1982-1984",25.55
"5227","US",1984,114,26.3,23.9,30.6,2,"1982-1984",27.25
"5228","US",1984,115,24.8,22.8,27.8,2,"1982-1984",25.3
"5229","US",1984,116,23.2,20,26.7,2,"1982-1984",23.35
"5230","US",1984,117,24.8,22.8,27.2,2,"1982-1984",25
"5231","US",1984,118,24.2,22.2,26.1,2,"1982-1984",24.15
"5232","US",1984,119,24.3,21.7,26.7,2,"1982-1984",24.2
"5233","US",1984,120,24.2,21.1,27.8,2,"1982-1984",24.45
"5234","US",1984,121,24,20,27.8,2,"1982-1984",23.9
"5235","US",1984,122,24.5,20.6,29.4,2,"1982-1984",25
"5236","US",1984,123,24.3,21.1,27.8,2,"1982-1984",24.45
"5237","US",1984,124,26.2,21.7,30,2,"1982-1984",25.85
"5238","US",1984,125,27.6,25,31.7,2,"1982-1984",28.35
"5239","US",1984,126,28.1,23.9,31.1,2,"1982-1984",27.5
"5240","US",1984,127,27.7,25.6,30,2,"1982-1984",27.8
"5241","US",1984,128,27.2,25.6,29.4,2,"1982-1984",27.5
"5242","US",1984,129,27.2,24.4,29.4,2,"1982-1984",26.9
"5243","US",1984,130,24.8,21.7,27.8,2,"1982-1984",24.75
"5244","US",1984,131,23.1,20.6,26.7,2,"1982-1984",23.65
"5245","US",1984,132,24.7,22.2,26.7,2,"1982-1984",24.45
"5246","US",1984,133,24.3,19.4,27.8,2,"1982-1984",23.6
"5247","US",1984,134,24.7,20,27.8,2,"1982-1984",23.9
"5248","US",1984,135,26.1,23.3,29.4,2,"1982-1984",26.35
"5249","US",1984,136,25.8,22.2,28.9,2,"1982-1984",25.55
"5250","US",1984,137,24.9,20,30.6,2,"1982-1984",25.3
"5251","US",1984,138,24.5,21.1,27.2,2,"1982-1984",24.15
"5252","US",1984,139,24.5,22.8,26.7,2,"1982-1984",24.75
"5253","US",1984,140,24.4,22.2,26.7,2,"1982-1984",24.45
"5254","US",1984,141,25.9,24.4,28.3,2,"1982-1984",26.35
"5255","US",1984,142,26.6,24.4,30,2,"1982-1984",27.2
"5256","US",1984,143,27.4,25.6,30.6,2,"1982-1984",28.1
"5257","US",1984,144,26.6,23.9,29.4,2,"1982-1984",26.65
"5258","US",1984,145,26.9,24.4,30,2,"1982-1984",27.2
"5259","US",1984,146,25.3,21.1,30,2,"1982-1984",25.55
"5260","US",1984,147,24.6,21.1,28.3,2,"1982-1984",24.7
"5261","US",1984,148,24.2,21.1,26.1,2,"1982-1984",23.6
"5262","US",1984,149,25.3,23.9,26.1,2,"1982-1984",25
"5263","US",1984,150,24.8,23.3,27.2,2,"1982-1984",25.25
"5264","US",1984,151,25.1,22.8,28.9,2,"1982-1984",25.85
"5265","US",1984,152,24.1,21.7,27.8,2,"1982-1984",24.75
"5266","US",1984,153,22.8,18.3,26.1,2,"1982-1984",22.2
"5267","US",1984,154,24.3,20.6,27.2,2,"1982-1984",23.9
"5268","US",1984,155,23.5,18.9,28.3,2,"1982-1984",23.6
"5269","US",1984,156,25,22.2,27.8,2,"1982-1984",25
"5270","US",1984,157,26.1,24.4,28.3,2,"1982-1984",26.35
"5271","US",1984,158,26.3,24.4,28.3,2,"1982-1984",26.35
"5272","US",1984,159,25.9,23.9,27.8,2,"1982-1984",25.85
"5273","US",1984,160,26.2,24.4,28.3,2,"1982-1984",26.35
"5274","US",1984,161,26.4,25,28.3,2,"1982-1984",26.65
"5275","US",1984,162,26.9,25.6,28.9,2,"1982-1984",27.25
"5276","US",1984,163,26.8,25,28.3,2,"1982-1984",26.65
"5277","US",1984,164,26.3,23.9,27.8,2,"1982-1984",25.85
"5278","US",1984,165,26.4,23.9,28.9,2,"1982-1984",26.4
"5279","US",1984,166,26.1,22.8,29.4,2,"1982-1984",26.1
"5280","US",1984,167,25.5,23.3,27.2,2,"1982-1984",25.25
"5281","US",1984,168,24.1,22.8,26.1,2,"1982-1984",24.45
"5282","US",1984,169,26.9,24.4,29.4,2,"1982-1984",26.9
"5283","US",1984,170,27.2,24.4,29.4,2,"1982-1984",26.9
"5284","US",1984,171,27.4,25,29.4,2,"1982-1984",27.2
"5285","US",1984,172,27.6,25.6,30,2,"1982-1984",27.8
"5286","US",1984,173,27.3,23.9,30.6,2,"1982-1984",27.25
"5287","US",1984,174,27.5,24.4,31.7,2,"1982-1984",28.05
"5288","US",1984,175,27.2,22.8,32.8,2,"1982-1984",27.8
"5289","US",1984,176,28.2,23.9,32.8,2,"1982-1984",28.35
"5290","US",1984,177,27.3,23.3,33.9,2,"1982-1984",28.6
"5291","US",1984,178,27.3,23.3,32.2,2,"1982-1984",27.75
"5292","US",1984,179,26.3,22.2,31.7,2,"1982-1984",26.95
"5293","US",1984,180,27.3,24.4,30,2,"1982-1984",27.2
"5294","US",1984,181,27.6,25,31.7,2,"1982-1984",28.35
"5295","US",1984,182,27.2,23.3,31.7,2,"1982-1984",27.5
"5296","US",1984,183,27.2,23.3,30,2,"1982-1984",26.65
"5297","US",1984,184,28.2,24.4,31.1,2,"1982-1984",27.75
"5298","US",1984,185,27.6,21.7,30.6,2,"1982-1984",26.15
"5299","US",1984,186,27.4,24.4,30.6,2,"1982-1984",27.5
"5300","US",1984,187,27.2,23.9,30.6,2,"1982-1984",27.25
"5301","US",1984,188,27.8,24.4,31.1,2,"1982-1984",27.75
"5302","US",1984,189,27.7,24.4,31.1,2,"1982-1984",27.75
"5303","US",1984,190,28.4,23.9,31.7,2,"1982-1984",27.8
"5304","US",1984,191,28.1,25.6,31.1,2,"1982-1984",28.35
"5305","US",1984,192,27.1,24.4,30,2,"1982-1984",27.2
"5306","US",1984,193,27.3,24.4,30.6,2,"1982-1984",27.5
"5307","US",1984,194,27.6,25.6,29.4,2,"1982-1984",27.5
"5308","US",1984,195,26.8,23.3,30,2,"1982-1984",26.65
"5309","US",1984,196,27.6,23.9,31.1,2,"1982-1984",27.5
"5310","US",1984,197,26.7,23.9,30,2,"1982-1984",26.95
"5311","US",1984,198,27.9,24.4,30.6,2,"1982-1984",27.5
"5312","US",1984,199,27.9,23.9,31.1,2,"1982-1984",27.5
"5313","US",1984,200,28.4,25,31.1,2,"1982-1984",28.05
"5314","US",1984,201,28.2,25,30.6,2,"1982-1984",27.8
"5315","US",1984,202,28.1,26.1,30,2,"1982-1984",28.05
"5316","US",1984,203,26.6,22.2,30.6,2,"1982-1984",26.4
"5317","US",1984,204,24.8,21.7,26.1,2,"1982-1984",23.9
"5318","US",1984,205,26.3,22.2,30.6,2,"1982-1984",26.4
"5319","US",1984,206,27.3,21.7,30.6,2,"1982-1984",26.15
"5320","US",1984,207,27.4,23.9,30.6,2,"1982-1984",27.25
"5321","US",1984,208,26.8,23.9,30,2,"1982-1984",26.95
"5322","US",1984,209,28.7,27.2,30.6,2,"1982-1984",28.9
"5323","US",1984,210,28.9,26.7,30.6,2,"1982-1984",28.65
"5324","US",1984,211,28.4,27.2,30.6,2,"1982-1984",28.9
"5325","US",1984,212,27.7,25.6,30,2,"1982-1984",27.8
"5326","US",1984,213,28.2,26.1,31.1,2,"1982-1984",28.6
"5327","US",1984,214,28.3,23.9,30.6,2,"1982-1984",27.25
"5328","US",1984,215,28.2,25.6,30.6,2,"1982-1984",28.1
"5329","US",1984,216,27.6,25,29.4,2,"1982-1984",27.2
"5330","US",1984,217,27,22.2,30.6,2,"1982-1984",26.4
"5331","US",1984,218,27.9,25.6,30,2,"1982-1984",27.8
"5332","US",1984,219,28.2,26.1,30.6,2,"1982-1984",28.35
"5333","US",1984,220,27.8,25,31.1,2,"1982-1984",28.05
"5334","US",1984,221,28.1,23.9,31.7,2,"1982-1984",27.8
"5335","US",1984,222,27.9,25,31.1,2,"1982-1984",28.05
"5336","US",1984,223,28.1,24.4,32.2,2,"1982-1984",28.3
"5337","US",1984,224,28,23.9,32.2,2,"1982-1984",28.05
"5338","US",1984,225,26.3,22.2,31.7,2,"1982-1984",26.95
"5339","US",1984,226,28.3,25,31.1,2,"1982-1984",28.05
"5340","US",1984,227,28.3,25.6,30.6,2,"1982-1984",28.1
"5341","US",1984,228,28.8,26.1,31.1,2,"1982-1984",28.6
"5342","US",1984,229,28.7,26.1,31.7,2,"1982-1984",28.9
"5343","US",1984,230,28.3,25,31.1,2,"1982-1984",28.05
"5344","US",1984,231,27,23.3,31.7,2,"1982-1984",27.5
"5345","US",1984,232,26.2,22.8,30.6,2,"1982-1984",26.7
"5346","US",1984,233,28.5,25,33.9,2,"1982-1984",29.45
"5347","US",1984,234,27.8,22.8,32.8,2,"1982-1984",27.8
"5348","US",1984,235,25.3,22.2,31.1,2,"1982-1984",26.65
"5349","US",1984,236,26.4,23.9,28.9,2,"1982-1984",26.4
"5350","US",1984,237,27.3,23.9,31.1,2,"1982-1984",27.5
"5351","US",1984,238,28.8,25,32.8,2,"1982-1984",28.9
"5352","US",1984,239,28.6,26.7,31.1,2,"1982-1984",28.9
"5353","US",1984,240,27.3,23.3,30.6,2,"1982-1984",26.95
"5354","US",1984,241,27.7,25,30.6,2,"1982-1984",27.8
"5355","US",1984,242,27.6,23.9,30.6,2,"1982-1984",27.25
"5356","US",1984,243,27.2,23.9,30.6,2,"1982-1984",27.25
"5357","US",1984,244,27.5,23.9,31.1,2,"1982-1984",27.5
"5358","US",1984,245,27.3,23.9,31.1,2,"1982-1984",27.5
"5359","US",1984,246,27.9,25.6,30.6,2,"1982-1984",28.1
"5360","US",1984,247,26.8,25,28.9,2,"1982-1984",26.95
"5361","US",1984,248,26.5,23.3,30.6,2,"1982-1984",26.95
"5362","US",1984,249,27.5,23.3,31.7,2,"1982-1984",27.5
"5363","US",1984,250,26.3,23.3,30,2,"1982-1984",26.65
"5364","US",1984,251,26.1,23.3,30.6,2,"1982-1984",26.95
"5365","US",1984,252,26.3,22.8,31.1,2,"1982-1984",26.95
"5366","US",1984,253,26.4,20.6,31.7,2,"1982-1984",26.15
"5367","US",1984,254,27.1,22.2,32.2,2,"1982-1984",27.2
"5368","US",1984,255,26.3,21.1,30,2,"1982-1984",25.55
"5369","US",1984,256,26.7,24.4,29.4,2,"1982-1984",26.9
"5370","US",1984,257,27.3,24.4,30.6,2,"1982-1984",27.5
"5371","US",1984,258,28.2,26.1,30.6,2,"1982-1984",28.35
"5372","US",1984,259,27.5,25,30,2,"1982-1984",27.5
"5373","US",1984,260,26.9,23.9,30.6,2,"1982-1984",27.25
"5374","US",1984,261,27.1,24.4,28.9,2,"1982-1984",26.65
"5375","US",1984,262,26.9,25,29.4,2,"1982-1984",27.2
"5376","US",1984,263,25.7,23.3,27.2,2,"1982-1984",25.25
"5377","US",1984,264,24.3,22.8,26.1,2,"1982-1984",24.45
"5378","US",1984,265,25.7,23.9,28.3,2,"1982-1984",26.1
"5379","US",1984,266,27.2,25,29.4,2,"1982-1984",27.2
"5380","US",1984,267,27.5,25.6,30.6,2,"1982-1984",28.1
"5381","US",1984,268,27.2,25,29.4,2,"1982-1984",27.2
"5382","US",1984,269,26.2,23.9,28.3,2,"1982-1984",26.1
"5383","US",1984,270,25.4,22.2,29.4,2,"1982-1984",25.8
"5384","US",1984,271,24.3,22.8,27.2,2,"1982-1984",25
"5385","US",1984,272,25.9,22.8,29.4,2,"1982-1984",26.1
"5386","US",1984,273,25.9,23.3,28.9,2,"1982-1984",26.1
"5387","US",1984,274,23.4,21.1,24.4,2,"1982-1984",22.75
"5388","US",1984,275,24.1,22.2,26.7,2,"1982-1984",24.45
"5389","US",1984,276,24.9,22.2,27.2,2,"1982-1984",24.7
"5390","US",1984,277,24.1,20,26.7,2,"1982-1984",23.35
"5391","US",1984,278,23.9,20,27.8,2,"1982-1984",23.9
"5392","US",1984,279,25.7,22.8,28.3,2,"1982-1984",25.55
"5393","US",1984,280,25.5,22.8,27.8,2,"1982-1984",25.3
"5394","US",1984,281,25.9,23.9,28.3,2,"1982-1984",26.1
"5395","US",1984,282,25.1,21.7,28.3,2,"1982-1984",25
"5396","US",1984,283,24.4,20.6,29.4,2,"1982-1984",25
"5397","US",1984,284,25.9,21.7,29.4,2,"1982-1984",25.55
"5398","US",1984,285,25.2,21.7,29.4,2,"1982-1984",25.55
"5399","US",1984,286,24.8,21.1,28.3,2,"1982-1984",24.7
"5400","US",1984,287,25.1,21.7,28.3,2,"1982-1984",25
"5401","US",1984,288,24.5,21.1,28.9,2,"1982-1984",25
"5402","US",1984,289,24.4,21.1,28.3,2,"1982-1984",24.7
"5403","US",1984,290,23.4,19.4,27.8,2,"1982-1984",23.6
"5404","US",1984,291,24.9,22.8,27.8,2,"1982-1984",25.3
"5405","US",1984,292,25.1,23.3,27.8,2,"1982-1984",25.55
"5406","US",1984,293,25.9,23.9,28.3,2,"1982-1984",26.1
"5407","US",1984,294,26.2,24.4,28.3,2,"1982-1984",26.35
"5408","US",1984,295,26.7,24.4,29.4,2,"1982-1984",26.9
"5409","US",1984,296,27.1,25.6,28.9,2,"1982-1984",27.25
"5410","US",1984,297,26.4,25.6,27.8,2,"1982-1984",26.7
"5411","US",1984,298,25.9,24.4,28.9,2,"1982-1984",26.65
"5412","US",1984,299,25.8,23.9,28.3,2,"1982-1984",26.1
"5413","US",1984,300,24.8,22.2,27.8,2,"1982-1984",25
"5414","US",1984,301,26.4,23.9,29.4,2,"1982-1984",26.65
"5415","US",1984,302,26.6,23.3,28.9,2,"1982-1984",26.1
"5416","US",1984,303,26.5,25,28.9,2,"1982-1984",26.95
"5417","US",1984,304,26.1,23.9,28.3,2,"1982-1984",26.1
"5418","US",1984,305,25.2,22.8,27.8,2,"1982-1984",25.3
"5419","US",1984,306,24.6,22.8,27.8,2,"1982-1984",25.3
"5420","US",1984,307,24.8,22.2,27.8,2,"1982-1984",25
"5421","US",1984,308,25.4,22.2,28.9,2,"1982-1984",25.55
"5422","US",1984,309,24.1,21.1,27.2,2,"1982-1984",24.15
"5423","US",1984,310,24.8,20.6,29.4,2,"1982-1984",25
"5424","US",1984,311,21.9,17.8,25.6,2,"1982-1984",21.7
"5425","US",1984,312,19.4,14.4,25,2,"1982-1984",19.7
"5426","US",1984,313,19.4,14.4,24.4,2,"1982-1984",19.4
"5427","US",1984,314,20.3,15.6,26.1,2,"1982-1984",20.85
"5428","US",1984,315,20.8,16.7,25.6,2,"1982-1984",21.15
"5429","US",1984,316,21.2,18.3,25.6,2,"1982-1984",21.95
"5430","US",1984,317,17.6,12.2,22.8,2,"1982-1984",17.5
"5431","US",1984,318,15.2,9.4,21.7,2,"1982-1984",15.55
"5432","US",1984,319,17.3,11.7,22.8,2,"1982-1984",17.25
"5433","US",1984,320,20.6,18.3,23.3,2,"1982-1984",20.8
"5434","US",1984,321,22.2,19.4,25.6,2,"1982-1984",22.5
"5435","US",1984,322,21,17.2,25,2,"1982-1984",21.1
"5436","US",1984,323,22.6,21.1,25.6,2,"1982-1984",23.35
"5437","US",1984,324,23.8,20.6,26.7,2,"1982-1984",23.65
"5438","US",1984,325,22.9,20.6,26.1,2,"1982-1984",23.35
"5439","US",1984,326,23.6,21.7,27.2,2,"1982-1984",24.45
"5440","US",1984,327,21.1,18.3,23.3,2,"1982-1984",20.8
"5441","US",1984,328,17.7,15.6,20,2,"1982-1984",17.8
"5442","US",1984,329,20.3,17.8,25.6,2,"1982-1984",21.7
"5443","US",1984,330,21.1,16.7,25.6,2,"1982-1984",21.15
"5444","US",1984,331,22.6,20.6,25.6,2,"1982-1984",23.1
"5445","US",1984,332,23.6,21.1,25.6,2,"1982-1984",23.35
"5446","US",1984,333,22.7,18.9,26.1,2,"1982-1984",22.5
"5447","US",1984,334,23,20,26.7,2,"1982-1984",23.35
"5448","US",1984,335,23.8,18.9,28.9,2,"1982-1984",23.9
"5449","US",1984,336,23.9,20,27.8,2,"1982-1984",23.9
"5450","US",1984,337,23.9,19.4,26.7,2,"1982-1984",23.05
"5451","US",1984,338,23.7,20,26.7,2,"1982-1984",23.35
"5452","US",1984,339,24.6,22.2,27.2,2,"1982-1984",24.7
"5453","US",1984,340,25.5,23.9,27.8,2,"1982-1984",25.85
"5454","US",1984,341,23.5,18.9,29.4,2,"1982-1984",24.15
"5455","US",1984,342,15.4,8.3,22.8,2,"1982-1984",15.55
"5456","US",1984,343,15.8,11.1,22.8,2,"1982-1984",16.95
"5457","US",1984,344,17.8,13.3,22.8,2,"1982-1984",18.05
"5458","US",1984,345,17.3,12.2,23.3,2,"1982-1984",17.75
"5459","US",1984,346,17.9,11.1,24.4,2,"1982-1984",17.75
"5460","US",1984,347,18.9,13.9,25.6,2,"1982-1984",19.75
"5461","US",1984,348,20.5,16.1,26.1,2,"1982-1984",21.1
"5462","US",1984,349,23.1,20.6,26.7,2,"1982-1984",23.65
"5463","US",1984,350,23.3,22.2,25.6,2,"1982-1984",23.9
"5464","US",1984,351,23.3,21.1,25.6,2,"1982-1984",23.35
"5465","US",1984,352,22.8,20.6,26.1,2,"1982-1984",23.35
"5466","US",1984,353,22.2,17.8,25.6,2,"1982-1984",21.7
"5467","US",1984,354,21.7,17.2,25.6,2,"1982-1984",21.4
"5468","US",1984,355,20.4,16.1,25,2,"1982-1984",20.55
"5469","US",1984,356,21.8,17.8,25.6,2,"1982-1984",21.7
"5470","US",1984,357,20.8,16.7,25,2,"1982-1984",20.85
"5471","US",1984,358,21.9,18.9,26.7,2,"1982-1984",22.8
"5472","US",1984,359,23.2,20.6,26.1,2,"1982-1984",23.35
"5473","US",1984,360,24.4,22.2,27.2,2,"1982-1984",24.7
"5474","US",1984,361,24.7,23.3,27.2,2,"1982-1984",25.25
"5475","US",1984,362,24.5,22.8,26.7,2,"1982-1984",24.75
"5476","US",1984,363,24.3,22.8,26.1,2,"1982-1984",24.45
"5477","US",1984,364,24.1,22.2,26.7,2,"1982-1984",24.45
"5478","US",1984,365,23.6,21.1,26.7,2,"1982-1984",23.9
"5479","US",1984,366,24,22.2,26.7,2,"1982-1984",24.45
"5480","US",2022,1,23.7,17.8,28,2,"2022-2024",22.9
"5481","US",2022,2,24.1,19.6,28.2,2,"2022-2024",23.9
"5482","US",2022,3,22.1,18.8,29,2,"2022-2024",23.9
"5483","US",2022,4,19.9,15.4,28.7,2,"2022-2024",22.05
"5484","US",2022,5,22.9,15.4,27.5,2,"2022-2024",21.45
"5485","US",2022,6,20.4,16.2,27.5,2,"2022-2024",21.85
"5486","US",2022,7,22.2,16.2,28.9,2,"2022-2024",22.55
"5487","US",2022,8,23.4,18.7,28.9,2,"2022-2024",23.8
"5488","US",2022,9,23.8,20.5,26.9,2,"2022-2024",23.7
"5489","US",2022,10,23.1,19.9,26.8,2,"2022-2024",23.35
"5490","US",2022,11,21.3,17.9,26.8,2,"2022-2024",22.35
"5491","US",2022,12,21.1,17.9,24.9,2,"2022-2024",21.4
"5492","US",2022,13,20.6,18.2,25.1,2,"2022-2024",21.65
"5493","US",2022,14,17.4,12.6,25.1,2,"2022-2024",18.85
"5494","US",2022,15,16.9,11.2,24,2,"2022-2024",17.6
"5495","US",2022,16,20.9,11.2,25.3,2,"2022-2024",18.25
"5496","US",2022,17,18.2,14.4,25.3,2,"2022-2024",19.85
"5497","US",2022,18,14.4,9.5,23.4,2,"2022-2024",16.45
"5498","US",2022,19,16.3,9.5,24.5,2,"2022-2024",17
"5499","US",2022,20,21.3,11.2,26.7,2,"2022-2024",18.95
"5500","US",2022,21,22.8,16.6,28.1,2,"2022-2024",22.35
"5501","US",2022,22,21.8,19.4,28.1,2,"2022-2024",23.75
"5502","US",2022,23,16.6,13.7,25.9,2,"2022-2024",19.8
"5503","US",2022,24,11.7,7.3,18.2,2,"2022-2024",12.75
"5504","US",2022,25,15.3,7.3,23,2,"2022-2024",15.15
"5505","US",2022,26,22.6,18.9,27,2,"2022-2024",22.95
"5506","US",2022,27,21.9,19,26,2,"2022-2024",22.5
"5507","US",2022,28,19.7,17,26.1,2,"2022-2024",21.55
"5508","US",2022,29,15.1,10.5,23.7,2,"2022-2024",17.1
"5509","US",2022,30,9.7,4.3,18.8,2,"2022-2024",11.55
"5510","US",2022,31,12.9,4.3,21.2,2,"2022-2024",12.75
"5511","US",2022,32,17.5,6.8,23.7,2,"2022-2024",15.25
"5512","US",2022,33,21.4,11.4,25.4,2,"2022-2024",18.4
"5513","US",2022,34,22.7,20.8,27,2,"2022-2024",23.9
"5514","US",2022,35,23.5,20.6,27,2,"2022-2024",23.8
"5515","US",2022,36,21.8,17.1,27.1,2,"2022-2024",22.1
"5516","US",2022,37,21.6,17.9,27.5,2,"2022-2024",22.7
"5517","US",2022,38,21.6,17.9,27.5,2,"2022-2024",22.7
"5518","US",2022,39,21,17.9,27.3,2,"2022-2024",22.6
"5519","US",2022,40,17.9,16,19.1,2,"2022-2024",17.55
"5520","US",2022,41,18.2,13,25,2,"2022-2024",19
"5521","US",2022,42,20.7,13,26.8,2,"2022-2024",19.9
"5522","US",2022,43,22.6,15.1,27.3,2,"2022-2024",21.2
"5523","US",2022,44,21.4,16,24,2,"2022-2024",20
"5524","US",2022,45,17.1,12.1,24.1,2,"2022-2024",18.1
"5525","US",2022,46,17.9,12.1,24,2,"2022-2024",18.05
"5526","US",2022,47,22.2,12.4,25.5,2,"2022-2024",18.95
"5527","US",2022,48,23.9,22,27,2,"2022-2024",24.5
"5528","US",2022,49,24.3,19.6,29,2,"2022-2024",24.3
"5529","US",2022,50,23.9,19.4,29.3,2,"2022-2024",24.35
"5530","US",2022,51,22.7,20.2,29.3,2,"2022-2024",24.75
"5531","US",2022,52,23.1,18.6,26.2,2,"2022-2024",22.4
"5532","US",2022,53,23.7,20.1,27,2,"2022-2024",23.55
"5533","US",2022,54,24.3,22.1,27,2,"2022-2024",24.55
"5534","US",2022,55,23.9,21.5,27.6,2,"2022-2024",24.55
"5535","US",2022,56,24.1,21.5,27.6,2,"2022-2024",24.55
"5536","US",2022,57,24,21.8,27.3,2,"2022-2024",24.55
"5537","US",2022,58,24.3,21,28,2,"2022-2024",24.5
"5538","US",2022,59,23.8,20.4,28.9,2,"2022-2024",24.65
"5539","US",2022,60,21.4,17.4,28.9,2,"2022-2024",23.15
"5540","US",2022,61,20.6,17,25.1,2,"2022-2024",21.05
"5541","US",2022,62,22.2,17.9,27,2,"2022-2024",22.45
"5542","US",2022,63,23.2,17.3,27.2,2,"2022-2024",22.25
"5543","US",2022,64,24.3,17.3,27.2,2,"2022-2024",22.25
"5544","US",2022,65,24.5,21.8,27.2,2,"2022-2024",24.5
"5545","US",2022,66,25.1,23,27.6,2,"2022-2024",25.3
"5546","US",2022,67,25.6,23.7,29,2,"2022-2024",26.35
"5547","US",2022,68,25.5,22.6,29.2,2,"2022-2024",25.9
"5548","US",2022,69,25.7,22.6,30.8,2,"2022-2024",26.7
"5549","US",2022,70,25.3,21,30,2,"2022-2024",25.5
"5550","US",2022,71,25.7,19.9,31,2,"2022-2024",25.45
"5551","US",2022,72,17.6,11.2,30.3,2,"2022-2024",20.75
"5552","US",2022,73,21.4,19.9,25.1,2,"2022-2024",22.5
"5553","US",2022,74,23.4,20,28,2,"2022-2024",24
"5554","US",2022,75,24.8,21.4,28.7,2,"2022-2024",25.05
"5555","US",2022,76,24.1,20,29,2,"2022-2024",24.5
"5556","US",2022,77,24.2,19.6,29.5,2,"2022-2024",24.55
"5557","US",2022,78,26,22.8,30,2,"2022-2024",26.4
"5558","US",2022,79,24.9,21,30,2,"2022-2024",25.5
"5559","US",2022,80,23.8,21,30,2,"2022-2024",25.5
"5560","US",2022,81,24.1,21.3,27.2,2,"2022-2024",24.25
"5561","US",2022,82,26.1,24,30,2,"2022-2024",27
"5562","US",2022,83,26.5,23.9,30.1,2,"2022-2024",27
"5563","US",2022,84,22.9,19,25.5,2,"2022-2024",22.25
"5564","US",2022,85,20.2,14.5,26,2,"2022-2024",20.25
"5565","US",2022,86,20.2,14,27.4,2,"2022-2024",20.7
"5566","US",2022,87,20.5,14,27.6,2,"2022-2024",20.8
"5567","US",2022,88,21.9,14.8,27.7,2,"2022-2024",21.25
"5568","US",2022,89,24.3,16.5,27.7,2,"2022-2024",22.1
"5569","US",2022,90,25.7,24.1,29,2,"2022-2024",26.55
"5570","US",2022,91,26.6,22.6,31,2,"2022-2024",26.8
"5571","US",2022,92,26.2,22.6,31,2,"2022-2024",26.8
"5572","US",2022,93,24.1,20.1,30.5,2,"2022-2024",25.3
"5573","US",2022,94,24.7,20.1,29.5,2,"2022-2024",24.8
"5574","US",2022,95,25.9,22.8,29.8,2,"2022-2024",26.3
"5575","US",2022,96,27,23.5,31,2,"2022-2024",27.25
"5576","US",2022,97,26.3,24.1,31.1,2,"2022-2024",27.6
"5577","US",2022,98,24.2,21.7,31.6,2,"2022-2024",26.65
"5578","US",2022,99,20.9,14.9,27.9,2,"2022-2024",21.4
"5579","US",2022,100,18.6,11,26.5,2,"2022-2024",18.75
"5580","US",2022,101,22.2,11,25.8,2,"2022-2024",18.4
"5581","US",2022,102,23.9,19.3,27.1,2,"2022-2024",23.2
"5582","US",2022,103,24.8,21.6,28.2,2,"2022-2024",24.9
"5583","US",2022,104,25.5,22.4,28.8,2,"2022-2024",25.6
"5584","US",2022,105,25.2,22,29,2,"2022-2024",25.5
"5585","US",2022,106,25.4,22.3,29.2,2,"2022-2024",25.75
"5586","US",2022,107,25.7,22.3,29.1,2,"2022-2024",25.7
"5587","US",2022,108,26,21,29.8,2,"2022-2024",25.4
"5588","US",2022,109,24.3,20.5,30,2,"2022-2024",25.25
"5589","US",2022,110,25.1,20.8,29.8,2,"2022-2024",25.3
"5590","US",2022,111,24.7,23,27.3,2,"2022-2024",25.15
"5591","US",2022,112,24.3,21,27.4,2,"2022-2024",24.2
"5592","US",2022,113,24.5,21.4,27.5,2,"2022-2024",24.45
"5593","US",2022,114,24.6,21.9,28.1,2,"2022-2024",25
"5594","US",2022,115,25.2,22,28.1,2,"2022-2024",25.05
"5595","US",2022,116,25.3,23.2,27.9,2,"2022-2024",25.55
"5596","US",2022,117,24.8,20.1,28.9,2,"2022-2024",24.5
"5597","US",2022,118,24.2,20,30.2,2,"2022-2024",25.1
"5598","US",2022,119,24.6,20,30.2,2,"2022-2024",25.1
"5599","US",2022,120,25,21.1,28.9,2,"2022-2024",25
"5600","US",2022,121,24.8,20.5,28.9,2,"2022-2024",24.7
"5601","US",2022,122,25.7,23,29,2,"2022-2024",26
"5602","US",2022,123,26.3,22,29.3,2,"2022-2024",25.65
"5603","US",2022,124,25.5,21.7,30.3,2,"2022-2024",26
"5604","US",2022,125,25.1,20,31,2,"2022-2024",25.5
"5605","US",2022,126,26.6,20.1,32.7,2,"2022-2024",26.4
"5606","US",2022,127,27.3,22.5,33.3,2,"2022-2024",27.9
"5607","US",2022,128,27,21,33.4,2,"2022-2024",27.2
"5608","US",2022,129,26.1,21,33.4,2,"2022-2024",27.2
"5609","US",2022,130,25,20.7,29.9,2,"2022-2024",25.3
"5610","US",2022,131,22.9,17.9,29,2,"2022-2024",23.45
"5611","US",2022,132,23.1,17.9,29,2,"2022-2024",23.45
"5612","US",2022,133,23.8,18.4,29.2,2,"2022-2024",23.8
"5613","US",2022,134,25.6,18.9,30.9,2,"2022-2024",24.9
"5614","US",2022,135,25.7,20.6,30.9,2,"2022-2024",25.75
"5615","US",2022,136,23.9,21.5,30.7,2,"2022-2024",26.1
"5616","US",2022,137,24.9,21.7,30.4,2,"2022-2024",26.05
"5617","US",2022,138,26.6,21.7,30.8,2,"2022-2024",26.25
"5618","US",2022,139,27.2,23,31,2,"2022-2024",27
"5619","US",2022,140,27.8,22.9,31.7,2,"2022-2024",27.3
"5620","US",2022,141,28.4,24.6,31.7,2,"2022-2024",28.15
"5621","US",2022,142,28.4,26.6,31.1,2,"2022-2024",28.85
"5622","US",2022,143,28.1,25,30.2,2,"2022-2024",27.6
"5623","US",2022,144,27.2,23.5,30.4,2,"2022-2024",26.95
"5624","US",2022,145,27.7,25.6,30.1,2,"2022-2024",27.85
"5625","US",2022,146,27.6,25.5,30.1,2,"2022-2024",27.8
"5626","US",2022,147,27.4,24.5,31.2,2,"2022-2024",27.85
"5627","US",2022,148,27.3,22.6,32.1,2,"2022-2024",27.35
"5628","US",2022,149,25.6,22,32.1,2,"2022-2024",27.05
"5629","US",2022,150,24.7,22,31.5,2,"2022-2024",26.75
"5630","US",2022,151,25.7,22.2,30,2,"2022-2024",26.1
"5631","US",2022,152,25.7,21.4,32.1,2,"2022-2024",26.75
"5632","US",2022,153,25.2,21.4,32.1,2,"2022-2024",26.75
"5633","US",2022,154,23.9,21.6,30.9,2,"2022-2024",26.25
"5634","US",2022,155,25.5,22,30,2,"2022-2024",26
"5635","US",2022,156,26.4,22.3,30.7,2,"2022-2024",26.5
"5636","US",2022,157,26.4,22.3,31.5,2,"2022-2024",26.9
"5637","US",2022,158,25.1,23,29.4,2,"2022-2024",26.2
"5638","US",2022,159,26.6,22.3,32,2,"2022-2024",27.15
"5639","US",2022,160,26.5,22,32,2,"2022-2024",27
"5640","US",2022,161,25.1,21.9,31.9,2,"2022-2024",26.9
"5641","US",2022,162,26.3,21.8,32,2,"2022-2024",26.9
"5642","US",2022,163,28.2,21.8,32.8,2,"2022-2024",27.3
"5643","US",2022,164,28.6,24.1,32.8,2,"2022-2024",28.45
"5644","US",2022,165,28.8,24.9,32.3,2,"2022-2024",28.6
"5645","US",2022,166,28.4,25,32,2,"2022-2024",28.5
"5646","US",2022,167,28.7,24.9,31.7,2,"2022-2024",28.3
"5647","US",2022,168,28.1,24,31.4,2,"2022-2024",27.7
"5648","US",2022,169,28.3,24,32.3,2,"2022-2024",28.15
"5649","US",2022,170,26.7,23,32.3,2,"2022-2024",27.65
"5650","US",2022,171,27.8,23.2,31.5,2,"2022-2024",27.35
"5651","US",2022,172,27.4,23.9,31.5,2,"2022-2024",27.7
"5652","US",2022,173,27.5,24.3,30.4,2,"2022-2024",27.35
"5653","US",2022,174,27.3,22.9,31.5,2,"2022-2024",27.2
"5654","US",2022,175,28.1,22.9,32.6,2,"2022-2024",27.75
"5655","US",2022,176,27.4,23,31.3,2,"2022-2024",27.15
"5656","US",2022,177,27,23.3,32.3,2,"2022-2024",27.8
"5657","US",2022,178,27.9,23.6,32.1,2,"2022-2024",27.85
"5658","US",2022,179,28.4,23.6,32.1,2,"2022-2024",27.85
"5659","US",2022,180,28,24.2,32.7,2,"2022-2024",28.45
"5660","US",2022,181,28.9,24.2,32.7,2,"2022-2024",28.45
"5661","US",2022,182,29.2,25.3,32,2,"2022-2024",28.65
"5662","US",2022,183,29.2,26.9,31.7,2,"2022-2024",29.3
"5663","US",2022,184,29.2,26.7,31.7,2,"2022-2024",29.2
"5664","US",2022,185,29,26.3,31.7,2,"2022-2024",29
"5665","US",2022,186,29.3,26.3,32.2,2,"2022-2024",29.25
"5666","US",2022,187,28.6,25.5,32.7,2,"2022-2024",29.1
"5667","US",2022,188,28.4,24.8,32.7,2,"2022-2024",28.75
"5668","US",2022,189,28.8,24.8,31.9,2,"2022-2024",28.35
"5669","US",2022,190,28.8,24.8,33,2,"2022-2024",28.9
"5670","US",2022,191,28.7,24.6,32.9,2,"2022-2024",28.75
"5671","US",2022,192,29,25,33.2,2,"2022-2024",29.1
"5672","US",2022,193,29.1,25,33.2,2,"2022-2024",29.1
"5673","US",2022,194,28.9,25.7,33.3,2,"2022-2024",29.5
"5674","US",2022,195,28.4,23.9,33.3,2,"2022-2024",28.6
"5675","US",2022,196,27.3,22,30.3,2,"2022-2024",26.15
"5676","US",2022,197,28,26,32,2,"2022-2024",29
"5677","US",2022,198,28.7,25.3,32.7,2,"2022-2024",29
"5678","US",2022,199,29.5,26,33,2,"2022-2024",29.5
"5679","US",2022,200,29.1,25.4,32.9,2,"2022-2024",29.15
"5680","US",2022,201,29.6,25.4,32.4,2,"2022-2024",28.9
"5681","US",2022,202,29.6,27,32.2,2,"2022-2024",29.6
"5682","US",2022,203,29.4,26.4,32.9,2,"2022-2024",29.65
"5683","US",2022,204,28.9,25.7,32.9,2,"2022-2024",29.3
"5684","US",2022,205,29.3,25.7,32.4,2,"2022-2024",29.05
"5685","US",2022,206,28.8,24.6,32.1,2,"2022-2024",28.35
"5686","US",2022,207,25.6,23,31.7,2,"2022-2024",27.35
"5687","US",2022,208,27.8,22.7,31.2,2,"2022-2024",26.95
"5688","US",2022,209,28.8,23.4,31.6,2,"2022-2024",27.5
"5689","US",2022,210,29.2,25.5,31.6,2,"2022-2024",28.55
"5690","US",2022,211,29.2,25.5,31.8,2,"2022-2024",28.65
"5691","US",2022,212,29.4,26.7,32,2,"2022-2024",29.35
"5692","US",2022,213,29.7,27.5,32,2,"2022-2024",29.75
"5693","US",2022,214,29.2,26.6,31.9,2,"2022-2024",29.25
"5694","US",2022,215,28.6,24.7,32.1,2,"2022-2024",28.4
"5695","US",2022,216,28.8,24.7,32.1,2,"2022-2024",28.4
"5696","US",2022,217,28.7,25.6,32.2,2,"2022-2024",28.9
"5697","US",2022,218,29.1,25.6,32.2,2,"2022-2024",28.9
"5698","US",2022,219,29.1,24.8,31.5,2,"2022-2024",28.15
"5699","US",2022,220,29.1,24.8,32,2,"2022-2024",28.4
"5700","US",2022,221,29.1,26.2,32,2,"2022-2024",29.1
"5701","US",2022,222,29.6,26.2,32,2,"2022-2024",29.1
"5702","US",2022,223,29.2,27.3,32,2,"2022-2024",29.65
"5703","US",2022,224,28.8,25.8,32.1,2,"2022-2024",28.95
"5704","US",2022,225,27.8,24.5,32.3,2,"2022-2024",28.4
"5705","US",2022,226,26.6,23.4,32.3,2,"2022-2024",27.85
"5706","US",2022,227,26.6,23,32.5,2,"2022-2024",27.75
"5707","US",2022,228,26.7,23,32.5,2,"2022-2024",27.75
"5708","US",2022,229,27.5,23.1,33.3,2,"2022-2024",28.2
"5709","US",2022,230,28.1,23.1,33.5,2,"2022-2024",28.3
"5710","US",2022,231,28.6,23.7,33.5,2,"2022-2024",28.6
"5711","US",2022,232,30,24.6,32.8,2,"2022-2024",28.7
"5712","US",2022,233,29.7,26.1,32.7,2,"2022-2024",29.4
"5713","US",2022,234,29.6,26.1,32.3,2,"2022-2024",29.2
"5714","US",2022,235,28.9,26.2,32.9,2,"2022-2024",29.55
"5715","US",2022,236,29.3,26.2,32.9,2,"2022-2024",29.55
"5716","US",2022,237,29.3,25.5,33,2,"2022-2024",29.25
"5717","US",2022,238,29.2,25.5,33.4,2,"2022-2024",29.45
"5718","US",2022,239,28.2,24.8,33.4,2,"2022-2024",29.1
"5719","US",2022,240,27.2,24,32.7,2,"2022-2024",28.35
"5720","US",2022,241,26.9,23,31.2,2,"2022-2024",27.1
"5721","US",2022,242,29.1,23.2,32.6,2,"2022-2024",27.9
"5722","US",2022,243,27.8,24.9,32.6,2,"2022-2024",28.75
"5723","US",2022,244,27.8,24.1,32.6,2,"2022-2024",28.35
"5724","US",2022,245,28.2,24.1,32.6,2,"2022-2024",28.35
"5725","US",2022,246,28.7,24.1,32.6,2,"2022-2024",28.35
"5726","US",2022,247,28.8,25,32.4,2,"2022-2024",28.7
"5727","US",2022,248,29.2,25,32.5,2,"2022-2024",28.75
"5728","US",2022,249,29,25.7,33.1,2,"2022-2024",29.4
"5729","US",2022,250,27.4,24.6,33,2,"2022-2024",28.8
"5730","US",2022,251,27.1,23.9,33,2,"2022-2024",28.45
"5731","US",2022,252,28.1,23.9,32.8,2,"2022-2024",28.35
"5732","US",2022,253,29.4,26.5,33.2,2,"2022-2024",29.85
"5733","US",2022,254,29.2,25.8,33.6,2,"2022-2024",29.7
"5734","US",2022,255,28.6,24.6,33.2,2,"2022-2024",28.9
"5735","US",2022,256,27.7,24.2,32.9,2,"2022-2024",28.55
"5736","US",2022,257,26.6,23,32.2,2,"2022-2024",27.6
"5737","US",2022,258,27,23.4,32.5,2,"2022-2024",27.95
"5738","US",2022,259,26.7,23.6,32.5,2,"2022-2024",28.05
"5739","US",2022,260,27.6,23.6,31.8,2,"2022-2024",27.7
"5740","US",2022,261,25.6,23.1,31.8,2,"2022-2024",27.45
"5741","US",2022,262,26.6,23.1,31,2,"2022-2024",27.05
"5742","US",2022,263,28.2,23.9,32.1,2,"2022-2024",28
"5743","US",2022,264,26.9,24.4,32.1,2,"2022-2024",28.25
"5744","US",2022,265,27.5,24,32.9,2,"2022-2024",28.45
"5745","US",2022,266,27.5,24,32.3,2,"2022-2024",28.15
"5746","US",2022,267,27.9,23.1,32.3,2,"2022-2024",27.7
"5747","US",2022,268,27.5,23.1,31.9,2,"2022-2024",27.5
"5748","US",2022,269,27.1,23.5,31.7,2,"2022-2024",27.6
"5749","US",2022,270,25.6,23.5,30.6,2,"2022-2024",27.05
"5750","US",2022,271,27.8,23.6,29.2,2,"2022-2024",26.4
"5751","US",2022,272,26.3,24.5,29.2,2,"2022-2024",26.85
"5752","US",2022,273,23.8,19.3,28.8,2,"2022-2024",24.05
"5753","US",2022,274,24.9,19.3,28.7,2,"2022-2024",24
"5754","US",2022,275,25.9,22.1,29.9,2,"2022-2024",26
"5755","US",2022,276,25.7,21.6,30.6,2,"2022-2024",26.1
"5756","US",2022,277,25.4,21.6,30.6,2,"2022-2024",26.1
"5757","US",2022,278,24.9,21.4,29.3,2,"2022-2024",25.35
"5758","US",2022,279,25.6,21.4,29.4,2,"2022-2024",25.4
"5759","US",2022,280,25.7,21.7,29.4,2,"2022-2024",25.55
"5760","US",2022,281,25.6,22.5,30,2,"2022-2024",26.25
"5761","US",2022,282,26.4,22.3,30,2,"2022-2024",26.15
"5762","US",2022,283,27.4,23,31.1,2,"2022-2024",27.05
"5763","US",2022,284,28.3,23,31.4,2,"2022-2024",27.2
"5764","US",2022,285,28.3,26.6,31.4,2,"2022-2024",29
"5765","US",2022,286,27.2,24,31,2,"2022-2024",27.5
"5766","US",2022,287,25.9,22.9,31.2,2,"2022-2024",27.05
"5767","US",2022,288,26.3,22.9,30.3,2,"2022-2024",26.6
"5768","US",2022,289,27.5,23.5,30,2,"2022-2024",26.75
"5769","US",2022,290,27.2,24.6,30,2,"2022-2024",27.3
"5770","US",2022,291,26.4,22.9,31.2,2,"2022-2024",27.05
"5771","US",2022,292,21.5,17,24.9,2,"2022-2024",20.95
"5772","US",2022,293,19.8,16.2,26.5,2,"2022-2024",21.35
"5773","US",2022,294,22.2,16.2,27.8,2,"2022-2024",22
"5774","US",2022,295,23.4,17.6,28.8,2,"2022-2024",23.2
"5775","US",2022,296,23.6,18.6,28.8,2,"2022-2024",23.7
"5776","US",2022,297,24.1,19.3,28.7,2,"2022-2024",24
"5777","US",2022,298,24.3,19,28.7,2,"2022-2024",23.85
"5778","US",2022,299,23.5,18,28.9,2,"2022-2024",23.45
"5779","US",2022,300,23.4,18,29.5,2,"2022-2024",23.75
"5780","US",2022,301,24.9,18.7,29.2,2,"2022-2024",23.95
"5781","US",2022,302,25.4,20.1,29.5,2,"2022-2024",24.8
"5782","US",2022,303,26.6,20.9,29.5,2,"2022-2024",25.2
"5783","US",2022,304,26.2,22.9,30,2,"2022-2024",26.45
"5784","US",2022,305,27.3,22.9,30.6,2,"2022-2024",26.75
"5785","US",2022,306,27.7,24.2,30.6,2,"2022-2024",27.4
"5786","US",2022,307,26.7,24,30.3,2,"2022-2024",27.15
"5787","US",2022,308,25.4,21.9,29.7,2,"2022-2024",25.8
"5788","US",2022,309,25.7,21.7,29.5,2,"2022-2024",25.6
"5789","US",2022,310,26.1,21.7,30,2,"2022-2024",25.85
"5790","US",2022,311,26.3,22.8,29,2,"2022-2024",25.9
"5791","US",2022,312,24.4,20.9,30,2,"2022-2024",25.45
"5792","US",2022,313,23.6,20.8,29.6,2,"2022-2024",25.2
"5793","US",2022,314,24.4,21.4,29.1,2,"2022-2024",25.25
"5794","US",2022,315,25.2,21.3,30,2,"2022-2024",25.65
"5795","US",2022,316,25.1,21,30.1,2,"2022-2024",25.55
"5796","US",2022,317,24.5,21,30.1,2,"2022-2024",25.55
"5797","US",2022,318,24.4,21.4,29.2,2,"2022-2024",25.3
"5798","US",2022,319,25.2,21.1,29.3,2,"2022-2024",25.2
"5799","US",2022,320,24.7,20.6,30.4,2,"2022-2024",25.5
"5800","US",2022,321,23.4,20.6,30.5,2,"2022-2024",25.55
"5801","US",2022,322,21.8,18,26.7,2,"2022-2024",22.35
"5802","US",2022,323,23.3,18,27.2,2,"2022-2024",22.6
"5803","US",2022,324,23.4,20.5,27.2,2,"2022-2024",23.85
"5804","US",2022,325,23.6,21,26,2,"2022-2024",23.5
"5805","US",2022,326,25.4,22.6,29.1,2,"2022-2024",25.85
"5806","US",2022,327,24.6,21.9,29.1,2,"2022-2024",25.5
"5807","US",2022,328,24.7,21.9,29.6,2,"2022-2024",25.75
"5808","US",2022,329,26.6,22.2,30.6,2,"2022-2024",26.4
"5809","US",2022,330,25.1,22.1,30.6,2,"2022-2024",26.35
"5810","US",2022,331,25.7,22.1,30.4,2,"2022-2024",26.25
"5811","US",2022,332,24.4,20,30,2,"2022-2024",25
"5812","US",2022,333,25.2,20.2,30,2,"2022-2024",25.1
"5813","US",2022,334,26.2,21.3,29.3,2,"2022-2024",25.3
"5814","US",2022,335,23.7,21.2,29.3,2,"2022-2024",25.25
"5815","US",2022,336,24.9,21.2,27.5,2,"2022-2024",24.35
"5816","US",2022,337,24.8,22.9,27.4,2,"2022-2024",25.15
"5817","US",2022,338,22.6,18.1,27.4,2,"2022-2024",22.75
"5818","US",2022,339,22.1,18.1,27.7,2,"2022-2024",22.9
"5819","US",2022,340,23.4,18.1,27.7,2,"2022-2024",22.9
"5820","US",2022,341,22.3,20.2,26,2,"2022-2024",23.1
"5821","US",2022,342,22.9,18.3,28.1,2,"2022-2024",23.2
"5822","US",2022,343,22.1,18.3,28.1,2,"2022-2024",23.2
"5823","US",2022,344,22.2,18.6,27.3,2,"2022-2024",22.95
"5824","US",2022,345,21.8,17.3,27.5,2,"2022-2024",22.4
"5825","US",2022,346,20.9,16.7,27.5,2,"2022-2024",22.1
"5826","US",2022,347,20.6,16.6,26.9,2,"2022-2024",21.75
"5827","US",2022,348,21.9,16.6,28,2,"2022-2024",22.3
"5828","US",2022,349,24.8,17.5,28.3,2,"2022-2024",22.9
"5829","US",2022,350,23.3,21.5,28.3,2,"2022-2024",24.9
"5830","US",2022,351,22.1,19.5,26.7,2,"2022-2024",23.1
"5831","US",2022,352,23.1,19.5,26.5,2,"2022-2024",23
"5832","US",2022,353,20.8,16.3,26.5,2,"2022-2024",21.4
"5833","US",2022,354,23.1,16.3,26.2,2,"2022-2024",21.25
"5834","US",2022,355,22.9,18.9,27.7,2,"2022-2024",23.3
"5835","US",2022,356,23,18.4,28.7,2,"2022-2024",23.55
"5836","US",2022,357,22.6,18.4,28.7,2,"2022-2024",23.55
"5837","US",2022,358,12.5,9.2,27,2,"2022-2024",18.1
"5838","US",2022,359,8.4,6,9.8,2,"2022-2024",7.9
"5839","US",2022,360,10.2,6.4,13.4,2,"2022-2024",9.9
"5840","US",2022,361,15.2,7.8,21.8,2,"2022-2024",14.8
"5841","US",2022,362,18.2,12.3,24.6,2,"2022-2024",18.45
"5842","US",2022,363,22.2,12.8,25.7,2,"2022-2024",19.25
"5843","US",2022,364,23.4,19.9,28.2,2,"2022-2024",24.05
"5844","US",2022,365,23,18.7,29,2,"2022-2024",23.85
"5845","US",2023,1,22.6,18,28.1,2,"2022-2024",23.05
"5846","US",2023,2,21.9,18.2,28.2,2,"2022-2024",23.2
"5847","US",2023,3,24.4,18.6,27.7,2,"2022-2024",23.15
"5848","US",2023,4,24.9,21.8,28.8,2,"2022-2024",25.3
"5849","US",2023,5,23.9,18.9,28.8,2,"2022-2024",23.85
"5850","US",2023,6,21.2,17.6,28.8,2,"2022-2024",23.2
"5851","US",2023,7,19.1,14.1,26,2,"2022-2024",20.05
"5852","US",2023,8,20.8,14,25.6,2,"2022-2024",19.8
"5853","US",2023,9,20.7,14.4,26.7,2,"2022-2024",20.55
"5854","US",2023,10,20.2,15.8,26.8,2,"2022-2024",21.3
"5855","US",2023,11,16.9,10.6,26.8,2,"2022-2024",18.7
"5856","US",2023,12,18.8,10.6,26.5,2,"2022-2024",18.55
"5857","US",2023,13,19.1,12.9,27.3,2,"2022-2024",20.1
"5858","US",2023,14,13.3,8.6,16.8,2,"2022-2024",12.7
"5859","US",2023,15,10.8,4.6,17.1,2,"2022-2024",10.85
"5860","US",2023,16,13.2,4.6,22,2,"2022-2024",13.3
"5861","US",2023,17,16.4,6.8,24.1,2,"2022-2024",15.45
"5862","US",2023,18,19.1,10.2,26.4,2,"2022-2024",18.3
"5863","US",2023,19,21.3,12.8,27.9,2,"2022-2024",20.35
"5864","US",2023,20,21.5,14.8,28.5,2,"2022-2024",21.65
"5865","US",2023,21,21.5,16.1,28.5,2,"2022-2024",22.3
"5866","US",2023,22,23.3,17.3,28,2,"2022-2024",22.65
"5867","US",2023,23,23.3,18.4,30.6,2,"2022-2024",24.5
"5868","US",2023,24,22.8,19.1,30.6,2,"2022-2024",24.85
"5869","US",2023,25,24.7,19.7,28.4,2,"2022-2024",24.05
"5870","US",2023,26,23.2,20,28.2,2,"2022-2024",24.1
"5871","US",2023,27,19.7,17.2,28.6,2,"2022-2024",22.9
"5872","US",2023,28,21.6,17.2,27.2,2,"2022-2024",22.2
"5873","US",2023,29,24.2,17.6,28,2,"2022-2024",22.8
"5874","US",2023,30,24.8,20.5,29.4,2,"2022-2024",24.95
"5875","US",2023,31,23.4,18.3,30,2,"2022-2024",24.15
"5876","US",2023,32,22.7,17.6,30.8,2,"2022-2024",24.2
"5877","US",2023,33,23.1,17.6,31.3,2,"2022-2024",24.45
"5878","US",2023,34,22.7,17.7,32.3,2,"2022-2024",25
"5879","US",2023,35,20.9,17,26,2,"2022-2024",21.5
"5880","US",2023,36,22.8,20,28,2,"2022-2024",24
"5881","US",2023,37,22.6,19,27.3,2,"2022-2024",23.15
"5882","US",2023,38,23.2,18.9,27.9,2,"2022-2024",23.4
"5883","US",2023,39,23.3,20.4,27.3,2,"2022-2024",23.85
"5884","US",2023,40,24.4,20.4,28,2,"2022-2024",24.2
"5885","US",2023,41,24.4,22,27.6,2,"2022-2024",24.8
"5886","US",2023,42,24.6,20.9,28.9,2,"2022-2024",24.9
"5887","US",2023,43,22.3,19.3,28.9,2,"2022-2024",24.1
"5888","US",2023,44,17.9,12,23,2,"2022-2024",17.5
"5889","US",2023,45,17.9,12.3,24.5,2,"2022-2024",18.4
"5890","US",2023,46,22.5,12.4,26.5,2,"2022-2024",19.45
"5891","US",2023,47,23.9,19.5,27.3,2,"2022-2024",23.4
"5892","US",2023,48,23.7,20,27.7,2,"2022-2024",23.85
"5893","US",2023,49,22,18,26.4,2,"2022-2024",22.2
"5894","US",2023,50,24.3,18.2,28.3,2,"2022-2024",23.25
"5895","US",2023,51,23.2,19.1,28.4,2,"2022-2024",23.75
"5896","US",2023,52,23.1,17.5,29.2,2,"2022-2024",23.35
"5897","US",2023,53,23.1,17.5,29.2,2,"2022-2024",23.35
"5898","US",2023,54,25.1,17.7,29.1,2,"2022-2024",23.4
"5899","US",2023,55,23.6,18.6,29.1,2,"2022-2024",23.85
"5900","US",2023,56,23.4,18.3,28.4,2,"2022-2024",23.35
"5901","US",2023,57,22.7,16.4,29,2,"2022-2024",22.7
"5902","US",2023,58,22.1,16,28.2,2,"2022-2024",22.1
"5903","US",2023,59,21.9,15,30.6,2,"2022-2024",22.8
"5904","US",2023,60,20.6,13,28.1,2,"2022-2024",20.55
"5905","US",2023,61,23.2,17.7,28.4,2,"2022-2024",23.05
"5906","US",2023,62,24.8,19.7,29.2,2,"2022-2024",24.45
"5907","US",2023,63,25.6,20,30.8,2,"2022-2024",25.4
"5908","US",2023,64,24.3,18.3,30.8,2,"2022-2024",24.55
"5909","US",2023,65,24.1,18.3,30.8,2,"2022-2024",24.55
"5910","US",2023,66,25.2,18.5,32.3,2,"2022-2024",25.4
"5911","US",2023,67,24.4,20.4,32.3,2,"2022-2024",26.35
"5912","US",2023,68,24.2,20.4,31.3,2,"2022-2024",25.85
"5913","US",2023,69,22.3,16.3,26.8,2,"2022-2024",21.55
"5914","US",2023,70,22.7,17.6,30,2,"2022-2024",23.8
"5915","US",2023,71,23.3,17.3,30.5,2,"2022-2024",23.9
"5916","US",2023,72,24.2,17.3,31.1,2,"2022-2024",24.2
"5917","US",2023,73,23.6,19.2,31.1,2,"2022-2024",25.15
"5918","US",2023,74,20.4,17.5,28.7,2,"2022-2024",23.1
"5919","US",2023,75,19,13.7,24.2,2,"2022-2024",18.95
"5920","US",2023,76,22.2,13.7,26.8,2,"2022-2024",20.25
"5921","US",2023,77,22.8,17,29,2,"2022-2024",23
"5922","US",2023,78,22.2,17,29,2,"2022-2024",23
"5923","US",2023,79,18.5,14.7,26.7,2,"2022-2024",20.7
"5924","US",2023,80,19.8,14.5,25,2,"2022-2024",19.75
"5925","US",2023,81,22.3,14.5,26.5,2,"2022-2024",20.5
"5926","US",2023,82,23.6,17,26.6,2,"2022-2024",21.8
"5927","US",2023,83,23.9,21.3,28,2,"2022-2024",24.65
"5928","US",2023,84,25.4,21.3,29.2,2,"2022-2024",25.25
"5929","US",2023,85,25.3,21.6,30,2,"2022-2024",25.8
"5930","US",2023,86,25.7,22.1,30.1,2,"2022-2024",26.1
"5931","US",2023,87,25.2,21.4,31,2,"2022-2024",26.2
"5932","US",2023,88,24.9,19.6,30.9,2,"2022-2024",25.25
"5933","US",2023,89,22.9,19.6,29.9,2,"2022-2024",24.75
"5934","US",2023,90,24.8,20.4,27.3,2,"2022-2024",23.85
"5935","US",2023,91,25.8,23.6,30,2,"2022-2024",26.8
"5936","US",2023,92,24.4,19,30.5,2,"2022-2024",24.75
"5937","US",2023,93,24.7,19.2,30.8,2,"2022-2024",25
"5938","US",2023,94,25.4,19.8,30,2,"2022-2024",24.9
"5939","US",2023,95,26,20.8,29.3,2,"2022-2024",25.05
"5940","US",2023,96,26.2,23,29,2,"2022-2024",26
"5941","US",2023,97,25.7,23.8,28.9,2,"2022-2024",26.35
"5942","US",2023,98,25.3,22.8,28.7,2,"2022-2024",25.75
"5943","US",2023,99,23.7,19.5,30.6,2,"2022-2024",25.05
"5944","US",2023,100,22.9,19.5,30.6,2,"2022-2024",25.05
"5945","US",2023,101,21.9,20,24,2,"2022-2024",22
"5946","US",2023,102,23,21,25,2,"2022-2024",23
"5947","US",2023,103,25.1,20.5,29.8,2,"2022-2024",25.15
"5948","US",2023,104,26.1,20.5,30.8,2,"2022-2024",25.65
"5949","US",2023,105,26.3,21.9,30.9,2,"2022-2024",26.4
"5950","US",2023,106,26.6,22.3,30.9,2,"2022-2024",26.6
"5951","US",2023,107,25.6,19,31,2,"2022-2024",25
"5952","US",2023,108,23.4,18.3,30.6,2,"2022-2024",24.45
"5953","US",2023,109,22.8,18.3,27.6,2,"2022-2024",22.95
"5954","US",2023,110,23.6,18.4,27.6,2,"2022-2024",23
"5955","US",2023,111,24.5,18.7,28.8,2,"2022-2024",23.75
"5956","US",2023,112,24.5,19.3,30.5,2,"2022-2024",24.9
"5957","US",2023,113,24.6,19.1,30.5,2,"2022-2024",24.8
"5958","US",2023,114,24.7,19.1,29.4,2,"2022-2024",24.25
"5959","US",2023,115,25.1,21.5,29.3,2,"2022-2024",25.4
"5960","US",2023,116,25.3,20.8,30.2,2,"2022-2024",25.5
"5961","US",2023,117,25.8,20.6,30.8,2,"2022-2024",25.7
"5962","US",2023,118,26.8,20.6,31.1,2,"2022-2024",25.85
"5963","US",2023,119,27.1,23.3,31.5,2,"2022-2024",27.4
"5964","US",2023,120,26.6,23.4,31.5,2,"2022-2024",27.45
"5965","US",2023,121,23.6,19,29.4,2,"2022-2024",24.2
"5966","US",2023,122,24.3,17.9,31.2,2,"2022-2024",24.55
"5967","US",2023,123,25,19,31.7,2,"2022-2024",25.35
"5968","US",2023,124,24.1,18.5,31.6,2,"2022-2024",25.05
"5969","US",2023,125,24.1,18.1,30.1,2,"2022-2024",24.1
"5970","US",2023,126,25.7,18.1,29.1,2,"2022-2024",23.6
"5971","US",2023,127,25.9,20.8,29.1,2,"2022-2024",24.95
"5972","US",2023,128,25.3,22.6,28.2,2,"2022-2024",25.4
"5973","US",2023,129,25.8,20.1,29.7,2,"2022-2024",24.9
"5974","US",2023,130,25.9,20.1,30.9,2,"2022-2024",25.5
"5975","US",2023,131,26.1,21.1,30.9,2,"2022-2024",26
"5976","US",2023,132,26.7,21.9,29.5,2,"2022-2024",25.7
"5977","US",2023,133,26.4,23,28.4,2,"2022-2024",25.7
"5978","US",2023,134,25.8,22,29.3,2,"2022-2024",25.65
"5979","US",2023,135,26.1,22,29.5,2,"2022-2024",25.75
"5980","US",2023,136,25.7,21.9,29.6,2,"2022-2024",25.75
"5981","US",2023,137,26.4,21.8,31.6,2,"2022-2024",26.7
"5982","US",2023,138,24.8,20.6,31.6,2,"2022-2024",26.1
"5983","US",2023,139,25.5,20.6,31.5,2,"2022-2024",26.05
"5984","US",2023,140,26.3,22.4,30.1,2,"2022-2024",26.25
"5985","US",2023,141,26.8,22.4,30.3,2,"2022-2024",26.35
"5986","US",2023,142,26.9,23.6,30.7,2,"2022-2024",27.15
"5987","US",2023,143,25.8,23,30.7,2,"2022-2024",26.85
"5988","US",2023,144,24.9,20.9,30.6,2,"2022-2024",25.75
"5989","US",2023,145,24.1,20.9,30,2,"2022-2024",25.45
"5990","US",2023,146,24.5,21,29,2,"2022-2024",25
"5991","US",2023,147,24.9,21,29,2,"2022-2024",25
"5992","US",2023,148,26.8,21.2,32.4,2,"2022-2024",26.8
"5993","US",2023,149,26.5,21,32.4,2,"2022-2024",26.7
"5994","US",2023,150,26.6,21,31.5,2,"2022-2024",26.25
"5995","US",2023,151,25.7,22,30.8,2,"2022-2024",26.4
"5996","US",2023,152,25.9,23,31.3,2,"2022-2024",27.15
"5997","US",2023,153,25.8,22.5,31.3,2,"2022-2024",26.9
"5998","US",2023,154,26.1,22.5,30.5,2,"2022-2024",26.5
"5999","US",2023,155,25.8,22,29.6,2,"2022-2024",25.8
"6000","US",2023,156,26.1,21.2,31.7,2,"2022-2024",26.45
"6001","US",2023,157,26.3,21.2,31.7,2,"2022-2024",26.45
"6002","US",2023,158,26.7,22.2,31.5,2,"2022-2024",26.85
"6003","US",2023,159,26.4,22.6,32,2,"2022-2024",27.3
"6004","US",2023,160,27,22.6,32,2,"2022-2024",27.3
"6005","US",2023,161,27.3,22.6,31.9,2,"2022-2024",27.25
"6006","US",2023,162,26.7,22.5,31.4,2,"2022-2024",26.95
"6007","US",2023,163,26.7,22.5,31.4,2,"2022-2024",26.95
"6008","US",2023,164,27.6,23.4,32.2,2,"2022-2024",27.8
"6009","US",2023,165,28.3,23.4,32.2,2,"2022-2024",27.8
"6010","US",2023,166,30.4,25,33,2,"2022-2024",29
"6011","US",2023,167,30.9,27,34,2,"2022-2024",30.5
"6012","US",2023,168,29.7,25,32,2,"2022-2024",28.5
"6013","US",2023,169,28.2,25,32,2,"2022-2024",28.5
"6014","US",2023,170,26.8,24,31,2,"2022-2024",27.5
"6015","US",2023,171,28.5,23,32,2,"2022-2024",27.5
"6016","US",2023,172,29.3,23,33,2,"2022-2024",28
"6017","US",2023,173,29.1,26,31,2,"2022-2024",28.5
"6018","US",2023,174,30.1,27,32,2,"2022-2024",29.5
"6019","US",2023,175,29.7,26,32,2,"2022-2024",29
"6020","US",2023,176,28.1,26,32,2,"2022-2024",29
"6021","US",2023,177,27.8,25,37,2,"2022-2024",31
"6022","US",2023,178,28.6,25,31.7,2,"2022-2024",28.35
"6023","US",2023,179,28.6,24.7,33.9,2,"2022-2024",29.3
"6024","US",2023,180,27.7,23.6,33.9,2,"2022-2024",28.75
"6025","US",2023,181,27.1,23.6,33.4,2,"2022-2024",28.5
"6026","US",2023,182,27.4,24.4,32.2,2,"2022-2024",28.3
"6027","US",2023,183,27.2,24.5,32.8,2,"2022-2024",28.65
"6028","US",2023,184,28.7,25.5,33,2,"2022-2024",29.25
"6029","US",2023,185,28.8,25.6,33,2,"2022-2024",29.3
"6030","US",2023,186,29.3,25.3,33.1,2,"2022-2024",29.2
"6031","US",2023,187,29.1,26,34,2,"2022-2024",30
"6032","US",2023,188,29.1,24.7,34.3,2,"2022-2024",29.5
"6033","US",2023,189,29.4,24.7,34.3,2,"2022-2024",29.5
"6034","US",2023,190,29.2,24.2,34.6,2,"2022-2024",29.4
"6035","US",2023,191,29.8,24.2,34.6,2,"2022-2024",29.4
"6036","US",2023,192,29.8,25.1,34.3,2,"2022-2024",29.7
"6037","US",2023,193,30.6,25.5,34.4,2,"2022-2024",29.95
"6038","US",2023,194,29.8,25.2,34.5,2,"2022-2024",29.85
"6039","US",2023,195,29.3,25.2,34.5,2,"2022-2024",29.85
"6040","US",2023,196,27.3,23.8,33.3,2,"2022-2024",28.55
"6041","US",2023,197,29,24.5,33.8,2,"2022-2024",29.15
"6042","US",2023,198,27.4,22.4,33.8,2,"2022-2024",28.1
"6043","US",2023,199,27.6,22.4,33.6,2,"2022-2024",28
"6044","US",2023,200,28.7,24.9,32.6,2,"2022-2024",28.75
"6045","US",2023,201,29.9,25.6,33.3,2,"2022-2024",29.45
"6046","US",2023,202,29.3,26.2,33.5,2,"2022-2024",29.85
"6047","US",2023,203,29.6,25,34.6,2,"2022-2024",29.8
"6048","US",2023,204,30.4,25,34.7,2,"2022-2024",29.85
"6049","US",2023,205,30.1,25.7,34.7,2,"2022-2024",30.2
"6050","US",2023,206,30,25.8,34.7,2,"2022-2024",30.25
"6051","US",2023,207,26.9,22.8,33.3,2,"2022-2024",28.05
"6052","US",2023,208,26.9,22.8,31.3,2,"2022-2024",27.05
"6053","US",2023,209,27.6,24,31,2,"2022-2024",27.5
"6054","US",2023,210,29.1,24.4,33,2,"2022-2024",28.7
"6055","US",2023,211,29,25.7,33.6,2,"2022-2024",29.65
"6056","US",2023,212,29.3,25.5,33.6,2,"2022-2024",29.55
"6057","US",2023,213,27.5,24.7,33.6,2,"2022-2024",29.15
"6058","US",2023,214,27.8,24.7,33.4,2,"2022-2024",29.05
"6059","US",2023,215,27.4,24.7,33,2,"2022-2024",28.85
"6060","US",2023,216,27.8,24.7,33,2,"2022-2024",28.85
"6061","US",2023,217,28.9,24.7,33.5,2,"2022-2024",29.1
"6062","US",2023,218,29,25.5,34.6,2,"2022-2024",30.05
"6063","US",2023,219,29.3,26,34.6,2,"2022-2024",30.3
"6064","US",2023,220,29.9,26.2,34.4,2,"2022-2024",30.3
"6065","US",2023,221,29.1,25.4,34.2,2,"2022-2024",29.8
"6066","US",2023,222,29.6,25.4,34.8,2,"2022-2024",30.1
"6067","US",2023,223,29.2,25.3,34.1,2,"2022-2024",29.7
"6068","US",2023,224,29.9,25.3,34.1,2,"2022-2024",29.7
"6069","US",2023,225,29.6,26.3,33.2,2,"2022-2024",29.75
"6070","US",2023,226,30.1,25.9,33.5,2,"2022-2024",29.7
"6071","US",2023,227,28.4,23,34,2,"2022-2024",28.5
"6072","US",2023,228,28.4,22.6,33.8,2,"2022-2024",28.2
"6073","US",2023,229,28.6,24.7,33.6,2,"2022-2024",29.15
"6074","US",2023,230,27,24,31,2,"2022-2024",27.5
"6075","US",2023,231,27.4,24.2,32,2,"2022-2024",28.1
"6076","US",2023,232,26.6,24,32,2,"2022-2024",28
"6077","US",2023,233,29.2,24.1,32.7,2,"2022-2024",28.4
"6078","US",2023,234,29.4,25.7,32.7,2,"2022-2024",29.2
"6079","US",2023,235,28.6,25,32,2,"2022-2024",28.5
"6080","US",2023,236,29.1,24.9,32.3,2,"2022-2024",28.6
"6081","US",2023,237,29.3,26,32.3,2,"2022-2024",29.15
"6082","US",2023,238,29.1,24.9,32.3,2,"2022-2024",28.6
"6083","US",2023,239,29.1,24.9,32.5,2,"2022-2024",28.7
"6084","US",2023,240,29.9,25.8,33.4,2,"2022-2024",29.6
"6085","US",2023,241,29.7,24.9,33.4,2,"2022-2024",29.15
"6086","US",2023,242,30.1,24.9,33.4,2,"2022-2024",29.15
"6087","US",2023,243,30.2,27,34,2,"2022-2024",30.5
"6088","US",2023,244,29.4,25.5,34.3,2,"2022-2024",29.9
"6089","US",2023,245,27.9,24.7,33.7,2,"2022-2024",29.2
"6090","US",2023,246,27.9,24.4,31.8,2,"2022-2024",28.1
"6091","US",2023,247,29.2,24.4,31.7,2,"2022-2024",28.05
"6092","US",2023,248,29.3,27.1,31.7,2,"2022-2024",29.4
"6093","US",2023,249,28.5,24.8,31.7,2,"2022-2024",28.25
"6094","US",2023,250,28,24.4,31.3,2,"2022-2024",27.85
"6095","US",2023,251,27.8,23.5,31.6,2,"2022-2024",27.55
"6096","US",2023,252,27.4,23.5,31.8,2,"2022-2024",27.65
"6097","US",2023,253,28.4,24.2,33.3,2,"2022-2024",28.75
"6098","US",2023,254,28.8,25.3,33.3,2,"2022-2024",29.3
"6099","US",2023,255,29.4,25.1,32.8,2,"2022-2024",28.95
"6100","US",2023,256,29.4,25.1,34.5,2,"2022-2024",29.8
"6101","US",2023,257,28.7,26,32.4,2,"2022-2024",29.2
"6102","US",2023,258,27.7,24.3,33.3,2,"2022-2024",28.8
"6103","US",2023,259,27.5,24.3,33.3,2,"2022-2024",28.8
"6104","US",2023,260,28.2,25,33,2,"2022-2024",29
"6105","US",2023,261,28.1,25,33.4,2,"2022-2024",29.2
"6106","US",2023,262,24.6,22.6,33.6,2,"2022-2024",28.1
"6107","US",2023,263,27.9,22.6,33.2,2,"2022-2024",27.9
"6108","US",2023,264,27,24.9,31.8,2,"2022-2024",28.35
"6109","US",2023,265,26.4,23.2,31.8,2,"2022-2024",27.5
"6110","US",2023,266,25.8,23.2,31.6,2,"2022-2024",27.4
"6111","US",2023,267,27.1,23.3,30.9,2,"2022-2024",27.1
"6112","US",2023,268,26.9,21.7,32,2,"2022-2024",26.85
"6113","US",2023,269,29.4,21.7,33,2,"2022-2024",27.35
"6114","US",2023,270,28.3,25.6,33,2,"2022-2024",29.3
"6115","US",2023,271,27.6,25,31.3,2,"2022-2024",28.15
"6116","US",2023,272,28.4,24.2,32.6,2,"2022-2024",28.4
"6117","US",2023,273,28.7,26.1,32.6,2,"2022-2024",29.35
"6118","US",2023,274,27.4,24.7,32.4,2,"2022-2024",28.55
"6119","US",2023,275,27.1,24.7,31.7,2,"2022-2024",28.2
"6120","US",2023,276,28.1,25.5,30.6,2,"2022-2024",28.05
"6121","US",2023,277,27.8,24.3,30.7,2,"2022-2024",27.5
"6122","US",2023,278,27.7,24.1,31.7,2,"2022-2024",27.9
"6123","US",2023,279,27.7,24.1,31.7,2,"2022-2024",27.9
"6124","US",2023,280,27.6,24.3,32.4,2,"2022-2024",28.35
"6125","US",2023,281,27.3,23.6,32.9,2,"2022-2024",28.25
"6126","US",2023,282,26.4,23.6,32.9,2,"2022-2024",28.25
"6127","US",2023,283,27.1,23.8,32.1,2,"2022-2024",27.95
"6128","US",2023,284,28.1,23.8,32.1,2,"2022-2024",27.95
"6129","US",2023,285,29.9,25.3,32.5,2,"2022-2024",28.9
"6130","US",2023,286,29.7,26.9,33.5,2,"2022-2024",30.2
"6131","US",2023,287,28.1,26.3,33.5,2,"2022-2024",29.9
"6132","US",2023,288,27.8,25,32.2,2,"2022-2024",28.6
"6133","US",2023,289,24.1,20.7,32.2,2,"2022-2024",26.45
"6134","US",2023,290,20.5,16.6,26.6,2,"2022-2024",21.6
"6135","US",2023,291,21.9,16.6,27.9,2,"2022-2024",22.25
"6136","US",2023,292,24.7,17.2,29.3,2,"2022-2024",23.25
"6137","US",2023,293,25.3,20.1,29.3,2,"2022-2024",24.7
"6138","US",2023,294,24.1,18,29.7,2,"2022-2024",23.85
"6139","US",2023,295,24.9,18.4,30.2,2,"2022-2024",24.3
"6140","US",2023,296,24.4,19.1,29.8,2,"2022-2024",24.45
"6141","US",2023,297,25.5,19.1,29.8,2,"2022-2024",24.45
"6142","US",2023,298,26.3,21,29.3,2,"2022-2024",25.15
"6143","US",2023,299,26.7,23.1,29.4,2,"2022-2024",26.25
"6144","US",2023,300,26.5,24,29.4,2,"2022-2024",26.7
"6145","US",2023,301,26.5,24,29.3,2,"2022-2024",26.65
"6146","US",2023,302,26.4,23.7,29.3,2,"2022-2024",26.5
"6147","US",2023,303,26.3,21.9,29.9,2,"2022-2024",25.9
"6148","US",2023,304,26.7,21.9,31.9,2,"2022-2024",26.9
"6149","US",2023,305,25.9,22.1,31.9,2,"2022-2024",27
"6150","US",2023,306,23.9,20.5,28.9,2,"2022-2024",24.7
"6151","US",2023,307,25.4,23.9,28,2,"2022-2024",25.95
"6152","US",2023,308,25.1,22.6,28,2,"2022-2024",25.3
"6153","US",2023,309,24.1,21.3,28.5,2,"2022-2024",24.9
"6154","US",2023,310,22.1,16.9,28.6,2,"2022-2024",22.75
"6155","US",2023,311,24.5,16.9,28.8,2,"2022-2024",22.85
"6156","US",2023,312,24.1,20.3,28.8,2,"2022-2024",24.55
"6157","US",2023,313,25.7,20.9,29.2,2,"2022-2024",25.05
"6158","US",2023,314,26.6,21.8,29.7,2,"2022-2024",25.75
"6159","US",2023,315,27.3,23.9,29.8,2,"2022-2024",26.85
"6160","US",2023,316,26.6,24.1,29.8,2,"2022-2024",26.95
"6161","US",2023,317,25.9,22.9,29.6,2,"2022-2024",26.25
"6162","US",2023,318,25.7,22.9,29.6,2,"2022-2024",26.25
"6163","US",2023,319,24.7,22.7,27.5,2,"2022-2024",25.1
"6164","US",2023,320,24.1,21,27,2,"2022-2024",24
"6165","US",2023,321,24.3,20.9,28.9,2,"2022-2024",24.9
"6166","US",2023,322,23.4,21,26,2,"2022-2024",23.5
"6167","US",2023,323,23.2,19.1,28.8,2,"2022-2024",23.95
"6168","US",2023,324,23.9,19.1,28.8,2,"2022-2024",23.95
"6169","US",2023,325,25.7,19.8,28.2,2,"2022-2024",24
"6170","US",2023,326,25.1,20,29.3,2,"2022-2024",24.65
"6171","US",2023,327,24.1,20,29.3,2,"2022-2024",24.65
"6172","US",2023,328,23.4,21.2,27.8,2,"2022-2024",24.5
"6173","US",2023,329,24.3,21.2,28.2,2,"2022-2024",24.7
"6174","US",2023,330,25.3,22,28.5,2,"2022-2024",25.25
"6175","US",2023,331,24.3,21.7,28.5,2,"2022-2024",25.1
"6176","US",2023,332,20.9,16.9,27.1,2,"2022-2024",22
"6177","US",2023,333,19,15.1,24.9,2,"2022-2024",20
"6178","US",2023,334,21.3,15.1,26.5,2,"2022-2024",20.8
"6179","US",2023,335,24,19.6,28.1,2,"2022-2024",23.85
"6180","US",2023,336,25.8,19.5,29.4,2,"2022-2024",24.45
"6181","US",2023,337,25.6,21.8,30.5,2,"2022-2024",26.15
"6182","US",2023,338,24.7,19.2,30.6,2,"2022-2024",24.9
"6183","US",2023,339,24.4,19.2,30.6,2,"2022-2024",24.9
"6184","US",2023,340,19.2,16.1,29.1,2,"2022-2024",22.6
"6185","US",2023,341,17.7,12.7,24.5,2,"2022-2024",18.6
"6186","US",2023,342,22.4,12.7,26.1,2,"2022-2024",19.4
"6187","US",2023,343,24.6,19.5,27.4,2,"2022-2024",23.45
"6188","US",2023,344,24.9,21.9,28.4,2,"2022-2024",25.15
"6189","US",2023,345,21.7,19,28.4,2,"2022-2024",23.7
"6190","US",2023,346,19.1,15.4,24.3,2,"2022-2024",19.85
"6191","US",2023,347,23.3,15.3,24.9,2,"2022-2024",20.1
"6192","US",2023,348,22.9,21,24,2,"2022-2024",22.5
"6193","US",2023,349,21.9,20,23.3,2,"2022-2024",21.65
"6194","US",2023,350,23.2,21,25,2,"2022-2024",23
"6195","US",2023,351,24.1,20.8,26.1,2,"2022-2024",23.45
"6196","US",2023,352,19.1,14.7,26.1,2,"2022-2024",20.4
"6197","US",2023,353,17.2,12.1,23.8,2,"2022-2024",17.95
"6198","US",2023,354,17.9,12.1,22.7,2,"2022-2024",17.4
"6199","US",2023,355,21.6,13,24.8,2,"2022-2024",18.9
"6200","US",2023,356,20.8,17.2,24.8,2,"2022-2024",21
"6201","US",2023,357,21.3,17.2,25.5,2,"2022-2024",21.35
"6202","US",2023,358,22.8,19,25.5,2,"2022-2024",22.25
"6203","US",2023,359,23.4,21.8,25,2,"2022-2024",23.4
"6204","US",2023,360,24.7,22,29,2,"2022-2024",25.5
"6205","US",2023,361,21.7,18,28.8,2,"2022-2024",23.4
"6206","US",2023,362,18.4,14.7,25.3,2,"2022-2024",20
"6207","US",2023,363,18.1,14.7,21.6,2,"2022-2024",18.15
"6208","US",2023,364,16.6,14,21.6,2,"2022-2024",17.8
"6209","US",2023,365,16,11.2,21.8,2,"2022-2024",16.5
"6210","US",2024,1,16.4,11.2,23.3,2,"2022-2024",17.25
"6211","US",2024,2,16.6,11.5,23.3,2,"2022-2024",17.4
"6212","US",2024,3,17.1,12,23.5,2,"2022-2024",17.75
"6213","US",2024,4,19.9,12.1,26.5,2,"2022-2024",19.3
"6214","US",2024,5,20.9,14.1,26.5,2,"2022-2024",20.3
"6215","US",2024,6,24.1,16.2,27.2,2,"2022-2024",21.7
"6216","US",2024,7,21.5,17.7,27.2,2,"2022-2024",22.45
"6217","US",2024,8,20.2,15.6,23.8,2,"2022-2024",19.7
"6218","US",2024,9,24.6,22.6,27,2,"2022-2024",24.8
"6219","US",2024,10,21.4,17.5,27,2,"2022-2024",22.25
"6220","US",2024,11,19.7,17.5,25.5,2,"2022-2024",21.5
"6221","US",2024,12,24.7,18,29.4,2,"2022-2024",23.7
"6222","US",2024,13,25.4,21.8,29.4,2,"2022-2024",25.6
"6223","US",2024,14,21.6,19.4,29.1,2,"2022-2024",24.25
"6224","US",2024,15,24.3,19.1,28,2,"2022-2024",23.55
"6225","US",2024,16,24.9,22.4,29,2,"2022-2024",25.7
"6226","US",2024,17,21.9,18.6,28.6,2,"2022-2024",23.6
"6227","US",2024,18,23.9,18.6,27.2,2,"2022-2024",22.9
"6228","US",2024,19,22.4,20,26,2,"2022-2024",23
"6229","US",2024,20,21.1,17.9,26.3,2,"2022-2024",22.1
"6230","US",2024,21,16.3,11.6,23.7,2,"2022-2024",17.65
"6231","US",2024,22,20.9,11.6,24.4,2,"2022-2024",18
"6232","US",2024,23,23.1,19.1,26.2,2,"2022-2024",22.65
"6233","US",2024,24,24.3,21.2,27.2,2,"2022-2024",24.2
"6234","US",2024,25,24.7,21.9,27.2,2,"2022-2024",24.55
"6235","US",2024,26,24.1,21.1,27.3,2,"2022-2024",24.2
"6236","US",2024,27,24.6,22,28,2,"2022-2024",25
"6237","US",2024,28,24.2,20,29,2,"2022-2024",24.5
"6238","US",2024,29,17.4,12.5,29.7,2,"2022-2024",21.1
"6239","US",2024,30,15.7,10.7,22.9,2,"2022-2024",16.8
"6240","US",2024,31,16.7,10.4,22.9,2,"2022-2024",16.65
"6241","US",2024,32,17.2,10.4,23.5,2,"2022-2024",16.95
"6242","US",2024,33,19.3,10.4,24.9,2,"2022-2024",17.65
"6243","US",2024,34,18.9,13.3,25.3,2,"2022-2024",19.3
"6244","US",2024,35,20.7,13.3,25.3,2,"2022-2024",19.3
"6245","US",2024,36,17.5,14.8,24.2,2,"2022-2024",19.5
"6246","US",2024,37,16.3,13.4,21.8,2,"2022-2024",17.6
"6247","US",2024,38,17.6,12.1,24,2,"2022-2024",18.05
"6248","US",2024,39,19.1,12,24.3,2,"2022-2024",18.15
"6249","US",2024,40,21.3,14.3,24.8,2,"2022-2024",19.55
"6250","US",2024,41,22.4,18.1,26,2,"2022-2024",22.05
"6251","US",2024,42,23.6,19.6,26.7,2,"2022-2024",23.15
"6252","US",2024,43,24.7,22.2,28.4,2,"2022-2024",25.3
"6253","US",2024,44,24.1,22,27.5,2,"2022-2024",24.75
"6254","US",2024,45,19.2,13.7,28,2,"2022-2024",20.85
"6255","US",2024,46,21.2,13.7,25.3,2,"2022-2024",19.5
"6256","US",2024,47,22.2,16.1,26.4,2,"2022-2024",21.25
"6257","US",2024,48,22.2,17.4,28.4,2,"2022-2024",22.9
"6258","US",2024,49,21.8,17.4,28.4,2,"2022-2024",22.9
"6259","US",2024,50,18.2,15.8,24.8,2,"2022-2024",20.3
"6260","US",2024,51,16.1,10.3,21.4,2,"2022-2024",15.85
"6261","US",2024,52,16.1,10.6,22.6,2,"2022-2024",16.6
"6262","US",2024,53,17.7,10,24.3,2,"2022-2024",17.15
"6263","US",2024,54,19.3,10.6,25.8,2,"2022-2024",18.2
"6264","US",2024,55,20.6,13,25.8,2,"2022-2024",19.4
"6265","US",2024,56,17.4,10.3,24.8,2,"2022-2024",17.55
"6266","US",2024,57,18.2,10.3,24.2,2,"2022-2024",17.25
"6267","US",2024,58,19.8,13.1,25.1,2,"2022-2024",19.1
"6268","US",2024,59,22.8,14.4,27.2,2,"2022-2024",20.8
"6269","US",2024,60,22.1,16.9,27.2,2,"2022-2024",22.05
"6270","US",2024,61,23.9,16.9,26.9,2,"2022-2024",21.9
"6271","US",2024,62,24.1,21.8,27.2,2,"2022-2024",24.5
"6272","US",2024,63,23.7,20.6,28,2,"2022-2024",24.3
"6273","US",2024,64,23.3,19.5,28.3,2,"2022-2024",23.9
"6274","US",2024,65,24.9,20.1,28.3,2,"2022-2024",24.2
"6275","US",2024,66,25.2,20.4,28.7,2,"2022-2024",24.55
"6276","US",2024,67,24.4,20.4,30.3,2,"2022-2024",25.35
"6277","US",2024,68,24.9,20.5,30.3,2,"2022-2024",25.4
"6278","US",2024,69,26.3,20.5,29.8,2,"2022-2024",25.15
"6279","US",2024,70,26.4,23.1,31.8,2,"2022-2024",27.45
"6280","US",2024,71,23,18.2,31.8,2,"2022-2024",25
"6281","US",2024,72,23.1,18.2,26.8,2,"2022-2024",22.5
"6282","US",2024,73,22.5,17.9,28,2,"2022-2024",22.95
"6283","US",2024,74,23.6,19.5,28,2,"2022-2024",23.75
"6284","US",2024,75,25.1,18.8,28.2,2,"2022-2024",23.5
"6285","US",2024,76,24.8,19.4,30.5,2,"2022-2024",24.95
"6286","US",2024,78,28.1,21.2,31.5,2,"2022-2024",26.35
"6287","US",2024,79,24.1,19.8,30.8,2,"2022-2024",25.3
"6288","US",2024,80,21.6,17.1,25.6,2,"2022-2024",21.35
"6289","US",2024,81,22.6,17.1,27.1,2,"2022-2024",22.1
"6290","US",2024,82,22.9,19.1,27.1,2,"2022-2024",23.1
"6291","US",2024,83,22.3,19.9,26,2,"2022-2024",22.95
"6292","US",2024,84,21.8,16.9,26.8,2,"2022-2024",21.85
"6293","US",2024,85,24.2,22.6,27,2,"2022-2024",24.8
"6294","US",2024,86,24.8,22.2,27.5,2,"2022-2024",24.85
"6295","US",2024,87,25.2,23.3,28,2,"2022-2024",25.65
"6296","US",2024,88,26.4,24.2,30.1,2,"2022-2024",27.15
"6297","US",2024,89,22.2,18.3,26,2,"2022-2024",22.15
"6298","US",2024,90,22.4,16.9,25.7,2,"2022-2024",21.3
"6299","US",2024,91,22.2,18,25.6,2,"2022-2024",21.8
"6300","US",2024,92,23.1,18.2,28,2,"2022-2024",23.1
"6301","US",2024,93,24.6,20.6,30,2,"2022-2024",25.3
"6302","US",2024,94,26.2,19.8,30.5,2,"2022-2024",25.15
"6303","US",2024,95,24.4,20.7,30.5,2,"2022-2024",25.6
"6304","US",2024,96,21.9,17.4,26.9,2,"2022-2024",22.15
"6305","US",2024,97,21.4,14.5,28,2,"2022-2024",21.25
"6306","US",2024,98,21.9,14.5,28,2,"2022-2024",21.25
"6307","US",2024,99,22.9,16.2,26.8,2,"2022-2024",21.5
"6308","US",2024,100,24.2,20.6,27.2,2,"2022-2024",23.9
"6309","US",2024,101,24.9,22.1,28.1,2,"2022-2024",25.1
"6310","US",2024,102,26.6,22.7,30.1,2,"2022-2024",26.4
"6311","US",2024,103,24.9,22,28.4,2,"2022-2024",25.2
"6312","US",2024,104,22.3,17.3,28.8,2,"2022-2024",23.05
"6313","US",2024,105,22.5,17.3,26.1,2,"2022-2024",21.7
"6314","US",2024,106,22.6,17.2,26.2,2,"2022-2024",21.7
"6315","US",2024,107,24.1,17.2,27.4,2,"2022-2024",22.3
"6316","US",2024,108,24.9,21.1,28,2,"2022-2024",24.55
"6317","US",2024,109,24.6,21,28,2,"2022-2024",24.5
"6318","US",2024,110,24.8,20.2,28.6,2,"2022-2024",24.4
"6319","US",2024,111,24.6,19.4,29.3,2,"2022-2024",24.35
"6320","US",2024,112,25.3,19.4,30.2,2,"2022-2024",24.8
"6321","US",2024,113,25.2,21,32,2,"2022-2024",26.5
"6322","US",2024,114,23.7,20.6,31.9,2,"2022-2024",26.25
"6323","US",2024,115,23.4,20.5,27.1,2,"2022-2024",23.8
"6324","US",2024,116,23.4,17.9,27.7,2,"2022-2024",22.8
"6325","US",2024,117,24.1,17.9,27.7,2,"2022-2024",22.8
"6326","US",2024,118,25.1,19.3,28.1,2,"2022-2024",23.7
"6327","US",2024,119,24.8,23,26.8,2,"2022-2024",24.9
"6328","US",2024,120,25.3,23.3,28.2,2,"2022-2024",25.75
"6329","US",2024,121,24.7,21.6,28.2,2,"2022-2024",24.9
"6330","US",2024,122,24.9,22,29,2,"2022-2024",25.5
"6331","US",2024,123,26.2,24.4,29,2,"2022-2024",26.7
"6332","US",2024,124,26.3,24.5,29,2,"2022-2024",26.75
"6333","US",2024,125,26.6,24.5,29,2,"2022-2024",26.75
"6334","US",2024,126,26.6,25,29,2,"2022-2024",27
"6335","US",2024,127,26.8,24.8,29.1,2,"2022-2024",26.95
"6336","US",2024,128,26.8,24.3,30,2,"2022-2024",27.15
"6337","US",2024,129,27.2,23,30.1,2,"2022-2024",26.55
"6338","US",2024,130,27.4,23,30.6,2,"2022-2024",26.8
"6339","US",2024,131,27.6,22.2,33.5,2,"2022-2024",27.85
"6340","US",2024,132,28.2,22.2,34.7,2,"2022-2024",28.45
"6341","US",2024,133,27.8,22.6,34.7,2,"2022-2024",28.65
"6342","US",2024,134,28.4,24,31.6,2,"2022-2024",27.8
"6343","US",2024,135,29.2,25.9,32.4,2,"2022-2024",29.15
"6344","US",2024,136,30.1,26.7,34.7,2,"2022-2024",30.7
"6345","US",2024,137,30.4,26.9,35.3,2,"2022-2024",31.1
"6346","US",2024,138,29,24.4,35.3,2,"2022-2024",29.85
"6347","US",2024,139,29.8,26.1,34.6,2,"2022-2024",30.35
"6348","US",2024,140,33.7,32.2,35,2,"2022-2024",33.6
"6349","US",2024,141,29.8,24.1,34.1,2,"2022-2024",29.1
"6350","US",2024,142,27.2,23,32,2,"2022-2024",27.5
"6351","US",2024,143,27.3,23.2,31.8,2,"2022-2024",27.5
"6352","US",2024,144,27.8,23.5,31.2,2,"2022-2024",27.35
"6353","US",2024,145,27.7,23,31.6,2,"2022-2024",27.3
"6354","US",2024,146,28.1,24,33,2,"2022-2024",28.5
"6355","US",2024,147,29.3,23.6,34.3,2,"2022-2024",28.95
"6356","US",2024,148,29.3,23.9,34.3,2,"2022-2024",29.1
"6357","US",2024,149,28.8,24.1,34.2,2,"2022-2024",29.15
"6358","US",2024,150,28.3,24,33.6,2,"2022-2024",28.8
"6359","US",2024,151,28.2,24,33.1,2,"2022-2024",28.55
"6360","US",2024,152,28.9,24.1,33,2,"2022-2024",28.55
"6361","US",2024,153,28.3,24.7,31.7,2,"2022-2024",28.2
"6362","US",2024,154,26.6,23.8,30.7,2,"2022-2024",27.25
"6363","US",2024,155,26.8,23.3,30.2,2,"2022-2024",26.75
"6364","US",2024,156,27.3,23.1,30.9,2,"2022-2024",27
"6365","US",2024,157,28.3,23.1,31.9,2,"2022-2024",27.5
"6366","US",2024,158,29.4,24.6,32.9,2,"2022-2024",28.75
"6367","US",2024,159,28,25,34,2,"2022-2024",29.5
"6368","US",2024,160,28.4,24.4,33.7,2,"2022-2024",29.05
"6369","US",2024,161,28.1,24.8,33.3,2,"2022-2024",29.05
"6370","US",2024,162,28.7,24.8,33.3,2,"2022-2024",29.05
"6371","US",2024,163,27.9,25.2,33.3,2,"2022-2024",29.25
"6372","US",2024,164,26.7,23,29.1,2,"2022-2024",26.05
"6373","US",2024,165,26.7,23,30.8,2,"2022-2024",26.9
"6374","US",2024,166,27.2,24,31,2,"2022-2024",27.5
"6375","US",2024,167,26.9,24.1,30.8,2,"2022-2024",27.45
"6376","US",2024,168,29.1,25.4,32.2,2,"2022-2024",28.8
"6377","US",2024,169,29.1,26.5,32.2,2,"2022-2024",29.35
"6378","US",2024,170,29.4,27.3,31,2,"2022-2024",29.15
"6379","US",2024,171,29.2,27.6,31.2,2,"2022-2024",29.4
"6380","US",2024,172,28.9,25.4,31.4,2,"2022-2024",28.4
"6381","US",2024,173,29.1,25.4,32.3,2,"2022-2024",28.85
"6382","US",2024,174,28.7,24.8,32.3,2,"2022-2024",28.55
"6383","US",2024,175,27.3,24.8,32.3,2,"2022-2024",28.55
"6384","US",2024,176,27.2,24,31,2,"2022-2024",27.5
"6385","US",2024,177,26.4,24.1,31.9,2,"2022-2024",28
"6386","US",2024,178,27.8,22.9,33.4,2,"2022-2024",28.15
"6387","US",2024,179,27.7,22.9,33.4,2,"2022-2024",28.15
"6388","US",2024,180,29.4,24.9,33.2,2,"2022-2024",29.05
"6389","US",2024,181,29.8,25.3,33.2,2,"2022-2024",29.25
"6390","US",2024,182,27.7,25,32.8,2,"2022-2024",28.9
"6391","US",2024,183,27.2,25,30.2,2,"2022-2024",27.6
"6392","US",2024,184,29.5,25.3,33.6,2,"2022-2024",29.45
"6393","US",2024,185,30.1,26.8,33.6,2,"2022-2024",30.2
"6394","US",2024,186,30.1,27.8,32.7,2,"2022-2024",30.25
"6395","US",2024,187,29.7,26.5,33.1,2,"2022-2024",29.8
"6396","US",2024,188,29.1,26.4,33.1,2,"2022-2024",29.75
"6397","US",2024,189,30.1,26.4,34,2,"2022-2024",30.2
"6398","US",2024,190,30.3,26.7,34,2,"2022-2024",30.35
"6399","US",2024,191,30.2,26.8,33.8,2,"2022-2024",30.3
"6400","US",2024,192,29.3,26.2,33.8,2,"2022-2024",30
"6401","US",2024,193,28.1,25.2,33,2,"2022-2024",29.1
"6402","US",2024,194,27.4,25.2,32.7,2,"2022-2024",28.95
"6403","US",2024,195,27.7,25,31.9,2,"2022-2024",28.45
"6404","US",2024,196,29.2,25,32.2,2,"2022-2024",28.6
"6405","US",2024,197,29.1,24.7,32.7,2,"2022-2024",28.7
"6406","US",2024,198,29.2,25.5,32.4,2,"2022-2024",28.95
"6407","US",2024,199,30.1,25.7,32.7,2,"2022-2024",29.2
"6408","US",2024,200,30.2,27.8,33.2,2,"2022-2024",30.5
"6409","US",2024,201,30,26.7,33.5,2,"2022-2024",30.1
"6410","US",2024,202,30.6,27.4,33.4,2,"2022-2024",30.4
"6411","US",2024,203,30.6,27.4,33.4,2,"2022-2024",30.4
"6412","US",2024,204,28.1,24.7,33,2,"2022-2024",28.85
"6413","US",2024,205,29.4,24.7,32.6,2,"2022-2024",28.65
"6414","US",2024,206,30.2,26.6,33,2,"2022-2024",29.8
"6415","US",2024,207,29.6,26,32.3,2,"2022-2024",29.15
"6416","US",2024,208,29.6,25,33,2,"2022-2024",29
"6417","US",2024,209,29.7,24.7,33.1,2,"2022-2024",28.9
"6418","US",2024,210,29.6,25.8,33.5,2,"2022-2024",29.65
"6419","US",2024,211,27.8,25.4,33.7,2,"2022-2024",29.55
"6420","US",2024,212,27.6,24.8,33.7,2,"2022-2024",29.25
"6421","US",2024,213,29.1,24.9,33.4,2,"2022-2024",29.15
"6422","US",2024,214,30.6,25.2,33.4,2,"2022-2024",29.3
"6423","US",2024,215,30.7,28.4,33.4,2,"2022-2024",30.9
"6424","US",2024,216,28.1,23.7,33.4,2,"2022-2024",28.55
"6425","US",2024,217,28.6,23.7,32.3,2,"2022-2024",28
"6426","US",2024,218,29.3,24.1,33.1,2,"2022-2024",28.6
"6427","US",2024,219,29.2,26.7,33.1,2,"2022-2024",29.9
"6428","US",2024,220,29.8,26.1,34.7,2,"2022-2024",30.4
"6429","US",2024,221,29.2,26,34.7,2,"2022-2024",30.35
"6430","US",2024,222,28.3,24.6,33.3,2,"2022-2024",28.95
"6431","US",2024,223,28.7,24.5,33.8,2,"2022-2024",29.15
"6432","US",2024,224,29.8,24.5,33.8,2,"2022-2024",29.15
"6433","US",2024,225,29.7,26.7,33,2,"2022-2024",29.85
"6434","US",2024,226,30.2,26.4,33.6,2,"2022-2024",30
"6435","US",2024,227,30,26.8,33.6,2,"2022-2024",30.2
"6436","US",2024,228,28.8,25.4,35,2,"2022-2024",30.2
"6437","US",2024,229,27.8,25.4,35,2,"2022-2024",30.2
"6438","US",2024,230,28.8,25.6,31.8,2,"2022-2024",28.7
"6439","US",2024,231,27.9,24.8,32,2,"2022-2024",28.4
"6440","US",2024,232,27.6,24.8,32.4,2,"2022-2024",28.6
"6441","US",2024,233,29.3,25.8,34.1,2,"2022-2024",29.95
"6442","US",2024,234,28.6,24.9,34.1,2,"2022-2024",29.5
"6443","US",2024,235,27.4,24.9,33.4,2,"2022-2024",29.15
"6444","US",2024,236,28.1,25.3,32.9,2,"2022-2024",29.1
"6445","US",2024,237,27.9,25.7,32.4,2,"2022-2024",29.05
"6446","US",2024,238,28.3,24.9,32.3,2,"2022-2024",28.6
"6447","US",2024,239,29.4,24.9,32.3,2,"2022-2024",28.6
"6448","US",2024,240,29.4,26.6,32.3,2,"2022-2024",29.45
"6449","US",2024,241,29,26.4,32.7,2,"2022-2024",29.55
"6450","US",2024,242,28.4,24.4,32.3,2,"2022-2024",28.35
"6451","US",2024,243,28,24.4,31.9,2,"2022-2024",28.15
"6452","US",2024,244,28.1,24.5,31.9,2,"2022-2024",28.2
"6453","US",2024,245,27.3,23.8,31.7,2,"2022-2024",27.75
"6454","US",2024,246,28.5,23.8,32.1,2,"2022-2024",27.95
"6455","US",2024,247,29.1,25.7,32.3,2,"2022-2024",29
"6456","US",2024,248,29.6,25.7,33,2,"2022-2024",29.35
"6457","US",2024,249,29.8,26,32.3,2,"2022-2024",29.15
"6458","US",2024,250,29.4,26.1,32.6,2,"2022-2024",29.35
"6459","US",2024,251,29.6,26,32.8,2,"2022-2024",29.4
"6460","US",2024,252,30,25.9,33.1,2,"2022-2024",29.5
"6461","US",2024,253,29.4,24.8,33.6,2,"2022-2024",29.2
"6462","US",2024,254,28.1,24.8,33.6,2,"2022-2024",29.2
"6463","US",2024,255,27.8,26.2,33.6,2,"2022-2024",29.9
"6464","US",2024,256,28.1,24.7,33.3,2,"2022-2024",29
"6465","US",2024,257,29,25,34,2,"2022-2024",29.5
"6466","US",2024,258,28.9,25.9,34,2,"2022-2024",29.95
"6467","US",2024,259,28.9,26.5,33.8,2,"2022-2024",30.15
"6468","US",2024,260,28.2,24.2,34.6,2,"2022-2024",29.4
"6469","US",2024,261,28.1,24.2,34.6,2,"2022-2024",29.4
"6470","US",2024,262,27.8,23.8,33.9,2,"2022-2024",28.85
"6471","US",2024,263,28,24.6,33.9,2,"2022-2024",29.25
"6472","US",2024,264,27.8,24.6,32.6,2,"2022-2024",28.6
"6473","US",2024,265,28.1,24.6,32.6,2,"2022-2024",28.6
"6474","US",2024,266,28.3,24.6,32.6,2,"2022-2024",28.6
"6475","US",2024,267,28.9,24.7,32.6,2,"2022-2024",28.65
"6476","US",2024,268,29.8,25.3,32.8,2,"2022-2024",29.05
"6477","US",2024,269,28.6,24.4,32.8,2,"2022-2024",28.6
"6478","US",2024,270,29.5,24.4,32.1,2,"2022-2024",28.25
"6479","US",2024,271,29.7,26,32.7,2,"2022-2024",29.35
"6480","US",2024,272,29.9,27.2,33.6,2,"2022-2024",30.4
"6481","US",2024,273,29.1,25.8,33.6,2,"2022-2024",29.7
"6482","US",2024,274,29.2,25.8,33.3,2,"2022-2024",29.55
"6483","US",2024,275,29.3,26.2,32.8,2,"2022-2024",29.5
"6484","US",2024,276,28.5,24.3,33.2,2,"2022-2024",28.75
"6485","US",2024,277,28.4,24.3,33.2,2,"2022-2024",28.75
"6486","US",2024,278,29.4,24.9,32.4,2,"2022-2024",28.65
"6487","US",2024,279,26.7,24,29,2,"2022-2024",26.5
"6488","US",2024,280,25.6,24,28.8,2,"2022-2024",26.4
"6489","US",2024,281,25.7,24,28.6,2,"2022-2024",26.3
"6490","US",2024,282,25.8,24.4,29.4,2,"2022-2024",26.9
"6491","US",2024,283,28.9,24.5,31.9,2,"2022-2024",28.2
"6492","US",2024,284,28.2,25,30.7,2,"2022-2024",27.85
"6493","US",2024,285,25.8,23.3,31,2,"2022-2024",27.15
"6494","US",2024,286,25.1,23.3,31,2,"2022-2024",27.15
"6495","US",2024,287,26.1,23.7,29.6,2,"2022-2024",26.65
"6496","US",2024,288,26.7,23.9,31,2,"2022-2024",27.45
"6497","US",2024,289,26.9,23.9,31,2,"2022-2024",27.45
"6498","US",2024,290,26.1,23.6,30.4,2,"2022-2024",27
"6499","US",2024,291,24.4,21.4,30.4,2,"2022-2024",25.9
"6500","US",2024,292,24.8,21.4,28,2,"2022-2024",24.7
"6501","US",2024,293,25.8,23.5,28.6,2,"2022-2024",26.05
"6502","US",2024,294,25.9,22.1,30,2,"2022-2024",26.05
"6503","US",2024,295,25.5,22.7,30,2,"2022-2024",26.35
"6504","US",2024,296,26.4,22.6,30.2,2,"2022-2024",26.4
"6505","US",2024,297,26.3,23.2,30.6,2,"2022-2024",26.9
"6506","US",2024,298,25.3,22,30.6,2,"2022-2024",26.3
"6507","US",2024,299,26.3,21.9,30,2,"2022-2024",25.95
"6508","US",2024,300,26.2,21.2,29.6,2,"2022-2024",25.4
"6509","US",2024,301,25.5,21.2,29.5,2,"2022-2024",25.35
"6510","US",2024,302,25.7,22.2,28.2,2,"2022-2024",25.2
"6511","US",2024,303,26.5,22.9,29.5,2,"2022-2024",26.2
"6512","US",2024,304,27.1,24.8,29.8,2,"2022-2024",27.3
"6513","US",2024,305,26.8,24.8,29.8,2,"2022-2024",27.3
"6514","US",2024,306,27,25,29.6,2,"2022-2024",27.3
"6515","US",2024,307,26.8,24,30,2,"2022-2024",27
"6516","US",2024,308,26.9,24,30,2,"2022-2024",27
"6517","US",2024,309,26.3,23.5,29.7,2,"2022-2024",26.6
"6518","US",2024,310,27.3,25,30,2,"2022-2024",27.5
"6519","US",2024,311,27.9,25.3,30.4,2,"2022-2024",27.85
"6520","US",2024,312,28,26.9,30.4,2,"2022-2024",28.65
"6521","US",2024,313,27.4,25,30,2,"2022-2024",27.5
"6522","US",2024,314,26.9,25.2,30,2,"2022-2024",27.6
"6523","US",2024,315,26.9,25.5,29.7,2,"2022-2024",27.6
"6524","US",2024,316,26.2,22.5,29.7,2,"2022-2024",26.1
"6525","US",2024,317,27.1,22.5,30.2,2,"2022-2024",26.35
"6526","US",2024,318,26.9,24.3,30.2,2,"2022-2024",27.25
"6527","US",2024,319,25.9,23.2,29.3,2,"2022-2024",26.25
"6528","US",2024,320,24.5,20.5,29.9,2,"2022-2024",25.2
"6529","US",2024,321,23.7,19.6,29.9,2,"2022-2024",24.75
"6530","US",2024,322,24.6,19.6,27.4,2,"2022-2024",23.5
"6531","US",2024,323,25,23.6,27,2,"2022-2024",25.3
"6532","US",2024,324,25.3,23.1,28,2,"2022-2024",25.55
"6533","US",2024,325,24.8,20.8,29,2,"2022-2024",24.9
"6534","US",2024,326,24,21.6,26.2,2,"2022-2024",23.9
"6535","US",2024,327,18.2,12.3,26.2,2,"2022-2024",19.25
"6536","US",2024,328,16.9,10.7,25,2,"2022-2024",17.85
"6537","US",2024,329,17.8,10.7,25.1,2,"2022-2024",17.9
"6538","US",2024,330,21.3,13,27.3,2,"2022-2024",20.15
"6539","US",2024,331,22.4,16.4,28.5,2,"2022-2024",22.45
"6540","US",2024,332,22.1,17.3,28.5,2,"2022-2024",22.9
"6541","US",2024,333,22.1,17.2,28.8,2,"2022-2024",23
"6542","US",2024,334,23.2,17.2,29.6,2,"2022-2024",23.4
"6543","US",2024,335,23,18.6,26.4,2,"2022-2024",22.5
"6544","US",2024,336,20.7,16.6,24.3,2,"2022-2024",20.45
"6545","US",2024,337,18.9,13.8,25,2,"2022-2024",19.4
"6546","US",2024,338,17.3,13.3,24.1,2,"2022-2024",18.7
"6547","US",2024,339,16.3,10.7,23.7,2,"2022-2024",17.2
"6548","US",2024,340,19.3,10.7,25.3,2,"2022-2024",18
"6549","US",2024,341,20.6,14.2,27.3,2,"2022-2024",20.75
"6550","US",2024,342,20,14.8,27.3,2,"2022-2024",21.05
"6551","US",2024,343,20.6,14.6,26.2,2,"2022-2024",20.4
"6552","US",2024,344,21.9,14.6,26.1,2,"2022-2024",20.35
"6553","US",2024,345,21.9,16.4,26.5,2,"2022-2024",21.45
"6554","US",2024,346,24.9,17.2,29.3,2,"2022-2024",23.25
"6555","US",2024,347,19.1,13.7,29.3,2,"2022-2024",21.5
"6556","US",2024,348,22.3,13.7,25.6,2,"2022-2024",19.65
"6557","US",2024,349,21.8,20.2,25.6,2,"2022-2024",22.9
"6558","US",2024,350,23.9,20.6,26.7,2,"2022-2024",23.65
"6559","US",2024,351,24.2,21.3,28,2,"2022-2024",24.65
"6560","US",2024,352,25.2,21.3,28,2,"2022-2024",24.65
"6561","US",2024,353,26.2,24,28,2,"2022-2024",26
"6562","US",2024,354,24.9,21,29,2,"2022-2024",25
"6563","US",2024,355,23.9,20,28,2,"2022-2024",24
"6564","US",2024,358,22.7,16,26,2,"2022-2024",21
"6565","US",2024,359,20.4,16.1,26.6,2,"2022-2024",21.35
"6566","US",2024,360,21.8,17.9,27,2,"2022-2024",22.45
"6567","US",2024,361,23.4,17.4,27,2,"2022-2024",22.2
"6568","US",2024,362,24,20,27,2,"2022-2024",23.5
"6569","US",2024,363,24.4,22.1,26.7,2,"2022-2024",24.4
"6570","US",2024,364,22.8,21.5,26.7,2,"2022-2024",24.1
"6571","US",2024,365,23,18.5,28.1,2,"2022-2024",23.3
"6572","US",2024,366,23.4,18.5,28.6,2,"2022-2024",23.55
"6573","BN",1982,1,28.3,24.6,31,1,"1982-1984",27.8
"6574","BN",1982,2,28.5,26,30.8,1,"1982-1984",28.4
"6575","BN",1982,3,28.1,24.6,31.2,1,"1982-1984",27.9
"6576","BN",1982,4,29,25.5,31.6,1,"1982-1984",28.55
"6577","BN",1982,5,28,25.5,33.1,1,"1982-1984",29.3
"6578","BN",1982,6,25.4,20.4,32,1,"1982-1984",26.2
"6579","BN",1982,7,23.1,20,28.7,1,"1982-1984",24.35
"6580","BN",1982,9,26.7,20,33,1,"1982-1984",26.5
"6581","BN",1982,10,27.3,19.9,33.7,1,"1982-1984",26.8
"6582","BN",1982,11,26.6,23.4,32.2,1,"1982-1984",27.8
"6583","BN",1982,12,26,21.3,29.7,1,"1982-1984",25.5
"6584","BN",1982,13,26.2,21.2,29.8,1,"1982-1984",25.5
"6585","BN",1982,14,27.7,26.7,30.2,1,"1982-1984",28.45
"6586","BN",1982,15,28.3,27,31.2,1,"1982-1984",29.1
"6587","BN",1982,16,28.5,27,31.2,1,"1982-1984",29.1
"6588","BN",1982,17,28.8,26.5,31.5,1,"1982-1984",29
"6589","BN",1982,18,28.5,27,30.6,1,"1982-1984",28.8
"6590","BN",1982,19,27.6,24.7,30.5,1,"1982-1984",27.6
"6591","BN",1982,20,28.8,26.9,31,1,"1982-1984",28.95
"6592","BN",1982,21,27.6,27.3,28,1,"1982-1984",27.65
"6593","BN",1982,22,27.7,24.6,31,1,"1982-1984",27.8
"6594","BN",1982,23,27.8,23.2,34.7,1,"1982-1984",28.95
"6595","BN",1982,24,28.6,24.8,32,1,"1982-1984",28.4
"6596","BN",1982,25,27.8,23.5,34.5,1,"1982-1984",29
"6597","BN",1982,26,27.1,23.6,33.7,1,"1982-1984",28.65
"6598","BN",1982,27,27.4,21.8,35.5,1,"1982-1984",28.65
"6599","BN",1982,28,27.2,21.7,30.1,1,"1982-1984",25.9
"6600","BN",1982,29,26.8,22.9,30.5,1,"1982-1984",26.7
"6601","BN",1982,30,28.5,26.5,30,1,"1982-1984",28.25
"6602","BN",1982,31,27.7,24.5,30.7,1,"1982-1984",27.6
"6603","BN",1982,32,27.7,24.2,31,1,"1982-1984",27.6
"6604","BN",1982,33,28.8,27,31.2,1,"1982-1984",29.1
"6605","BN",1982,34,28,25,31.5,1,"1982-1984",28.25
"6606","BN",1982,35,28.4,26.3,31.3,1,"1982-1984",28.8
"6607","BN",1982,36,29.1,26.5,38.8,1,"1982-1984",32.65
"6608","BN",1982,37,28.8,25.2,31.8,1,"1982-1984",28.5
"6609","BN",1982,38,28.8,26,31.5,1,"1982-1984",28.75
"6610","BN",1982,39,28,24.7,34.5,1,"1982-1984",29.6
"6611","BN",1982,40,26.9,23,31.4,1,"1982-1984",27.2
"6612","BN",1982,41,28.1,23.4,32.5,1,"1982-1984",27.95
"6613","BN",1982,42,28.3,22.9,34,1,"1982-1984",28.45
"6614","BN",1982,43,28.5,25.4,30.9,1,"1982-1984",28.15
"6615","BN",1982,44,28.7,27.1,31,1,"1982-1984",29.05
"6616","BN",1982,45,29.3,27.5,31.5,1,"1982-1984",29.5
"6617","BN",1982,46,28.4,23.6,31.6,1,"1982-1984",27.6
"6618","BN",1982,47,26.4,22.1,31,1,"1982-1984",26.55
"6619","BN",1982,48,29,28,31.1,1,"1982-1984",29.55
"6620","BN",1982,49,29.4,27.3,32.6,1,"1982-1984",29.95
"6621","BN",1982,50,28.9,25.8,32,1,"1982-1984",28.9
"6622","BN",1982,51,27.4,23,31.5,1,"1982-1984",27.25
"6623","BN",1982,52,29.5,28,32,1,"1982-1984",30
"6624","BN",1982,53,26.8,23.1,29.5,1,"1982-1984",26.3
"6625","BN",1982,54,29.8,27.8,36.6,1,"1982-1984",32.2
"6626","BN",1982,55,29.2,27.7,32,1,"1982-1984",29.85
"6627","BN",1982,56,28.3,24.8,31,1,"1982-1984",27.9
"6628","BN",1982,57,27.8,23.6,31,1,"1982-1984",27.3
"6629","BN",1982,58,26.8,22.8,31,1,"1982-1984",26.9
"6630","BN",1982,59,29.3,28,31,1,"1982-1984",29.5
"6631","BN",1982,60,28.9,26.5,31.6,1,"1982-1984",29.05
"6632","BN",1982,61,27.7,24.4,31,1,"1982-1984",27.7
"6633","BN",1982,62,28.2,24.5,32.5,1,"1982-1984",28.5
"6634","BN",1982,63,28.4,25,34.5,1,"1982-1984",29.75
"6635","BN",1982,64,28.3,23.7,32.4,1,"1982-1984",28.05
"6636","BN",1982,65,28.7,24.9,31.5,1,"1982-1984",28.2
"6637","BN",1982,66,29.3,27.8,31.7,1,"1982-1984",29.75
"6638","BN",1982,67,29.3,26.1,31.7,1,"1982-1984",28.9
"6639","BN",1982,68,29.4,26.6,32,1,"1982-1984",29.3
"6640","BN",1982,69,29.9,28.5,32.4,1,"1982-1984",30.45
"6641","BN",1982,70,29.6,28.6,31.5,1,"1982-1984",30.05
"6642","BN",1982,71,29.1,27.8,31.8,1,"1982-1984",29.8
"6643","BN",1982,72,27.9,24.8,31.5,1,"1982-1984",28.15
"6644","BN",1982,73,30,28.2,32.6,1,"1982-1984",30.4
"6645","BN",1982,74,29.9,28.4,32.2,1,"1982-1984",30.3
"6646","BN",1982,75,28.3,26.9,30.3,1,"1982-1984",28.6
"6647","BN",1982,76,28.7,25.1,31,1,"1982-1984",28.05
"6648","BN",1982,77,27.4,23.5,30.5,1,"1982-1984",27
"6649","BN",1982,78,28.9,26.5,31.9,1,"1982-1984",29.2
"6650","BN",1982,79,28.9,27.3,31.1,1,"1982-1984",29.2
"6651","BN",1982,80,29.5,27.8,32,1,"1982-1984",29.9
"6652","BN",1982,81,28.8,25.9,32.5,1,"1982-1984",29.2
"6653","BN",1982,82,27,24.4,32.2,1,"1982-1984",28.3
"6654","BN",1982,83,26.9,23.9,29.3,1,"1982-1984",26.6
"6655","BN",1982,84,29.2,27.7,32,1,"1982-1984",29.85
"6656","BN",1982,85,29.6,28,32.2,1,"1982-1984",30.1
"6657","BN",1982,86,29.4,28.5,32.2,1,"1982-1984",30.35
"6658","BN",1982,87,28.4,24.8,32,1,"1982-1984",28.4
"6659","BN",1982,88,30.1,28.5,32.8,1,"1982-1984",30.65
"6660","BN",1982,89,29.3,27,31.5,1,"1982-1984",29.25
"6661","BN",1982,90,29.8,27.4,32.8,1,"1982-1984",30.1
"6662","BN",1982,91,29.7,26,32.5,1,"1982-1984",29.25
"6663","BN",1982,92,30.3,28.6,33,1,"1982-1984",30.8
"6664","BN",1982,93,29.8,28.7,32.9,1,"1982-1984",30.8
"6665","BN",1982,94,30.2,28.6,33.2,1,"1982-1984",30.9
"6666","BN",1982,95,29.9,28.6,32.8,1,"1982-1984",30.7
"6667","BN",1982,96,30.1,28.3,32.6,1,"1982-1984",30.45
"6668","BN",1982,97,29,26,32.5,1,"1982-1984",29.25
"6669","BN",1982,98,30.1,28.7,32.8,1,"1982-1984",30.75
"6670","BN",1982,99,27.4,24.1,29.6,1,"1982-1984",26.85
"6671","BN",1982,100,29.1,27,31.2,1,"1982-1984",29.1
"6672","BN",1982,101,28.3,24.7,31.6,1,"1982-1984",28.15
"6673","BN",1982,102,29.7,28,32.4,1,"1982-1984",30.2
"6674","BN",1982,103,29.9,28.2,32.1,1,"1982-1984",30.15
"6675","BN",1982,104,29.7,26.5,32.9,1,"1982-1984",29.7
"6676","BN",1982,105,29,26.1,32.4,1,"1982-1984",29.25
"6677","BN",1982,106,29.2,26.1,32.4,1,"1982-1984",29.25
"6678","BN",1982,107,25.9,20,28.8,1,"1982-1984",24.4
"6679","BN",1982,108,27.2,22.7,30.5,1,"1982-1984",26.6
"6680","BN",1982,109,28.7,27.2,31.8,1,"1982-1984",29.5
"6681","BN",1982,110,29.4,28,30.6,1,"1982-1984",29.3
"6682","BN",1982,111,28.7,25.8,31.8,1,"1982-1984",28.8
"6683","BN",1982,112,27.6,22.3,30.1,1,"1982-1984",26.2
"6684","BN",1982,113,27.8,24.8,30.8,1,"1982-1984",27.8
"6685","BN",1982,114,28.8,27.7,31.1,1,"1982-1984",29.4
"6686","BN",1982,115,29.3,27.6,31.5,1,"1982-1984",29.55
"6687","BN",1982,116,27.2,23.5,29.2,1,"1982-1984",26.35
"6688","BN",1982,117,26.6,25.8,28.8,1,"1982-1984",27.3
"6689","BN",1982,118,27.6,22.8,30.8,1,"1982-1984",26.8
"6690","BN",1982,119,28.4,23.7,32,1,"1982-1984",27.85
"6691","BN",1982,120,28.2,23.6,30.6,1,"1982-1984",27.1
"6692","BN",1982,121,26.2,23,28.9,1,"1982-1984",25.95
"6693","BN",1982,122,26.8,24.2,29.4,1,"1982-1984",26.8
"6694","BN",1982,123,26.8,25.3,27.9,1,"1982-1984",26.6
"6695","BN",1982,124,27.1,24.3,31,1,"1982-1984",27.65
"6696","BN",1982,125,28.1,25.3,30.7,1,"1982-1984",28
"6697","BN",1982,126,28.9,27.5,31.4,1,"1982-1984",29.45
"6698","BN",1982,127,28.6,27,30.6,1,"1982-1984",28.8
"6699","BN",1982,128,27.3,24.8,30,1,"1982-1984",27.4
"6700","BN",1982,129,24.8,21.8,28.9,1,"1982-1984",25.35
"6701","BN",1982,130,27.5,23.2,30.4,1,"1982-1984",26.8
"6702","BN",1982,131,27.9,23.9,30,1,"1982-1984",26.95
"6703","BN",1982,132,28.7,24.8,31,1,"1982-1984",27.9
"6704","BN",1982,133,28.4,26,31,1,"1982-1984",28.5
"6705","BN",1982,134,27.9,25.8,30.4,1,"1982-1984",28.1
"6706","BN",1982,135,26.7,24.8,28.1,1,"1982-1984",26.45
"6707","BN",1982,136,26.3,23.3,30.5,1,"1982-1984",26.9
"6708","BN",1982,137,27.6,24.5,31,1,"1982-1984",27.75
"6709","BN",1982,138,28.4,25.2,31,1,"1982-1984",28.1
"6710","BN",1982,139,27.2,25.7,29.5,1,"1982-1984",27.6
"6711","BN",1982,140,27.6,23.8,30,1,"1982-1984",26.9
"6712","BN",1982,141,27.9,25.4,30.5,1,"1982-1984",27.95
"6713","BN",1982,142,28.4,25.1,30.7,1,"1982-1984",27.9
"6714","BN",1982,143,27.7,26,29.8,1,"1982-1984",27.9
"6715","BN",1982,144,27.7,23.8,30.7,1,"1982-1984",27.25
"6716","BN",1982,145,28.1,24.9,31,1,"1982-1984",27.95
"6717","BN",1982,146,27.1,25,29.6,1,"1982-1984",27.3
"6718","BN",1982,147,25.7,24,27.8,1,"1982-1984",25.9
"6719","BN",1982,148,26.6,24.2,31,1,"1982-1984",27.6
"6720","BN",1982,149,28.2,24.3,30.6,1,"1982-1984",27.45
"6721","BN",1982,150,27.2,25.5,32,1,"1982-1984",28.75
"6722","BN",1982,151,26.6,25.2,30.5,1,"1982-1984",27.85
"6723","BN",1982,152,27.3,23.5,30,1,"1982-1984",26.75
"6724","BN",1982,153,25.1,21.7,29.2,1,"1982-1984",25.45
"6725","BN",1982,154,25,23.1,26,1,"1982-1984",24.55
"6726","BN",1982,155,25.8,24.3,27.5,1,"1982-1984",25.9
"6727","BN",1982,156,26.9,23.7,29.3,1,"1982-1984",26.5
"6728","BN",1982,157,26.7,23.6,29.5,1,"1982-1984",26.55
"6729","BN",1982,158,27.7,26.4,29.8,1,"1982-1984",28.1
"6730","BN",1982,159,27.9,24.9,30,1,"1982-1984",27.45
"6731","BN",1982,161,23.9,21.8,27.6,1,"1982-1984",24.7
"6732","BN",1982,162,22.9,21.3,25.8,1,"1982-1984",23.55
"6733","BN",1982,163,27.4,26.1,30,1,"1982-1984",28.05
"6734","BN",1982,165,25.9,24.8,26.8,1,"1982-1984",25.8
"6735","BN",1982,166,26.7,24.9,28.9,1,"1982-1984",26.9
"6736","BN",1982,167,27.2,25.8,29,1,"1982-1984",27.4
"6737","BN",1982,168,26.4,24.2,28.3,1,"1982-1984",26.25
"6738","BN",1982,169,26.4,25.4,27.5,1,"1982-1984",26.45
"6739","BN",1982,170,26.3,24.6,28.2,1,"1982-1984",26.4
"6740","BN",1982,171,27.3,25.1,29.7,1,"1982-1984",27.4
"6741","BN",1982,172,26.8,26.2,28.5,1,"1982-1984",27.35
"6742","BN",1982,173,26.9,24.5,29.4,1,"1982-1984",26.95
"6743","BN",1982,174,27.3,25.8,29.7,1,"1982-1984",27.75
"6744","BN",1982,175,26.1,24.3,27.5,1,"1982-1984",25.9
"6745","BN",1982,176,26.4,25.8,29.2,1,"1982-1984",27.5
"6746","BN",1982,177,25.2,24.2,26.5,1,"1982-1984",25.35
"6747","BN",1982,178,25.2,23.7,26.7,1,"1982-1984",25.2
"6748","BN",1982,179,25,21.6,28.3,1,"1982-1984",24.95
"6749","BN",1982,180,25.8,23.7,28.7,1,"1982-1984",26.2
"6750","BN",1982,181,26.1,24.2,28,1,"1982-1984",26.1
"6751","BN",1982,182,26.7,25,28.6,1,"1982-1984",26.8
"6752","BN",1982,183,24.1,21.3,26.7,1,"1982-1984",24
"6753","BN",1982,184,23.3,21.3,25.1,1,"1982-1984",23.2
"6754","BN",1982,185,25.6,23.5,28,1,"1982-1984",25.75
"6755","BN",1982,186,25.4,24.8,26.5,1,"1982-1984",25.65
"6756","BN",1982,187,25.6,24.3,28.1,1,"1982-1984",26.2
"6757","BN",1982,188,25.1,22.9,27.2,1,"1982-1984",25.05
"6758","BN",1982,189,25.4,22.8,28.5,1,"1982-1984",25.65
"6759","BN",1982,190,25.8,24.8,27.8,1,"1982-1984",26.3
"6760","BN",1982,191,25.9,24.8,28.1,1,"1982-1984",26.45
"6761","BN",1982,192,25.4,23.6,28,1,"1982-1984",25.8
"6762","BN",1982,193,25.5,24.9,27.9,1,"1982-1984",26.4
"6763","BN",1982,194,24.8,23,25.5,1,"1982-1984",24.25
"6764","BN",1982,195,23.8,21.4,25.5,1,"1982-1984",23.45
"6765","BN",1982,196,25.7,24,28,1,"1982-1984",26
"6766","BN",1982,197,25.6,24.6,28,1,"1982-1984",26.3
"6767","BN",1982,198,25,24.3,26.4,1,"1982-1984",25.35
"6768","BN",1982,199,24.3,24,25.6,1,"1982-1984",24.8
"6769","BN",1982,200,25.1,23.8,27.2,1,"1982-1984",25.5
"6770","BN",1982,201,24.7,23.2,27,1,"1982-1984",25.1
"6771","BN",1982,202,24.4,23,27.2,1,"1982-1984",25.1
"6772","BN",1982,203,24.6,23.5,26.4,1,"1982-1984",24.95
"6773","BN",1982,204,23.6,22.9,26,1,"1982-1984",24.45
"6774","BN",1982,205,23.7,22.3,25.8,1,"1982-1984",24.05
"6775","BN",1982,206,24.2,21.9,26.5,1,"1982-1984",24.2
"6776","BN",1982,207,23.1,22,25.6,1,"1982-1984",23.8
"6777","BN",1982,208,24.2,21.6,33,1,"1982-1984",27.3
"6778","BN",1982,209,24.2,22.6,26.5,1,"1982-1984",24.55
"6779","BN",1982,210,24.1,22.4,26.1,1,"1982-1984",24.25
"6780","BN",1982,211,23.6,22.6,24.5,1,"1982-1984",23.55
"6781","BN",1982,212,24.4,22.9,27.1,1,"1982-1984",25
"6782","BN",1982,213,24.2,23,25.4,1,"1982-1984",24.2
"6783","BN",1982,214,24.6,22.2,26.3,1,"1982-1984",24.25
"6784","BN",1982,215,24.7,23.3,27.1,1,"1982-1984",25.2
"6785","BN",1982,216,23.9,23,25.7,1,"1982-1984",24.35
"6786","BN",1982,217,24.4,23.1,27,1,"1982-1984",25.05
"6787","BN",1982,218,24.4,23.1,26.6,1,"1982-1984",24.85
"6788","BN",1982,219,24.2,23.5,26.4,1,"1982-1984",24.95
"6789","BN",1982,220,24.4,23,26,1,"1982-1984",24.5
"6790","BN",1982,221,25.1,23,27.6,1,"1982-1984",25.3
"6791","BN",1982,222,23.8,23,27.3,1,"1982-1984",25.15
"6792","BN",1982,223,24.7,23.2,28.5,1,"1982-1984",25.85
"6793","BN",1982,224,24.9,22.8,27.5,1,"1982-1984",25.15
"6794","BN",1982,225,24.6,23.5,27,1,"1982-1984",25.25
"6795","BN",1982,226,25.1,23.6,27.4,1,"1982-1984",25.5
"6796","BN",1982,227,24.3,23,27,1,"1982-1984",25
"6797","BN",1982,228,24.3,22.9,27.4,1,"1982-1984",25.15
"6798","BN",1982,229,25.1,22.8,26.6,1,"1982-1984",24.7
"6799","BN",1982,230,24,23,26.6,1,"1982-1984",24.8
"6800","BN",1982,231,24.1,22.3,26.6,1,"1982-1984",24.45
"6801","BN",1982,232,24.7,23,26.8,1,"1982-1984",24.9
"6802","BN",1982,233,24.6,23.1,27,1,"1982-1984",25.05
"6803","BN",1982,234,25.6,24.8,27.5,1,"1982-1984",26.15
"6804","BN",1982,235,24.4,23,26,1,"1982-1984",24.5
"6805","BN",1982,236,24.2,23,26.5,1,"1982-1984",24.75
"6806","BN",1982,237,24.1,22.9,26,1,"1982-1984",24.45
"6807","BN",1982,238,23.7,20.4,27.1,1,"1982-1984",23.75
"6808","BN",1982,239,24.7,23.3,27.2,1,"1982-1984",25.25
"6809","BN",1982,240,25.1,23.4,27.6,1,"1982-1984",25.5
"6810","BN",1982,241,24.8,23.3,27.4,1,"1982-1984",25.35
"6811","BN",1982,242,24.9,23.3,28,1,"1982-1984",25.65
"6812","BN",1982,243,24.8,23.1,27.5,1,"1982-1984",25.3
"6813","BN",1982,244,24.4,23,27,1,"1982-1984",25
"6814","BN",1982,245,25.2,23,27.8,1,"1982-1984",25.4
"6815","BN",1982,246,25.2,23.5,28,1,"1982-1984",25.75
"6816","BN",1982,247,25.6,24,28.5,1,"1982-1984",26.25
"6817","BN",1982,248,25.2,23.8,28.4,1,"1982-1984",26.1
"6818","BN",1982,249,25.3,24.2,28.1,1,"1982-1984",26.15
"6819","BN",1982,250,25.4,23.6,28.1,1,"1982-1984",25.85
"6820","BN",1982,251,25.3,22.9,27.4,1,"1982-1984",25.15
"6821","BN",1982,252,25.6,23.8,28.5,1,"1982-1984",26.15
"6822","BN",1982,253,25.3,23,28,1,"1982-1984",25.5
"6823","BN",1982,254,24.7,23.9,27.2,1,"1982-1984",25.55
"6824","BN",1982,255,24.8,23.8,27.7,1,"1982-1984",25.75
"6825","BN",1982,256,25.3,23.6,27.9,1,"1982-1984",25.75
"6826","BN",1982,257,25.3,23.7,28.1,1,"1982-1984",25.9
"6827","BN",1982,258,24.8,22,28,1,"1982-1984",25
"6828","BN",1982,259,25.3,23,27,1,"1982-1984",25
"6829","BN",1982,260,25.3,23.7,28.5,1,"1982-1984",26.1
"6830","BN",1982,261,26.2,24.2,28.2,1,"1982-1984",26.2
"6831","BN",1982,262,25.8,24,28.6,1,"1982-1984",26.3
"6832","BN",1982,263,25.7,24.3,28.5,1,"1982-1984",26.4
"6833","BN",1982,264,26.4,24.2,28.1,1,"1982-1984",26.15
"6834","BN",1982,265,25.2,23.3,28.7,1,"1982-1984",26
"6835","BN",1982,266,26.4,24.6,29.2,1,"1982-1984",26.9
"6836","BN",1982,267,25.9,24,28.8,1,"1982-1984",26.4
"6837","BN",1982,268,25.8,24,28.5,1,"1982-1984",26.25
"6838","BN",1982,269,26.7,24.8,29.5,1,"1982-1984",27.15
"6839","BN",1982,270,26.8,23.9,29,1,"1982-1984",26.45
"6840","BN",1982,271,26.4,23.8,29.9,1,"1982-1984",26.85
"6841","BN",1982,272,26.4,24.9,29,1,"1982-1984",26.95
"6842","BN",1982,273,25.8,24.2,28,1,"1982-1984",26.1
"6843","BN",1982,274,26.5,24.9,29,1,"1982-1984",26.95
"6844","BN",1982,275,26.4,22.8,29,1,"1982-1984",25.9
"6845","BN",1982,276,24.3,21.7,29.5,1,"1982-1984",25.6
"6846","BN",1982,277,25.1,21.8,28.4,1,"1982-1984",25.1
"6847","BN",1982,278,26.2,23.8,29.5,1,"1982-1984",26.65
"6848","BN",1982,279,27.3,25,29,1,"1982-1984",27
"6849","BN",1982,280,26.7,23.8,29.8,1,"1982-1984",26.8
"6850","BN",1982,281,26.5,24.2,29.2,1,"1982-1984",26.7
"6851","BN",1982,282,26.9,25.8,30,1,"1982-1984",27.9
"6852","BN",1982,283,25.8,24.6,27.1,1,"1982-1984",25.85
"6853","BN",1982,284,26.7,24.9,29,1,"1982-1984",26.95
"6854","BN",1982,285,27.2,24.6,29.3,1,"1982-1984",26.95
"6855","BN",1982,286,26.2,25,28.7,1,"1982-1984",26.85
"6856","BN",1982,287,24.8,23.2,26.7,1,"1982-1984",24.95
"6857","BN",1982,288,26.1,22.6,29,1,"1982-1984",25.8
"6858","BN",1982,289,26.9,24,29,1,"1982-1984",26.5
"6859","BN",1982,290,26.5,25,29.4,1,"1982-1984",27.2
"6860","BN",1982,291,26.5,24.1,29.7,1,"1982-1984",26.9
"6861","BN",1982,292,27.3,25.4,28.7,1,"1982-1984",27.05
"6862","BN",1982,293,26.4,23.4,29.2,1,"1982-1984",26.3
"6863","BN",1982,294,27.1,24,30,1,"1982-1984",27
"6864","BN",1982,295,27.1,25.5,30,1,"1982-1984",27.75
"6865","BN",1982,296,27.1,25.1,29.8,1,"1982-1984",27.45
"6866","BN",1982,297,27.9,25.3,30,1,"1982-1984",27.65
"6867","BN",1982,298,26.9,24.3,29.7,1,"1982-1984",27
"6868","BN",1982,299,26.8,24.4,30,1,"1982-1984",27.2
"6869","BN",1982,300,25.5,22.7,27,1,"1982-1984",24.85
"6870","BN",1982,301,27.2,24.4,30,1,"1982-1984",27.2
"6871","BN",1982,302,26.6,24,30.2,1,"1982-1984",27.1
"6872","BN",1982,303,26.7,23.6,29.5,1,"1982-1984",26.55
"6873","BN",1982,304,27.4,23.8,30,1,"1982-1984",26.9
"6874","BN",1982,305,26.8,22.2,30,1,"1982-1984",26.1
"6875","BN",1982,306,26.4,23.9,33,1,"1982-1984",28.45
"6876","BN",1982,307,27.1,26,30.3,1,"1982-1984",28.15
"6877","BN",1982,308,27.2,24,30.5,1,"1982-1984",27.25
"6878","BN",1982,309,27.8,24.6,30.5,1,"1982-1984",27.55
"6879","BN",1982,310,27.1,24.3,30.5,1,"1982-1984",27.4
"6880","BN",1982,311,27.6,26.2,30.7,1,"1982-1984",28.45
"6881","BN",1982,312,28.8,26.6,30.6,1,"1982-1984",28.6
"6882","BN",1982,313,28.3,25,31,1,"1982-1984",28
"6883","BN",1982,314,28.1,24.3,31.6,1,"1982-1984",27.95
"6884","BN",1982,315,27.2,23.9,30.6,1,"1982-1984",27.25
"6885","BN",1982,316,28.8,23.9,31,1,"1982-1984",27.45
"6886","BN",1982,317,29.4,24.6,32,1,"1982-1984",28.3
"6887","BN",1982,318,27.6,25,30.2,1,"1982-1984",27.6
"6888","BN",1982,319,26.9,23.8,30.4,1,"1982-1984",27.1
"6889","BN",1982,320,28.4,23.9,30.6,1,"1982-1984",27.25
"6890","BN",1982,321,29.1,25,31,1,"1982-1984",28
"6891","BN",1982,322,27.9,26,31,1,"1982-1984",28.5
"6892","BN",1982,323,27.4,24.9,31.1,1,"1982-1984",28
"6893","BN",1982,324,27.6,23.5,30.2,1,"1982-1984",26.85
"6894","BN",1982,325,26.9,23,30.1,1,"1982-1984",26.55
"6895","BN",1982,326,26.3,23,29.8,1,"1982-1984",26.4
"6896","BN",1982,327,27.5,23.4,30.4,1,"1982-1984",26.9
"6897","BN",1982,328,25.9,24.4,27,1,"1982-1984",25.7
"6898","BN",1982,329,28.1,22.5,30,1,"1982-1984",26.25
"6899","BN",1982,330,27.4,23.5,30.1,1,"1982-1984",26.8
"6900","BN",1982,331,26.2,23.5,28.6,1,"1982-1984",26.05
"6901","BN",1982,332,26.6,24.1,28,1,"1982-1984",26.05
"6902","BN",1982,333,28,25,30,1,"1982-1984",27.5
"6903","BN",1982,334,27.8,24,30.6,1,"1982-1984",27.3
"6904","BN",1982,335,28.1,24,30.5,1,"1982-1984",27.25
"6905","BN",1982,336,28.6,24.9,30.5,1,"1982-1984",27.7
"6906","BN",1982,337,28.4,24.5,31,1,"1982-1984",27.75
"6907","BN",1982,338,28.2,25,30.4,1,"1982-1984",27.7
"6908","BN",1982,339,27.8,24.6,30.7,1,"1982-1984",27.65
"6909","BN",1982,340,28.5,26.9,30.3,1,"1982-1984",28.6
"6910","BN",1982,341,25.7,23,27.5,1,"1982-1984",25.25
"6911","BN",1982,342,26.5,19.9,32,1,"1982-1984",25.95
"6912","BN",1982,343,26.1,22,32.3,1,"1982-1984",27.15
"6913","BN",1982,344,26.1,22,29.5,1,"1982-1984",25.75
"6914","BN",1982,345,26.9,24.4,28.6,1,"1982-1984",26.5
"6915","BN",1982,346,28.2,26.5,29.2,1,"1982-1984",27.85
"6916","BN",1982,347,27.6,23.9,30.2,1,"1982-1984",27.05
"6917","BN",1982,348,26.9,24.1,29.9,1,"1982-1984",27
"6918","BN",1982,349,26.9,23.8,29.7,1,"1982-1984",26.75
"6919","BN",1982,350,27.1,24,29.6,1,"1982-1984",26.8
"6920","BN",1982,351,27.6,26,30.4,1,"1982-1984",28.2
"6921","BN",1982,352,27.8,26.5,30.5,1,"1982-1984",28.5
"6922","BN",1982,353,27.6,24.8,30.5,1,"1982-1984",27.65
"6923","BN",1982,354,27.6,24,36.5,1,"1982-1984",30.25
"6924","BN",1982,355,27,24.8,30,1,"1982-1984",27.4
"6925","BN",1982,356,28.8,24.1,31,1,"1982-1984",27.55
"6926","BN",1982,357,28.4,26,30.6,1,"1982-1984",28.3
"6927","BN",1982,358,27.6,25.7,30.7,1,"1982-1984",28.2
"6928","BN",1982,359,27.6,25,30.5,1,"1982-1984",27.75
"6929","BN",1982,360,28.7,26,31,1,"1982-1984",28.5
"6930","BN",1982,361,28.3,25,31,1,"1982-1984",28
"6931","BN",1982,362,27.6,24.8,35.7,1,"1982-1984",30.25
"6932","BN",1982,363,27.9,26.1,30,1,"1982-1984",28.05
"6933","BN",1982,364,28.3,24.9,31,1,"1982-1984",27.95
"6934","BN",1982,365,27.4,23.1,30,1,"1982-1984",26.55
"6935","BN",1983,1,27.5,22.8,32.4,1,"1982-1984",27.6
"6936","BN",1983,2,26.7,22.7,33,1,"1982-1984",27.85
"6937","BN",1983,3,27.7,22.2,30.7,1,"1982-1984",26.45
"6938","BN",1983,4,24.7,21.8,32.5,1,"1982-1984",27.15
"6939","BN",1983,5,23.6,21.6,30.1,1,"1982-1984",25.85
"6940","BN",1983,6,23.6,20.9,28.9,1,"1982-1984",24.9
"6941","BN",1983,7,25.1,21.1,29.2,1,"1982-1984",25.15
"6942","BN",1983,8,25.1,20.7,30.3,1,"1982-1984",25.5
"6943","BN",1983,9,23.9,19.5,30.5,1,"1982-1984",25
"6944","BN",1983,10,23.4,19.2,31.8,1,"1982-1984",25.5
"6945","BN",1983,11,25.8,19.9,31.6,1,"1982-1984",25.75
"6946","BN",1983,12,21.4,20.3,22.4,1,"1982-1984",21.35
"6947","BN",1983,14,25.1,22.5,30.5,1,"1982-1984",26.5
"6948","BN",1983,16,26.6,22.5,31,1,"1982-1984",26.75
"6949","BN",1983,17,24.2,21.7,31.4,1,"1982-1984",26.55
"6950","BN",1983,18,26.7,20.7,34.5,1,"1982-1984",27.6
"6951","BN",1983,20,24.9,20.2,33,1,"1982-1984",26.6
"6952","BN",1983,21,24.6,21.2,28,1,"1982-1984",24.6
"6953","BN",1983,22,25.9,22,29.5,1,"1982-1984",25.75
"6954","BN",1983,23,25.5,22.5,33,1,"1982-1984",27.75
"6955","BN",1983,24,26.9,25,32.8,1,"1982-1984",28.9
"6956","BN",1983,25,25,20,31.6,1,"1982-1984",25.8
"6957","BN",1983,26,25.8,20,31,1,"1982-1984",25.5
"6958","BN",1983,27,25.4,22,31.7,1,"1982-1984",26.85
"6959","BN",1983,28,25.8,21.7,32.5,1,"1982-1984",27.1
"6960","BN",1983,29,24.1,21.5,32.2,1,"1982-1984",26.85
"6961","BN",1983,30,24.6,20.1,30.5,1,"1982-1984",25.3
"6962","BN",1983,31,25.1,19.2,33,1,"1982-1984",26.1
"6963","BN",1983,32,25.2,20.3,32.1,1,"1982-1984",26.2
"6964","BN",1983,33,26,21,33.3,1,"1982-1984",27.15
"6965","BN",1983,34,24.9,20.8,30.5,1,"1982-1984",25.65
"6966","BN",1983,35,25.9,22,29,1,"1982-1984",25.5
"6967","BN",1983,36,26.6,24.5,29.9,1,"1982-1984",27.2
"6968","BN",1983,37,26.3,24.9,29,1,"1982-1984",26.95
"6969","BN",1983,38,27,25.1,30.3,1,"1982-1984",27.7
"6970","BN",1983,39,27.6,25,29.7,1,"1982-1984",27.35
"6971","BN",1983,40,26.6,25.7,30,1,"1982-1984",27.85
"6972","BN",1983,41,27,26,29.6,1,"1982-1984",27.8
"6973","BN",1983,43,27.4,25.6,30,1,"1982-1984",27.8
"6974","BN",1983,44,26.8,25.7,30.1,1,"1982-1984",27.9
"6975","BN",1983,45,27.5,26,37.5,1,"1982-1984",31.75
"6976","BN",1983,46,28.7,26.5,31.2,1,"1982-1984",28.85
"6977","BN",1983,47,28,26.5,31,1,"1982-1984",28.75
"6978","BN",1983,48,28.2,26.5,30.5,1,"1982-1984",28.5
"6979","BN",1983,49,28.3,26.5,30,1,"1982-1984",28.25
"6980","BN",1983,50,27.9,26.7,30.8,1,"1982-1984",28.75
"6981","BN",1983,51,28.3,26.8,31,1,"1982-1984",28.9
"6982","BN",1983,52,28.5,27,31.4,1,"1982-1984",29.2
"6983","BN",1983,53,29,27.1,30,1,"1982-1984",28.55
"6984","BN",1983,55,27.9,25.8,30.4,1,"1982-1984",28.1
"6985","BN",1983,56,28,25.6,31.6,1,"1982-1984",28.6
"6986","BN",1983,57,28.6,26.2,31.2,1,"1982-1984",28.7
"6987","BN",1983,58,28.4,25.6,31.5,1,"1982-1984",28.55
"6988","BN",1983,59,28.1,26.9,31,1,"1982-1984",28.95
"6989","BN",1983,60,28.1,25.3,31.6,1,"1982-1984",28.45
"6990","BN",1983,61,29.2,27.7,30.8,1,"1982-1984",29.25
"6991","BN",1983,62,29.9,27.8,36.7,1,"1982-1984",32.25
"6992","BN",1983,63,28.3,24,30.8,1,"1982-1984",27.4
"6993","BN",1983,64,29.6,28,31.2,1,"1982-1984",29.6
"6994","BN",1983,65,28.8,27.4,31.4,1,"1982-1984",29.4
"6995","BN",1983,66,28.7,25.6,32.2,1,"1982-1984",28.9
"6996","BN",1983,67,28,24.6,31.6,1,"1982-1984",28.1
"6997","BN",1983,68,28.4,25,31.5,1,"1982-1984",28.25
"6998","BN",1983,69,29.4,24.8,33,1,"1982-1984",28.9
"6999","BN",1983,70,29.2,25.1,32.2,1,"1982-1984",28.65
"7000","BN",1983,71,28.5,25.4,31.8,1,"1982-1984",28.6
"7001","BN",1983,72,29.4,26.6,31.7,1,"1982-1984",29.15
"7002","BN",1983,73,29.1,26.4,31,1,"1982-1984",28.7
"7003","BN",1983,74,29.4,27.9,32,1,"1982-1984",29.95
"7004","BN",1983,75,29.1,26.7,31.7,1,"1982-1984",29.2
"7005","BN",1983,76,29.8,27,32,1,"1982-1984",29.5
"7006","BN",1983,77,29.6,28.4,31.7,1,"1982-1984",30.05
"7007","BN",1983,78,29.1,27.2,31.4,1,"1982-1984",29.3
"7008","BN",1983,79,29.2,27.4,32,1,"1982-1984",29.7
"7009","BN",1983,80,30.4,27.4,38.7,1,"1982-1984",33.05
"7010","BN",1983,81,29.2,27,32.4,1,"1982-1984",29.7
"7011","BN",1983,82,28.9,26.6,31.8,1,"1982-1984",29.2
"7012","BN",1983,83,30.4,27.2,38,1,"1982-1984",32.6
"7013","BN",1983,84,28.8,27.1,32,1,"1982-1984",29.55
"7014","BN",1983,85,29.1,27.4,32,1,"1982-1984",29.7
"7015","BN",1983,86,30,28,32.6,1,"1982-1984",30.3
"7016","BN",1983,87,29.3,28.3,32.2,1,"1982-1984",30.25
"7017","BN",1983,89,27.7,23.2,30.6,1,"1982-1984",26.9
"7018","BN",1983,90,28.5,24,31.2,1,"1982-1984",27.6
"7019","BN",1983,91,27.2,24.2,30.6,1,"1982-1984",27.4
"7020","BN",1983,92,28.4,26,31.2,1,"1982-1984",28.6
"7021","BN",1983,93,27,22.5,33,1,"1982-1984",27.75
"7022","BN",1983,94,28.8,25.2,31.5,1,"1982-1984",28.35
"7023","BN",1983,95,28.9,26.9,31.6,1,"1982-1984",29.25
"7024","BN",1983,96,29.3,27.8,31.7,1,"1982-1984",29.75
"7025","BN",1983,97,29,27.7,31.4,1,"1982-1984",29.55
"7026","BN",1983,98,29.5,27.1,31.4,1,"1982-1984",29.25
"7027","BN",1983,99,29.1,27,31.6,1,"1982-1984",29.3
"7028","BN",1983,100,27.7,24.4,31.8,1,"1982-1984",28.1
"7029","BN",1983,101,27.3,23.6,30.2,1,"1982-1984",26.9
"7030","BN",1983,102,27.8,24.6,31.2,1,"1982-1984",27.9
"7031","BN",1983,103,29.5,28,32,1,"1982-1984",30
"7032","BN",1983,104,29.7,27.9,31.5,1,"1982-1984",29.7
"7033","BN",1983,105,29.8,28,31.7,1,"1982-1984",29.85
"7034","BN",1983,106,29.7,28.5,31.7,1,"1982-1984",30.1
"7035","BN",1983,107,29.7,28.3,32.3,1,"1982-1984",30.3
"7036","BN",1983,108,29.8,27,32.4,1,"1982-1984",29.7
"7037","BN",1983,109,29.3,28.2,32.2,1,"1982-1984",30.2
"7038","BN",1983,110,29.6,26.3,32.3,1,"1982-1984",29.3
"7039","BN",1983,111,29.3,28,32,1,"1982-1984",30
"7040","BN",1983,112,29.6,27.9,31.8,1,"1982-1984",29.85
"7041","BN",1983,113,29.6,28.1,32.2,1,"1982-1984",30.15
"7042","BN",1983,114,29.6,28,32,1,"1982-1984",30
"7043","BN",1983,115,29.6,28,31.2,1,"1982-1984",29.6
"7044","BN",1983,116,29.1,27.3,32,1,"1982-1984",29.65
"7045","BN",1983,117,29.6,28.2,32.6,1,"1982-1984",30.4
"7046","BN",1983,118,29.2,27,31.7,1,"1982-1984",29.35
"7047","BN",1983,119,29.1,28,31.5,1,"1982-1984",29.75
"7048","BN",1983,120,28.6,26.3,31.7,1,"1982-1984",29
"7049","BN",1983,121,29.6,28.2,32.4,1,"1982-1984",30.3
"7050","BN",1983,122,27.3,22.9,30.1,1,"1982-1984",26.5
"7051","BN",1983,123,29.2,26.9,32.1,1,"1982-1984",29.5
"7052","BN",1983,124,28,25,31.6,1,"1982-1984",28.3
"7053","BN",1983,125,29.6,28.4,31.4,1,"1982-1984",29.9
"7054","BN",1983,126,28.7,26.9,32,1,"1982-1984",29.45
"7055","BN",1983,127,28.5,24.7,31.5,1,"1982-1984",28.1
"7056","BN",1983,128,28.1,25.2,30.8,1,"1982-1984",28
"7057","BN",1983,129,29.1,26.2,31.6,1,"1982-1984",28.9
"7058","BN",1983,130,28.4,25.9,31,1,"1982-1984",28.45
"7059","BN",1983,131,27.3,23.6,32,1,"1982-1984",27.8
"7060","BN",1983,132,29.3,27,32.5,1,"1982-1984",29.75
"7061","BN",1983,133,29.4,27.1,31.5,1,"1982-1984",29.3
"7062","BN",1983,134,29.7,28.5,32.7,1,"1982-1984",30.6
"7063","BN",1983,135,26.5,23.5,28.8,1,"1982-1984",26.15
"7064","BN",1983,136,28.1,24.1,31,1,"1982-1984",27.55
"7065","BN",1983,137,29.1,27.7,31.3,1,"1982-1984",29.5
"7066","BN",1983,138,28.4,25.4,30.2,1,"1982-1984",27.8
"7067","BN",1983,139,27.5,26,29.7,1,"1982-1984",27.85
"7068","BN",1983,140,28.1,26.4,29.5,1,"1982-1984",27.95
"7069","BN",1983,141,28.1,25.2,31.2,1,"1982-1984",28.2
"7070","BN",1983,142,28,24,30.5,1,"1982-1984",27.25
"7071","BN",1983,143,28.6,25.4,30.6,1,"1982-1984",28
"7072","BN",1983,144,28.8,25.4,31,1,"1982-1984",28.2
"7073","BN",1983,145,28.2,26.1,30.3,1,"1982-1984",28.2
"7074","BN",1983,146,27.6,23.9,30.5,1,"1982-1984",27.2
"7075","BN",1983,147,28.9,25.8,31,1,"1982-1984",28.4
"7076","BN",1983,148,26.4,23,28.4,1,"1982-1984",25.7
"7077","BN",1983,149,27.6,22.8,32,1,"1982-1984",27.4
"7078","BN",1983,150,26.9,24.7,29.6,1,"1982-1984",27.15
"7079","BN",1983,151,28.1,25.1,32,1,"1982-1984",28.55
"7080","BN",1983,152,27.4,25.7,28,1,"1982-1984",26.85
"7081","BN",1983,153,27.6,25.5,30,1,"1982-1984",27.75
"7082","BN",1983,154,26,22.6,27.7,1,"1982-1984",25.15
"7083","BN",1983,155,27.4,24.8,30.3,1,"1982-1984",27.55
"7084","BN",1983,156,28.3,25,31,1,"1982-1984",28
"7085","BN",1983,157,28.5,26.9,30.5,1,"1982-1984",28.7
"7086","BN",1983,158,28.7,27,31,1,"1982-1984",29
"7087","BN",1983,159,25.8,22.2,29.4,1,"1982-1984",25.8
"7088","BN",1983,160,27.3,22.6,29.4,1,"1982-1984",26
"7089","BN",1983,161,27.2,24.5,30.2,1,"1982-1984",27.35
"7090","BN",1983,162,26,24,28.5,1,"1982-1984",26.25
"7091","BN",1983,163,25.2,22,28,1,"1982-1984",25
"7092","BN",1983,164,25.6,21.8,29,1,"1982-1984",25.4
"7093","BN",1983,165,25.7,22.4,30.7,1,"1982-1984",26.55
"7094","BN",1983,166,25,23.9,27.4,1,"1982-1984",25.65
"7095","BN",1983,167,26.1,23.8,27.9,1,"1982-1984",25.85
"7096","BN",1983,168,24.8,23.7,27,1,"1982-1984",25.35
"7097","BN",1983,169,25.2,23.9,26.2,1,"1982-1984",25.05
"7098","BN",1983,170,26.1,24.6,28.2,1,"1982-1984",26.4
"7099","BN",1983,171,23.8,20.5,26,1,"1982-1984",23.25
"7100","BN",1983,172,25.8,23.4,28.9,1,"1982-1984",26.15
"7101","BN",1983,173,26.4,25,29.5,1,"1982-1984",27.25
"7102","BN",1983,174,26,24.8,28.6,1,"1982-1984",26.7
"7103","BN",1983,175,24.8,21.8,26.1,1,"1982-1984",23.95
"7104","BN",1983,176,26.6,24.9,28.7,1,"1982-1984",26.8
"7105","BN",1983,177,26.3,25,28.4,1,"1982-1984",26.7
"7106","BN",1983,178,26.5,24.1,28.5,1,"1982-1984",26.3
"7107","BN",1983,179,26.1,25.1,27.5,1,"1982-1984",26.3
"7108","BN",1983,181,26.2,24.7,28.1,1,"1982-1984",26.4
"7109","BN",1983,182,25.4,24.2,28,1,"1982-1984",26.1
"7110","BN",1983,183,25.3,23.7,27.6,1,"1982-1984",25.65
"7111","BN",1983,184,25.1,23.9,27.2,1,"1982-1984",25.55
"7112","BN",1983,185,25.7,23.8,31,1,"1982-1984",27.4
"7113","BN",1983,186,25.8,24.2,27.7,1,"1982-1984",25.95
"7114","BN",1983,187,25.8,24,28.2,1,"1982-1984",26.1
"7115","BN",1983,188,26.2,24,28.4,1,"1982-1984",26.2
"7116","BN",1983,189,25.3,24,27.3,1,"1982-1984",25.65
"7117","BN",1983,190,25.8,23.8,27.8,1,"1982-1984",25.8
"7118","BN",1983,191,25.5,23.2,28,1,"1982-1984",25.6
"7119","BN",1983,192,25.2,24,28.4,1,"1982-1984",26.2
"7120","BN",1983,193,25.9,24.1,28.1,1,"1982-1984",26.1
"7121","BN",1983,194,25.2,24,27.3,1,"1982-1984",25.65
"7122","BN",1983,195,25.1,21,27.2,1,"1982-1984",24.1
"7123","BN",1983,196,25.6,23.7,27.4,1,"1982-1984",25.55
"7124","BN",1983,197,24.7,23.5,28.5,1,"1982-1984",26
"7125","BN",1983,198,24.9,23.4,26.4,1,"1982-1984",24.9
"7126","BN",1983,199,25.1,23.2,26.9,1,"1982-1984",25.05
"7127","BN",1983,200,25.1,23.6,27.2,1,"1982-1984",25.4
"7128","BN",1983,201,24.6,24,26.2,1,"1982-1984",25.1
"7129","BN",1983,202,25.2,23.3,27.6,1,"1982-1984",25.45
"7130","BN",1983,203,25.2,24,27,1,"1982-1984",25.5
"7131","BN",1983,204,25.2,24,26.5,1,"1982-1984",25.25
"7132","BN",1983,205,24.7,24,27.2,1,"1982-1984",25.6
"7133","BN",1983,206,25.2,23.8,27.2,1,"1982-1984",25.5
"7134","BN",1983,207,24.6,23.5,27,1,"1982-1984",25.25
"7135","BN",1983,208,24.3,22.9,26.6,1,"1982-1984",24.75
"7136","BN",1983,209,23.8,22.1,26.5,1,"1982-1984",24.3
"7137","BN",1983,210,24.4,22.7,26,1,"1982-1984",24.35
"7138","BN",1983,212,24.7,23,26,1,"1982-1984",24.5
"7139","BN",1983,213,23.6,22.1,26.1,1,"1982-1984",24.1
"7140","BN",1983,214,23.7,22.8,27,1,"1982-1984",24.9
"7141","BN",1983,215,24.6,23.3,27.1,1,"1982-1984",25.2
"7142","BN",1983,216,25.2,23.4,27,1,"1982-1984",25.2
"7143","BN",1983,217,25.1,23.5,27.5,1,"1982-1984",25.5
"7144","BN",1983,218,24.6,23.8,26.3,1,"1982-1984",25.05
"7145","BN",1983,219,24.2,24,26.3,1,"1982-1984",25.15
"7146","BN",1983,220,24.8,23.8,26,1,"1982-1984",24.9
"7147","BN",1983,221,24.1,23,25.1,1,"1982-1984",24.05
"7148","BN",1983,222,25.1,21.8,27.2,1,"1982-1984",24.5
"7149","BN",1983,223,24.1,23.7,26.3,1,"1982-1984",25
"7150","BN",1983,224,24.9,23.5,27,1,"1982-1984",25.25
"7151","BN",1983,225,24.4,23.3,28.5,1,"1982-1984",25.9
"7152","BN",1983,226,24.6,23,27,1,"1982-1984",25
"7153","BN",1983,227,24.8,23,26.6,1,"1982-1984",24.8
"7154","BN",1983,228,24.9,23.5,27.2,1,"1982-1984",25.35
"7155","BN",1983,229,24.9,23.8,27.1,1,"1982-1984",25.45
"7156","BN",1983,230,25,23.5,27.2,1,"1982-1984",25.35
"7157","BN",1983,231,24.9,23.3,27,1,"1982-1984",25.15
"7158","BN",1983,232,25.6,24,27.7,1,"1982-1984",25.85
"7159","BN",1983,233,25.4,23.8,27.7,1,"1982-1984",25.75
"7160","BN",1983,235,25.8,24,28.3,1,"1982-1984",26.15
"7161","BN",1983,236,25.6,24.3,28.2,1,"1982-1984",26.25
"7162","BN",1983,237,25.3,24.5,27.5,1,"1982-1984",26
"7163","BN",1983,238,25.7,24.5,27.4,1,"1982-1984",25.95
"7164","BN",1983,239,25.3,24.3,27,1,"1982-1984",25.65
"7165","BN",1983,240,25.4,24.5,27.6,1,"1982-1984",26.05
"7166","BN",1983,241,24.7,24.2,26,1,"1982-1984",25.1
"7167","BN",1983,242,25.4,24,27,1,"1982-1984",25.5
"7168","BN",1983,243,25.2,24,27,1,"1982-1984",25.5
"7169","BN",1983,244,25.7,24.3,27.6,1,"1982-1984",25.95
"7170","BN",1983,245,25.7,24.3,28.1,1,"1982-1984",26.2
"7171","BN",1983,246,26,24.3,28,1,"1982-1984",26.15
"7172","BN",1983,247,25.9,24,28.5,1,"1982-1984",26.25
"7173","BN",1983,248,26.1,24.6,27,1,"1982-1984",25.8
"7174","BN",1983,249,25.9,24,28.4,1,"1982-1984",26.2
"7175","BN",1983,250,26.5,23.8,28.4,1,"1982-1984",26.1
"7176","BN",1983,251,26.1,24.3,29,1,"1982-1984",26.65
"7177","BN",1983,252,25.8,24.6,27.6,1,"1982-1984",26.1
"7178","BN",1983,253,25.1,23.8,27.6,1,"1982-1984",25.7
"7179","BN",1983,254,25.5,24.8,27.2,1,"1982-1984",26
"7180","BN",1983,255,26,24.4,28.2,1,"1982-1984",26.3
"7181","BN",1983,256,25.3,24,26,1,"1982-1984",25
"7182","BN",1983,257,25.3,24,27.5,1,"1982-1984",25.75
"7183","BN",1983,258,25.9,24.7,28.4,1,"1982-1984",26.55
"7184","BN",1983,259,25.7,24.1,28.6,1,"1982-1984",26.35
"7185","BN",1983,260,25.3,22,28,1,"1982-1984",25
"7186","BN",1983,261,25.7,24.2,28.4,1,"1982-1984",26.3
"7187","BN",1983,262,26.4,24.3,29,1,"1982-1984",26.65
"7188","BN",1983,263,26.1,24.9,28.4,1,"1982-1984",26.65
"7189","BN",1983,264,26.3,24.7,28.3,1,"1982-1984",26.5
"7190","BN",1983,265,26.4,24.4,29.1,1,"1982-1984",26.75
"7191","BN",1983,266,26.1,24.8,29.4,1,"1982-1984",27.1
"7192","BN",1983,267,26.3,24,28.8,1,"1982-1984",26.4
"7193","BN",1983,268,27.2,25.4,29.1,1,"1982-1984",27.25
"7194","BN",1983,269,26.1,24.8,28,1,"1982-1984",26.4
"7195","BN",1983,270,25.9,24,28.5,1,"1982-1984",26.25
"7196","BN",1983,271,26.5,24.9,29,1,"1982-1984",26.95
"7197","BN",1983,272,26.8,25,29.2,1,"1982-1984",27.1
"7198","BN",1983,273,25.2,22,28.5,1,"1982-1984",25.25
"7199","BN",1983,274,26.4,23.9,28.4,1,"1982-1984",26.15
"7200","BN",1983,275,26.9,25.5,28.8,1,"1982-1984",27.15
"7201","BN",1983,276,27.1,25.5,29.4,1,"1982-1984",27.45
"7202","BN",1983,277,26.3,23.5,29.4,1,"1982-1984",26.45
"7203","BN",1983,278,26.1,23.4,29,1,"1982-1984",26.2
"7204","BN",1983,279,26.9,25.5,29.5,1,"1982-1984",27.5
"7205","BN",1983,280,27.7,25.8,29.5,1,"1982-1984",27.65
"7206","BN",1983,281,27.1,25.1,29.6,1,"1982-1984",27.35
"7207","BN",1983,282,27.2,25.9,29.6,1,"1982-1984",27.75
"7208","BN",1983,283,27.2,23.6,29.4,1,"1982-1984",26.5
"7209","BN",1983,284,27.6,25.8,29,1,"1982-1984",27.4
"7210","BN",1983,285,26.9,26,29.6,1,"1982-1984",27.8
"7211","BN",1983,286,26.6,24.3,28.7,1,"1982-1984",26.5
"7212","BN",1983,287,27.1,24.5,29.3,1,"1982-1984",26.9
"7213","BN",1983,288,27.4,25.8,29.8,1,"1982-1984",27.8
"7214","BN",1983,289,27.9,26,30,1,"1982-1984",28
"7215","BN",1983,290,28,26.5,30.4,1,"1982-1984",28.45
"7216","BN",1983,291,27.5,26.4,30.1,1,"1982-1984",28.25
"7217","BN",1983,292,27.5,24,30,1,"1982-1984",27
"7218","BN",1983,293,26.9,23.5,29.7,1,"1982-1984",26.6
"7219","BN",1983,294,26.7,20.2,30.1,1,"1982-1984",25.15
"7220","BN",1983,295,27.5,26,29.8,1,"1982-1984",27.9
"7221","BN",1983,296,28.1,25.9,30.4,1,"1982-1984",28.15
"7222","BN",1983,297,27.2,25,30.1,1,"1982-1984",27.55
"7223","BN",1983,298,27.8,26.2,30.8,1,"1982-1984",28.5
"7224","BN",1983,299,27.7,24.9,31,1,"1982-1984",27.95
"7225","BN",1983,300,28.1,24.8,30.6,1,"1982-1984",27.7
"7226","BN",1983,301,28.8,26.8,31,1,"1982-1984",28.9
"7227","BN",1983,302,28.4,26.8,31.1,1,"1982-1984",28.95
"7228","BN",1983,303,28,26.7,31.2,1,"1982-1984",28.95
"7229","BN",1983,304,28.7,26,31.4,1,"1982-1984",28.7
"7230","BN",1983,305,28.2,25,31.5,1,"1982-1984",28.25
"7231","BN",1983,306,28.6,27.2,31.4,1,"1982-1984",29.3
"7232","BN",1983,307,28.6,27,31.1,1,"1982-1984",29.05
"7233","BN",1983,308,28.7,26.9,31.5,1,"1982-1984",29.2
"7234","BN",1983,309,28.6,26,31,1,"1982-1984",28.5
"7235","BN",1983,310,28.4,24,31.3,1,"1982-1984",27.65
"7236","BN",1983,311,28.8,27.1,31.4,1,"1982-1984",29.25
"7237","BN",1983,312,28.9,26.9,31.6,1,"1982-1984",29.25
"7238","BN",1983,313,29.2,27,31.2,1,"1982-1984",29.1
"7239","BN",1983,314,28.4,26,31,1,"1982-1984",28.5
"7240","BN",1983,315,28.6,26.9,30.6,1,"1982-1984",28.75
"7241","BN",1983,316,28.6,26.9,31.2,1,"1982-1984",29.05
"7242","BN",1983,317,27.8,26,30.7,1,"1982-1984",28.35
"7243","BN",1983,318,28.3,26,30.6,1,"1982-1984",28.3
"7244","BN",1983,319,27.7,26,30,1,"1982-1984",28
"7245","BN",1983,320,28.4,26.4,30.8,1,"1982-1984",28.6
"7246","BN",1983,321,27.6,24,30.8,1,"1982-1984",27.4
"7247","BN",1983,322,27.9,24.6,30.6,1,"1982-1984",27.6
"7248","BN",1983,323,28.5,26.8,30.8,1,"1982-1984",28.8
"7249","BN",1983,324,28.3,26.9,31.2,1,"1982-1984",29.05
"7250","BN",1983,325,28.3,26.9,30.5,1,"1982-1984",28.7
"7251","BN",1983,326,28.2,25.8,31,1,"1982-1984",28.4
"7252","BN",1983,327,28,26.6,30.4,1,"1982-1984",28.5
"7253","BN",1983,328,27.8,24.1,30.3,1,"1982-1984",27.2
"7254","BN",1983,329,28.1,24.7,30.5,1,"1982-1984",27.6
"7255","BN",1983,330,28.7,26.8,31,1,"1982-1984",28.9
"7256","BN",1983,331,28.2,26.8,30,1,"1982-1984",28.4
"7257","BN",1983,332,28.1,24.4,30.2,1,"1982-1984",27.3
"7258","BN",1983,333,26.9,24.9,30,1,"1982-1984",27.45
"7259","BN",1983,334,26.4,22.7,29.7,1,"1982-1984",26.2
"7260","BN",1983,335,27.3,26,29.4,1,"1982-1984",27.7
"7261","BN",1983,336,26.6,23.2,29.5,1,"1982-1984",26.35
"7262","BN",1983,337,27.8,24.8,30.1,1,"1982-1984",27.45
"7263","BN",1983,338,26.3,22,30,1,"1982-1984",26
"7264","BN",1983,339,27.1,24,30,1,"1982-1984",27
"7265","BN",1983,340,28.1,24.3,30.3,1,"1982-1984",27.3
"7266","BN",1983,341,28.3,24.6,30,1,"1982-1984",27.3
"7267","BN",1983,342,28.2,25,30.2,1,"1982-1984",27.6
"7268","BN",1983,343,27.9,26.6,30.2,1,"1982-1984",28.4
"7269","BN",1983,344,28.3,26.5,30.8,1,"1982-1984",28.65
"7270","BN",1983,345,28,25.8,30.5,1,"1982-1984",28.15
"7271","BN",1983,346,25.7,22.6,29.1,1,"1982-1984",25.85
"7272","BN",1983,347,27,24,30,1,"1982-1984",27
"7273","BN",1983,348,28.3,26.5,30,1,"1982-1984",28.25
"7274","BN",1983,349,28.3,26.5,30.6,1,"1982-1984",28.55
"7275","BN",1983,350,27.8,26.2,30.1,1,"1982-1984",28.15
"7276","BN",1983,351,27.7,26.3,30.2,1,"1982-1984",28.25
"7277","BN",1983,352,28.1,26.2,29.8,1,"1982-1984",28
"7278","BN",1983,353,27.3,24,30.1,1,"1982-1984",27.05
"7279","BN",1983,354,27.8,25,30.5,1,"1982-1984",27.75
"7280","BN",1983,355,27.6,26.6,30.5,1,"1982-1984",28.55
"7281","BN",1983,356,28.2,25.3,30.5,1,"1982-1984",27.9
"7282","BN",1983,357,28,24.5,30.6,1,"1982-1984",27.55
"7283","BN",1983,358,28.3,25,31,1,"1982-1984",28
"7284","BN",1983,359,27.6,26,30.2,1,"1982-1984",28.1
"7285","BN",1983,360,27,23,29,1,"1982-1984",26
"7286","BN",1983,361,26.6,23,31.4,1,"1982-1984",27.2
"7287","BN",1983,362,25.9,22.5,29,1,"1982-1984",25.75
"7288","BN",1983,363,26.7,22.5,29.2,1,"1982-1984",25.85
"7289","BN",1983,364,27,23,30,1,"1982-1984",26.5
"7290","BN",1983,365,27.6,24,29.7,1,"1982-1984",26.85
"7291","BN",1984,1,28.5,25.5,30.3,1,"1982-1984",27.9
"7292","BN",1984,2,27.6,24.5,30.5,1,"1982-1984",27.5
"7293","BN",1984,3,26.9,23.6,31.4,1,"1982-1984",27.5
"7294","BN",1984,4,25.8,21.1,31,1,"1982-1984",26.05
"7295","BN",1984,5,26.9,22,29.1,1,"1982-1984",25.55
"7296","BN",1984,6,27.3,25,29.4,1,"1982-1984",27.2
"7297","BN",1984,7,28.6,26.7,30.4,1,"1982-1984",28.55
"7298","BN",1984,8,27.8,25,30.1,1,"1982-1984",27.55
"7299","BN",1984,9,27.9,24.7,30.4,1,"1982-1984",27.55
"7300","BN",1984,10,27.9,25,31.1,1,"1982-1984",28.05
"7301","BN",1984,11,28.1,25.2,30.6,1,"1982-1984",27.9
"7302","BN",1984,12,27.7,25.6,30.8,1,"1982-1984",28.2
"7303","BN",1984,13,28.4,25,31,1,"1982-1984",28
"7304","BN",1984,14,28.4,25.9,31.3,1,"1982-1984",28.6
"7305","BN",1984,15,27.7,24.9,30,1,"1982-1984",27.45
"7306","BN",1984,16,28.2,24.9,32.9,1,"1982-1984",28.9
"7307","BN",1984,17,27.9,23.8,32.7,1,"1982-1984",28.25
"7308","BN",1984,18,25.3,22.7,32.1,1,"1982-1984",27.4
"7309","BN",1984,19,26.7,23,29.4,1,"1982-1984",26.2
"7310","BN",1984,20,27.1,24.5,29.8,1,"1982-1984",27.15
"7311","BN",1984,21,27.6,25.2,30.1,1,"1982-1984",27.65
"7312","BN",1984,22,27.4,23.5,30.5,1,"1982-1984",27
"7313","BN",1984,23,27.3,24.4,32,1,"1982-1984",28.2
"7314","BN",1984,24,28,24.7,31.3,1,"1982-1984",28
"7315","BN",1984,25,28.4,24.2,31.3,1,"1982-1984",27.75
"7316","BN",1984,26,27.8,24.8,30.8,1,"1982-1984",27.8
"7317","BN",1984,27,28.4,24.7,31.2,1,"1982-1984",27.95
"7318","BN",1984,28,28.3,24.2,31.3,1,"1982-1984",27.75
"7319","BN",1984,29,28.8,24.2,31.2,1,"1982-1984",27.7
"7320","BN",1984,30,28.7,26,31.4,1,"1982-1984",28.7
"7321","BN",1984,31,28.9,27.6,31.2,1,"1982-1984",29.4
"7322","BN",1984,32,28.5,26.4,31.5,1,"1982-1984",28.95
"7323","BN",1984,33,28.9,25.5,30.5,1,"1982-1984",28
"7324","BN",1984,34,27.6,24.8,31.5,1,"1982-1984",28.15
"7325","BN",1984,35,28.9,25.2,31.1,1,"1982-1984",28.15
"7326","BN",1984,36,28.6,24.6,37,1,"1982-1984",30.8
"7327","BN",1984,37,26.6,22.4,34.2,1,"1982-1984",28.3
"7328","BN",1984,38,26.8,21.9,33,1,"1982-1984",27.45
"7329","BN",1984,39,27.5,21.6,33,1,"1982-1984",27.3
"7330","BN",1984,40,26.1,21,31,1,"1982-1984",26
"7331","BN",1984,41,27.9,23.5,30.5,1,"1982-1984",27
"7332","BN",1984,42,27.7,24.8,30.5,1,"1982-1984",27.65
"7333","BN",1984,43,28.6,25.8,31.9,1,"1982-1984",28.85
"7334","BN",1984,44,28.4,26.4,31.5,1,"1982-1984",28.95
"7335","BN",1984,45,29.7,26.5,31.7,1,"1982-1984",29.1
"7336","BN",1984,46,29,26.2,32,1,"1982-1984",29.1
"7337","BN",1984,47,29.2,27.7,32.1,1,"1982-1984",29.9
"7338","BN",1984,48,29.3,27.9,31.8,1,"1982-1984",29.85
"7339","BN",1984,49,29.6,26,32.2,1,"1982-1984",29.1
"7340","BN",1984,50,29.1,26.5,32,1,"1982-1984",29.25
"7341","BN",1984,51,28.7,26.1,31.5,1,"1982-1984",28.8
"7342","BN",1984,52,27.4,18,31.6,1,"1982-1984",24.8
"7343","BN",1984,53,29.7,26.4,32,1,"1982-1984",29.2
"7344","BN",1984,54,29.7,27.7,31.9,1,"1982-1984",29.8
"7345","BN",1984,55,29.5,25.8,32.5,1,"1982-1984",29.15
"7346","BN",1984,56,29.3,28,32.3,1,"1982-1984",30.15
"7347","BN",1984,57,29.6,27.8,32,1,"1982-1984",29.9
"7348","BN",1984,58,29.8,28,32.2,1,"1982-1984",30.1
"7349","BN",1984,59,29.6,28,32.4,1,"1982-1984",30.2
"7350","BN",1984,60,29.7,28.3,32,1,"1982-1984",30.15
"7351","BN",1984,61,29.3,27.9,31.6,1,"1982-1984",29.75
"7352","BN",1984,62,28.9,26,31.6,1,"1982-1984",28.8
"7353","BN",1984,63,29.3,27.9,32,1,"1982-1984",29.95
"7354","BN",1984,64,30.1,28.2,32,1,"1982-1984",30.1
"7355","BN",1984,65,30.4,28.3,32.3,1,"1982-1984",30.3
"7356","BN",1984,66,29.7,28.3,32.2,1,"1982-1984",30.25
"7357","BN",1984,67,30.7,28.2,36.5,1,"1982-1984",32.35
"7358","BN",1984,68,29.7,28.4,32.5,1,"1982-1984",30.45
"7359","BN",1984,69,25.9,22.6,29.4,1,"1982-1984",26
"7360","BN",1984,70,27.3,23.9,30.5,1,"1982-1984",27.2
"7361","BN",1984,71,28.4,26,31.2,1,"1982-1984",28.6
"7362","BN",1984,72,29.6,27.8,31.5,1,"1982-1984",29.65
"7363","BN",1984,73,28.9,24.9,31.6,1,"1982-1984",28.25
"7364","BN",1984,74,29.6,28.4,32,1,"1982-1984",30.2
"7365","BN",1984,75,30.2,28,33.2,1,"1982-1984",30.6
"7366","BN",1984,76,29.2,25.8,32.5,1,"1982-1984",29.15
"7367","BN",1984,77,29.7,28,32.1,1,"1982-1984",30.05
"7368","BN",1984,78,30.1,27.4,32,1,"1982-1984",29.7
"7369","BN",1984,79,29.8,28.2,31.9,1,"1982-1984",30.05
"7370","BN",1984,80,29.2,26.6,32,1,"1982-1984",29.3
"7371","BN",1984,81,29.2,27.5,31.6,1,"1982-1984",29.55
"7372","BN",1984,82,28.7,23,30.8,1,"1982-1984",26.9
"7373","BN",1984,83,27,22.9,31.2,1,"1982-1984",27.05
"7374","BN",1984,84,29.5,27.8,31.8,1,"1982-1984",29.8
"7375","BN",1984,85,29.5,28,32,1,"1982-1984",30
"7376","BN",1984,86,29.4,25,32.4,1,"1982-1984",28.7
"7377","BN",1984,87,29.8,27.4,31.5,1,"1982-1984",29.45
"7378","BN",1984,88,29.2,28,30.7,1,"1982-1984",29.35
"7379","BN",1984,89,29.5,26,32,1,"1982-1984",29
"7380","BN",1984,90,29.6,28.5,31.8,1,"1982-1984",30.15
"7381","BN",1984,91,29.8,28.3,31.6,1,"1982-1984",29.95
"7382","BN",1984,92,29.8,28.2,32.2,1,"1982-1984",30.2
"7383","BN",1984,93,29.7,27.7,32,1,"1982-1984",29.85
"7384","BN",1984,94,29.9,28.5,32.2,1,"1982-1984",30.35
"7385","BN",1984,95,27.6,22.5,30.5,1,"1982-1984",26.5
"7386","BN",1984,96,29.2,25.4,32,1,"1982-1984",28.7
"7387","BN",1984,97,29.3,26.3,31.8,1,"1982-1984",29.05
"7388","BN",1984,98,28.6,24.8,31.5,1,"1982-1984",28.15
"7389","BN",1984,99,29.4,27.6,31.2,1,"1982-1984",29.4
"7390","BN",1984,100,28.1,25.8,31.1,1,"1982-1984",28.45
"7391","BN",1984,101,27.7,23.2,31.4,1,"1982-1984",27.3
"7392","BN",1984,102,29.7,28.3,32.5,1,"1982-1984",30.4
"7393","BN",1984,103,30,28.6,32.3,1,"1982-1984",30.45
"7394","BN",1984,104,28.4,26.8,29.5,1,"1982-1984",28.15
"7395","BN",1984,105,29.1,25.5,31.1,1,"1982-1984",28.3
"7396","BN",1984,106,28.9,27.5,31.2,1,"1982-1984",29.35
"7397","BN",1984,107,28.4,25,31.5,1,"1982-1984",28.25
"7398","BN",1984,108,30,28,32.1,1,"1982-1984",30.05
"7399","BN",1984,109,30,27.9,32.2,1,"1982-1984",30.05
"7400","BN",1984,110,28,23.7,31.2,1,"1982-1984",27.45
"7401","BN",1984,111,29.8,27.8,32.4,1,"1982-1984",30.1
"7402","BN",1984,112,29.8,26.8,32.2,1,"1982-1984",29.5
"7403","BN",1984,113,26.8,23.3,29.2,1,"1982-1984",26.25
"7404","BN",1984,114,28.4,24,30.8,1,"1982-1984",27.4
"7405","BN",1984,115,28.7,25.8,31,1,"1982-1984",28.4
"7406","BN",1984,116,29.1,26.5,31.7,1,"1982-1984",29.1
"7407","BN",1984,117,28.7,25,31.2,1,"1982-1984",28.1
"7408","BN",1984,118,27.3,23.9,29.9,1,"1982-1984",26.9
"7409","BN",1984,119,28.6,24.8,31,1,"1982-1984",27.9
"7410","BN",1984,120,29.4,26.5,33.5,1,"1982-1984",30
"7411","BN",1984,121,29.1,27.8,30.8,1,"1982-1984",29.3
"7412","BN",1984,122,29.6,27.7,31.5,1,"1982-1984",29.6
"7413","BN",1984,123,27.5,23.3,30,1,"1982-1984",26.65
"7414","BN",1984,124,28.3,25.5,31.7,1,"1982-1984",28.6
"7415","BN",1984,125,28.2,25.4,32.1,1,"1982-1984",28.75
"7416","BN",1984,126,27.4,22.8,30.6,1,"1982-1984",26.7
"7417","BN",1984,127,29.6,26.6,33.5,1,"1982-1984",30.05
"7418","BN",1984,128,28.8,25.6,31.5,1,"1982-1984",28.55
"7419","BN",1984,129,27.2,24,30.4,1,"1982-1984",27.2
"7420","BN",1984,130,28.9,25.6,32,1,"1982-1984",28.8
"7421","BN",1984,131,28.6,24.1,31.4,1,"1982-1984",27.75
"7422","BN",1984,132,26.2,23,30,1,"1982-1984",26.5
"7423","BN",1984,133,27.5,24.9,31.4,1,"1982-1984",28.15
"7424","BN",1984,134,29.7,28.5,32.3,1,"1982-1984",30.4
"7425","BN",1984,135,27.3,26.5,28.5,1,"1982-1984",27.5
"7426","BN",1984,136,27.6,24.6,31,1,"1982-1984",27.8
"7427","BN",1984,137,26.6,24.8,30.2,1,"1982-1984",27.5
"7428","BN",1984,138,27.1,24.2,31.5,1,"1982-1984",27.85
"7429","BN",1984,139,26,24.5,29,1,"1982-1984",26.75
"7430","BN",1984,140,27.4,23,30.6,1,"1982-1984",26.8
"7431","BN",1984,141,28.2,25.5,32.1,1,"1982-1984",28.8
"7432","BN",1984,142,28.9,27.5,31.2,1,"1982-1984",29.35
"7433","BN",1984,143,27.6,25.4,31.7,1,"1982-1984",28.55
"7434","BN",1984,144,27.9,24.9,30.7,1,"1982-1984",27.8
"7435","BN",1984,145,29,24,31.6,1,"1982-1984",27.8
"7436","BN",1984,146,29.1,26.7,31.5,1,"1982-1984",29.1
"7437","BN",1984,147,28.4,27.4,30,1,"1982-1984",28.7
"7438","BN",1984,148,26.8,21.9,30.8,1,"1982-1984",26.35
"7439","BN",1984,149,27.9,25.1,30.7,1,"1982-1984",27.9
"7440","BN",1984,150,27.8,24.7,31.2,1,"1982-1984",27.95
"7441","BN",1984,151,29.8,25.7,31.6,1,"1982-1984",28.65
"7442","BN",1984,152,27.8,25.3,36.4,1,"1982-1984",30.85
"7443","BN",1984,153,27.6,23.8,30.6,1,"1982-1984",27.2
"7444","BN",1984,154,24.8,20,27.5,1,"1982-1984",23.75
"7445","BN",1984,155,27.1,22.9,30.3,1,"1982-1984",26.6
"7446","BN",1984,156,28.8,26.9,30.8,1,"1982-1984",28.85
"7447","BN",1984,157,27.6,25.2,29,1,"1982-1984",27.1
"7448","BN",1984,158,27.7,24.3,30.6,1,"1982-1984",27.45
"7449","BN",1984,159,28.3,24.6,30.8,1,"1982-1984",27.7
"7450","BN",1984,160,28.3,24.8,31,1,"1982-1984",27.9
"7451","BN",1984,161,26.7,25,28,1,"1982-1984",26.5
"7452","BN",1984,162,26.9,23.5,29.8,1,"1982-1984",26.65
"7453","BN",1984,163,28.7,24.4,30.5,1,"1982-1984",27.45
"7454","BN",1984,164,27.1,26,34.2,1,"1982-1984",30.1
"7455","BN",1984,165,26.5,25.1,29.1,1,"1982-1984",27.1
"7456","BN",1984,166,27.5,23,30,1,"1982-1984",26.5
"7457","BN",1984,167,28.3,26,30.5,1,"1982-1984",28.25
"7458","BN",1984,168,26.3,24,28.7,1,"1982-1984",26.35
"7459","BN",1984,169,27.2,24,30.9,1,"1982-1984",27.45
"7460","BN",1984,170,26.6,22.2,30,1,"1982-1984",26.1
"7461","BN",1984,171,27.1,22.1,29.1,1,"1982-1984",25.6
"7462","BN",1984,172,25.2,23,27,1,"1982-1984",25
"7463","BN",1984,173,24.9,23,27.8,1,"1982-1984",25.4
"7464","BN",1984,174,25.9,22.5,28.3,1,"1982-1984",25.4
"7465","BN",1984,175,27.9,24.2,29.6,1,"1982-1984",26.9
"7466","BN",1984,176,26.4,23.5,28.5,1,"1982-1984",26
"7467","BN",1984,177,26.8,24.3,29.5,1,"1982-1984",26.9
"7468","BN",1984,178,26.4,24.1,29.6,1,"1982-1984",26.85
"7469","BN",1984,179,26.4,23.3,28.7,1,"1982-1984",26
"7470","BN",1984,180,26.2,24.5,27.8,1,"1982-1984",26.15
"7471","BN",1984,181,27.2,26.3,31,1,"1982-1984",28.65
"7472","BN",1984,182,26.4,25,29.2,1,"1982-1984",27.1
"7473","BN",1984,183,27.5,24.2,29,1,"1982-1984",26.6
"7474","BN",1984,184,26.4,24.1,28.5,1,"1982-1984",26.3
"7475","BN",1984,185,26.6,23.5,28.9,1,"1982-1984",26.2
"7476","BN",1984,186,26.4,25.5,28.8,1,"1982-1984",27.15
"7477","BN",1984,187,26.8,24.2,29.5,1,"1982-1984",26.85
"7478","BN",1984,188,26.8,23.8,29,1,"1982-1984",26.4
"7479","BN",1984,189,25.8,24.3,28.7,1,"1982-1984",26.5
"7480","BN",1984,190,25.1,23,28.7,1,"1982-1984",25.85
"7481","BN",1984,191,26.6,25,28.2,1,"1982-1984",26.6
"7482","BN",1984,192,25,23.9,26.2,1,"1982-1984",25.05
"7483","BN",1984,193,24.7,22.5,26.5,1,"1982-1984",24.5
"7484","BN",1984,194,25.7,23.5,28.3,1,"1982-1984",25.9
"7485","BN",1984,195,26.1,22.5,29,1,"1982-1984",25.75
"7486","BN",1984,196,24.7,23.6,25.6,1,"1982-1984",24.6
"7487","BN",1984,197,25.9,24,27.6,1,"1982-1984",25.8
"7488","BN",1984,198,25.4,24,28,1,"1982-1984",26
"7489","BN",1984,199,25.8,23.9,28.2,1,"1982-1984",26.05
"7490","BN",1984,200,25.6,23.9,28.5,1,"1982-1984",26.2
"7491","BN",1984,201,25,22.5,27,1,"1982-1984",24.75
"7492","BN",1984,202,25,22.9,28,1,"1982-1984",25.45
"7493","BN",1984,203,25.2,23.8,27.5,1,"1982-1984",25.65
"7494","BN",1984,204,25.8,23.9,27.8,1,"1982-1984",25.85
"7495","BN",1984,205,26.3,24,29.5,1,"1982-1984",26.75
"7496","BN",1984,206,25.4,23.4,28.2,1,"1982-1984",25.8
"7497","BN",1984,207,26,24.3,28,1,"1982-1984",26.15
"7498","BN",1984,208,25.9,24,27.8,1,"1982-1984",25.9
"7499","BN",1984,209,26.1,24,28,1,"1982-1984",26
"7500","BN",1984,210,25.6,23.4,27.8,1,"1982-1984",25.6
"7501","BN",1984,211,25.9,23.8,28,1,"1982-1984",25.9
"7502","BN",1984,212,25.2,24.1,27.6,1,"1982-1984",25.85
"7503","BN",1984,213,25.5,23.8,27.5,1,"1982-1984",25.65
"7504","BN",1984,214,25.1,23.8,27.6,1,"1982-1984",25.7
"7505","BN",1984,215,25.2,24,27.3,1,"1982-1984",25.65
"7506","BN",1984,216,24.6,23.7,27,1,"1982-1984",25.35
"7507","BN",1984,217,25.2,23.5,27.5,1,"1982-1984",25.5
"7508","BN",1984,218,25,23.3,26.3,1,"1982-1984",24.8
"7509","BN",1984,219,25.4,23.1,27.5,1,"1982-1984",25.3
"7510","BN",1984,220,25.4,23.4,27.9,1,"1982-1984",25.65
"7511","BN",1984,221,25.3,23,27.4,1,"1982-1984",25.2
"7512","BN",1984,222,24.7,22.8,27.5,1,"1982-1984",25.15
"7513","BN",1984,223,26,23.9,28.2,1,"1982-1984",26.05
"7514","BN",1984,224,25.5,23.5,27.8,1,"1982-1984",25.65
"7515","BN",1984,225,26,24.3,27.8,1,"1982-1984",26.05
"7516","BN",1984,226,25,23.8,26.5,1,"1982-1984",25.15
"7517","BN",1984,227,26.3,24.4,28.8,1,"1982-1984",26.6
"7518","BN",1984,228,25.8,23.5,28.6,1,"1982-1984",26.05
"7519","BN",1984,229,26.1,24.6,28.8,1,"1982-1984",26.7
"7520","BN",1984,230,26.3,25,29.1,1,"1982-1984",27.05
"7521","BN",1984,231,26.2,24.7,28.9,1,"1982-1984",26.8
"7522","BN",1984,232,26.3,24.5,28.6,1,"1982-1984",26.55
"7523","BN",1984,233,23.9,20.9,25.3,1,"1982-1984",23.1
"7524","BN",1984,234,25.2,23.5,27.8,1,"1982-1984",25.65
"7525","BN",1984,235,25.7,24,28,1,"1982-1984",26
"7526","BN",1984,236,25.3,23.9,27.8,1,"1982-1984",25.85
"7527","BN",1984,237,25.6,23.9,28.2,1,"1982-1984",26.05
"7528","BN",1984,238,25.8,24,28.6,1,"1982-1984",26.3
"7529","BN",1984,239,26.7,24.3,28.6,1,"1982-1984",26.45
"7530","BN",1984,240,25.9,24,30.2,1,"1982-1984",27.1
"7531","BN",1984,241,26.4,24.6,28.5,1,"1982-1984",26.55
"7532","BN",1984,242,25.5,22.8,27.6,1,"1982-1984",25.2
"7533","BN",1984,243,25.3,23.1,27.4,1,"1982-1984",25.25
"7534","BN",1984,244,25.5,24.4,27,1,"1982-1984",25.7
"7535","BN",1984,245,25.8,24,27.1,1,"1982-1984",25.55
"7536","BN",1984,246,25.1,24,27.2,1,"1982-1984",25.6
"7537","BN",1984,247,24.2,23.7,25.6,1,"1982-1984",24.65
"7538","BN",1984,248,24.3,23.1,26,1,"1982-1984",24.55
"7539","BN",1984,249,24.7,22.9,26.5,1,"1982-1984",24.7
"7540","BN",1984,250,24.1,22.3,25.9,1,"1982-1984",24.1
"7541","BN",1984,251,24.3,21.7,26.8,1,"1982-1984",24.25
"7542","BN",1984,252,24.8,22.9,27.5,1,"1982-1984",25.2
"7543","BN",1984,253,25.3,23.1,27.7,1,"1982-1984",25.4
"7544","BN",1984,254,25.9,24,28.2,1,"1982-1984",26.1
"7545","BN",1984,255,25.9,22.7,28,1,"1982-1984",25.35
"7546","BN",1984,256,26.1,23.1,28.6,1,"1982-1984",25.85
"7547","BN",1984,257,25.9,22.4,30.8,1,"1982-1984",26.6
"7548","BN",1984,258,25.3,21.5,27.5,1,"1982-1984",24.5
"7549","BN",1984,259,27.2,23.9,29,1,"1982-1984",26.45
"7550","BN",1984,260,26.4,24,29.6,1,"1982-1984",26.8
"7551","BN",1984,261,24.2,22.2,25.7,1,"1982-1984",23.95
"7552","BN",1984,262,25.2,23.3,28.5,1,"1982-1984",25.9
"7553","BN",1984,263,26.2,23.4,29,1,"1982-1984",26.2
"7554","BN",1984,264,25.7,21.9,28.5,1,"1982-1984",25.2
"7555","BN",1984,265,26.9,25.3,29.2,1,"1982-1984",27.25
"7556","BN",1984,267,25.2,21.3,28,1,"1982-1984",24.65
"7557","BN",1984,268,26.8,25.3,29.2,1,"1982-1984",27.25
"7558","BN",1984,269,27,24.4,29.5,1,"1982-1984",26.95
"7559","BN",1984,270,27.4,24.6,30.1,1,"1982-1984",27.35
"7560","BN",1984,271,26.9,25.1,29.6,1,"1982-1984",27.35
"7561","BN",1984,272,25.9,24.5,27.5,1,"1982-1984",26
"7562","BN",1984,273,26.2,24.5,31.3,1,"1982-1984",27.9
"7563","BN",1984,274,26.2,22.7,29,1,"1982-1984",25.85
"7564","BN",1984,275,26.1,16.1,29.2,1,"1982-1984",22.65
"7565","BN",1984,276,25.9,22.8,29,1,"1982-1984",25.9
"7566","BN",1984,277,27.4,25.9,29,1,"1982-1984",27.45
"7567","BN",1984,278,27.2,25.4,29.5,1,"1982-1984",27.45
"7568","BN",1984,279,26.7,20.3,28.6,1,"1982-1984",24.45
"7569","BN",1984,280,26.4,22,29,1,"1982-1984",25.5
"7570","BN",1984,281,25,22,28.4,1,"1982-1984",25.2
"7571","BN",1984,282,25.5,21.8,29,1,"1982-1984",25.4
"7572","BN",1984,283,25.8,23.8,27,1,"1982-1984",25.4
"7573","BN",1984,284,26.3,20.6,29.4,1,"1982-1984",25
"7574","BN",1984,285,27.6,23.6,29.7,1,"1982-1984",26.65
"7575","BN",1984,286,25.8,24.8,26.9,1,"1982-1984",25.85
"7576","BN",1984,287,27.2,23.8,29.6,1,"1982-1984",26.7
"7577","BN",1984,288,27.6,25.5,30.2,1,"1982-1984",27.85
"7578","BN",1984,289,27.9,24.3,30.4,1,"1982-1984",27.35
"7579","BN",1984,290,25.4,21.8,27.6,1,"1982-1984",24.7
"7580","BN",1984,291,27.4,26,29.8,1,"1982-1984",27.9
"7581","BN",1984,292,25.2,24,28.4,1,"1982-1984",26.2
"7582","BN",1984,293,26.1,22.8,29.6,1,"1982-1984",26.2
"7583","BN",1984,294,27.4,25.1,30.1,1,"1982-1984",27.6
"7584","BN",1984,295,28.6,26.3,30.5,1,"1982-1984",28.4
"7585","BN",1984,296,25.5,22,29.5,1,"1982-1984",25.75
"7586","BN",1984,297,27.2,23.5,30.2,1,"1982-1984",26.85
"7587","BN",1984,298,28,25.7,31,1,"1982-1984",28.35
"7588","BN",1984,299,28.7,25,30.5,1,"1982-1984",27.75
"7589","BN",1984,300,28.2,25.5,31.1,1,"1982-1984",28.3
"7590","BN",1984,301,28.2,25,30.3,1,"1982-1984",27.65
"7591","BN",1984,302,28.3,26,31.3,1,"1982-1984",28.65
"7592","BN",1984,303,28.2,27,29.6,1,"1982-1984",28.3
"7593","BN",1984,304,25.9,22,28,1,"1982-1984",25
"7594","BN",1984,305,28,26.5,29.7,1,"1982-1984",28.1
"7595","BN",1984,306,27.9,25.1,30.8,1,"1982-1984",27.95
"7596","BN",1984,307,28.9,26.8,31,1,"1982-1984",28.9
"7597","BN",1984,308,28.6,26.6,31,1,"1982-1984",28.8
"7598","BN",1984,309,28.9,27,31.4,1,"1982-1984",29.2
"7599","BN",1984,310,28.5,25.4,31.8,1,"1982-1984",28.6
"7600","BN",1984,311,29,27,31.6,1,"1982-1984",29.3
"7601","BN",1984,312,28.8,26.4,31.7,1,"1982-1984",29.05
"7602","BN",1984,313,29,26.8,31,1,"1982-1984",28.9
"7603","BN",1984,314,27.8,25.6,31.9,1,"1982-1984",28.75
"7604","BN",1984,315,28.8,25.4,31.1,1,"1982-1984",28.25
"7605","BN",1984,316,28.2,26,30.7,1,"1982-1984",28.35
"7606","BN",1984,317,28.4,25.9,31,1,"1982-1984",28.45
"7607","BN",1984,318,27.5,24.9,30,1,"1982-1984",27.45
"7608","BN",1984,319,26.4,21.9,29.4,1,"1982-1984",25.65
"7609","BN",1984,320,27.1,24,30.2,1,"1982-1984",27.1
"7610","BN",1984,321,26.9,20,30.5,1,"1982-1984",25.25
"7611","BN",1984,322,28.2,24.3,30.5,1,"1982-1984",27.4
"7612","BN",1984,323,28.4,27,30.8,1,"1982-1984",28.9
"7613","BN",1984,324,28.2,26.6,30.7,1,"1982-1984",28.65
"7614","BN",1984,325,27.9,24.3,30.5,1,"1982-1984",27.4
"7615","BN",1984,326,27.6,24.4,30.4,1,"1982-1984",27.4
"7616","BN",1984,327,28,24.4,30.5,1,"1982-1984",27.45
"7617","BN",1984,328,27,23.9,31,1,"1982-1984",27.45
"7618","BN",1984,329,27.4,23.7,30,1,"1982-1984",26.85
"7619","BN",1984,330,27.7,24.3,31.3,1,"1982-1984",27.8
"7620","BN",1984,331,27.1,24.9,29.5,1,"1982-1984",27.2
"7621","BN",1984,332,27.1,24.6,29.8,1,"1982-1984",27.2
"7622","BN",1984,333,27.4,23.5,30.5,1,"1982-1984",27
"7623","BN",1984,334,26.9,24.4,30.1,1,"1982-1984",27.25
"7624","BN",1984,335,27.6,24.1,30.5,1,"1982-1984",27.3
"7625","BN",1984,336,27.8,24,30.9,1,"1982-1984",27.45
"7626","BN",1984,337,27.8,24.4,31,1,"1982-1984",27.7
"7627","BN",1984,338,28,23.8,35,1,"1982-1984",29.4
"7628","BN",1984,339,28.3,23.9,31,1,"1982-1984",27.45
"7629","BN",1984,340,27.7,23.8,30.7,1,"1982-1984",27.25
"7630","BN",1984,341,27.9,24.9,30.7,1,"1982-1984",27.8
"7631","BN",1984,342,27.2,24.2,30.6,1,"1982-1984",27.4
"7632","BN",1984,343,27.9,23.9,31,1,"1982-1984",27.45
"7633","BN",1984,344,27.4,24.7,32.6,1,"1982-1984",28.65
"7634","BN",1984,345,27.1,22.6,32.1,1,"1982-1984",27.35
"7635","BN",1984,346,26.6,22.6,31.9,1,"1982-1984",27.25
"7636","BN",1984,347,27.8,23,32,1,"1982-1984",27.5
"7637","BN",1984,348,25.6,20.8,30,1,"1982-1984",25.4
"7638","BN",1984,349,25.7,20.2,30.9,1,"1982-1984",25.55
"7639","BN",1984,350,25.2,20,32.4,1,"1982-1984",26.2
"7640","BN",1984,351,26.2,20.9,29.1,1,"1982-1984",25
"7641","BN",1984,352,26.7,21,32.6,1,"1982-1984",26.8
"7642","BN",1984,353,26.4,22.3,30,1,"1982-1984",26.15
"7643","BN",1984,354,26.7,23.5,30.7,1,"1982-1984",27.1
"7644","BN",1984,355,25.8,23,29.3,1,"1982-1984",26.15
"7645","BN",1984,356,26,23.7,31.7,1,"1982-1984",27.7
"7646","BN",1984,357,27.3,23,31.2,1,"1982-1984",27.1
"7647","BN",1984,358,27.1,23.9,29.1,1,"1982-1984",26.5
"7648","BN",1984,359,27.6,25,29.4,1,"1982-1984",27.2
"7649","BN",1984,360,27.3,24.5,30.3,1,"1982-1984",27.4
"7650","BN",1984,361,27.9,24.7,30.4,1,"1982-1984",27.55
"7651","BN",1984,362,27.4,25.9,29.3,1,"1982-1984",27.6
"7652","BN",1984,363,26.9,23.1,30.1,1,"1982-1984",26.6
"7653","BN",1984,364,28.1,25.8,33,1,"1982-1984",29.4
"7654","BN",1984,365,27.4,25,31.3,1,"1982-1984",28.15
"7655","BN",1984,366,27.4,24,30.6,1,"1982-1984",27.3
"7656","BN",2022,1,29.4,26,32,1,"2022-2024",29
"7657","BN",2022,2,29.1,26,32,1,"2022-2024",29
"7658","BN",2022,3,29.1,26,33,1,"2022-2024",29.5
"7659","BN",2022,4,28.6,26,32,1,"2022-2024",29
"7660","BN",2022,5,28.1,24.7,32.5,1,"2022-2024",28.6
"7661","BN",2022,6,28.9,23.7,33,1,"2022-2024",28.35
"7662","BN",2022,7,29.3,27,32,1,"2022-2024",29.5
"7663","BN",2022,8,29.4,26.9,32.1,1,"2022-2024",29.5
"7664","BN",2022,9,29.9,26.1,35.4,1,"2022-2024",30.75
"7665","BN",2022,10,28.5,25,32,1,"2022-2024",28.5
"7666","BN",2022,11,29.3,25,32,1,"2022-2024",28.5
"7667","BN",2022,12,29.8,27.4,32,1,"2022-2024",29.7
"7668","BN",2022,13,29.3,27.7,32,1,"2022-2024",29.85
"7669","BN",2022,14,29.3,26.7,32.2,1,"2022-2024",29.45
"7670","BN",2022,15,28.5,25.8,31.4,1,"2022-2024",28.6
"7671","BN",2022,16,28.3,25.8,32,1,"2022-2024",28.9
"7672","BN",2022,17,28.2,24.8,31.1,1,"2022-2024",27.95
"7673","BN",2022,18,28,25.1,32,1,"2022-2024",28.55
"7674","BN",2022,19,27.3,23.6,33.5,1,"2022-2024",28.55
"7675","BN",2022,20,27.6,23.9,33,1,"2022-2024",28.45
"7676","BN",2022,21,26.3,20.6,33.3,1,"2022-2024",26.95
"7677","BN",2022,22,26.8,21,34.2,1,"2022-2024",27.6
"7678","BN",2022,23,27.6,22.1,32.3,1,"2022-2024",27.2
"7679","BN",2022,24,27.6,22.6,31.4,1,"2022-2024",27
"7680","BN",2022,25,27.9,23.8,35,1,"2022-2024",29.4
"7681","BN",2022,26,26.6,20.3,33.1,1,"2022-2024",26.7
"7682","BN",2022,27,27.1,21.3,32.4,1,"2022-2024",26.85
"7683","BN",2022,28,28.3,24,33.3,1,"2022-2024",28.65
"7684","BN",2022,29,28.8,24,35.2,1,"2022-2024",29.6
"7685","BN",2022,30,27.9,23.5,34,1,"2022-2024",28.75
"7686","BN",2022,31,26.7,20.9,33.2,1,"2022-2024",27.05
"7687","BN",2022,32,27.9,22.1,34,1,"2022-2024",28.05
"7688","BN",2022,33,26.8,21.2,32.2,1,"2022-2024",26.7
"7689","BN",2022,34,27.7,23,32.6,1,"2022-2024",27.8
"7690","BN",2022,35,28.7,26,32,1,"2022-2024",29
"7691","BN",2022,36,28.4,25.8,31.6,1,"2022-2024",28.7
"7692","BN",2022,37,28.4,24.7,32,1,"2022-2024",28.35
"7693","BN",2022,38,28.9,25.3,32,1,"2022-2024",28.65
"7694","BN",2022,39,28.9,25.6,32,1,"2022-2024",28.8
"7695","BN",2022,40,29.3,26.5,32,1,"2022-2024",29.25
"7696","BN",2022,41,29.2,26.6,32,1,"2022-2024",29.3
"7697","BN",2022,42,28.9,26.3,32.2,1,"2022-2024",29.25
"7698","BN",2022,43,28.4,24.9,31,1,"2022-2024",27.95
"7699","BN",2022,44,29.2,28,31.6,1,"2022-2024",29.8
"7700","BN",2022,45,28.9,26.8,31.5,1,"2022-2024",29.15
"7701","BN",2022,46,29.1,27,31.7,1,"2022-2024",29.35
"7702","BN",2022,47,28.9,27,31.4,1,"2022-2024",29.2
"7703","BN",2022,48,29.1,27.7,32,1,"2022-2024",29.85
"7704","BN",2022,49,28.9,27.7,31,1,"2022-2024",29.35
"7705","BN",2022,52,30.1,28,32,1,"2022-2024",30
"7706","BN",2022,53,28.8,26,32,1,"2022-2024",29
"7707","BN",2022,54,29.2,28,31.2,1,"2022-2024",29.6
"7708","BN",2022,55,29.4,27,32,1,"2022-2024",29.5
"7709","BN",2022,56,28.9,26,32,1,"2022-2024",29
"7710","BN",2022,57,29.2,26.6,32,1,"2022-2024",29.3
"7711","BN",2022,58,29.6,28,32.1,1,"2022-2024",30.05
"7712","BN",2022,59,29.5,27,32,1,"2022-2024",29.5
"7713","BN",2022,60,29.6,28,32,1,"2022-2024",30
"7714","BN",2022,61,29.7,28,32.2,1,"2022-2024",30.1
"7715","BN",2022,62,29.6,25.2,32.5,1,"2022-2024",28.85
"7716","BN",2022,63,29.4,28,32.2,1,"2022-2024",30.1
"7717","BN",2022,64,28.8,25,32.3,1,"2022-2024",28.65
"7718","BN",2022,65,27.9,24.7,31.5,1,"2022-2024",28.1
"7719","BN",2022,66,29.3,28,32.3,1,"2022-2024",30.15
"7720","BN",2022,67,29.9,28,32.1,1,"2022-2024",30.05
"7721","BN",2022,68,30.2,28,33,1,"2022-2024",30.5
"7722","BN",2022,69,30.3,29,33,1,"2022-2024",31
"7723","BN",2022,70,29.9,26.2,33,1,"2022-2024",29.6
"7724","BN",2022,71,27.4,22.9,30.7,1,"2022-2024",26.8
"7725","BN",2022,72,28.9,25,32,1,"2022-2024",28.5
"7726","BN",2022,73,29.2,26.6,32,1,"2022-2024",29.3
"7727","BN",2022,74,29.4,25,32,1,"2022-2024",28.5
"7728","BN",2022,75,29.9,28,32,1,"2022-2024",30
"7729","BN",2022,76,29.8,28,32,1,"2022-2024",30
"7730","BN",2022,77,30.1,28,33,1,"2022-2024",30.5
"7731","BN",2022,78,29.6,28,32.5,1,"2022-2024",30.25
"7732","BN",2022,79,30.2,28.9,33,1,"2022-2024",30.95
"7733","BN",2022,80,29.7,28,32.6,1,"2022-2024",30.3
"7734","BN",2022,81,29.3,27.6,31.2,1,"2022-2024",29.4
"7735","BN",2022,82,29.6,28,32.2,1,"2022-2024",30.1
"7736","BN",2022,83,29.1,28,32,1,"2022-2024",30
"7737","BN",2022,84,29.2,26.6,32.1,1,"2022-2024",29.35
"7738","BN",2022,85,29.5,28,32,1,"2022-2024",30
"7739","BN",2022,86,30.4,28,33,1,"2022-2024",30.5
"7740","BN",2022,87,30.3,28,33,1,"2022-2024",30.5
"7741","BN",2022,88,30.3,28.8,33,1,"2022-2024",30.9
"7742","BN",2022,89,30,28,33,1,"2022-2024",30.5
"7743","BN",2022,90,30.4,28.9,33.2,1,"2022-2024",31.05
"7744","BN",2022,91,28.7,25,31.3,1,"2022-2024",28.15
"7745","BN",2022,92,29.7,26,33,1,"2022-2024",29.5
"7746","BN",2022,93,29.9,28,32.3,1,"2022-2024",30.15
"7747","BN",2022,94,29.7,28.9,32.1,1,"2022-2024",30.5
"7748","BN",2022,95,30.1,28,33,1,"2022-2024",30.5
"7749","BN",2022,96,27.9,24,30.7,1,"2022-2024",27.35
"7750","BN",2022,97,28.3,25,32,1,"2022-2024",28.5
"7751","BN",2022,98,27.4,22.2,31,1,"2022-2024",26.6
"7752","BN",2022,99,27.3,25.7,29.2,1,"2022-2024",27.45
"7753","BN",2022,100,28.4,24,32,1,"2022-2024",28
"7754","BN",2022,101,29.6,27,32.3,1,"2022-2024",29.65
"7755","BN",2022,102,28.1,23.9,32.2,1,"2022-2024",28.05
"7756","BN",2022,103,27.6,24,31,1,"2022-2024",27.5
"7757","BN",2022,104,28.1,25.8,31,1,"2022-2024",28.4
"7758","BN",2022,105,29,25.6,32,1,"2022-2024",28.8
"7759","BN",2022,106,27.6,24.5,30.6,1,"2022-2024",27.55
"7760","BN",2022,107,29.1,26,31.5,1,"2022-2024",28.75
"7761","BN",2022,108,26.1,23.5,29,1,"2022-2024",26.25
"7762","BN",2022,109,28.3,25,31.4,1,"2022-2024",28.2
"7763","BN",2022,110,29.1,25.9,31.6,1,"2022-2024",28.75
"7764","BN",2022,111,27.2,24,30,1,"2022-2024",27
"7765","BN",2022,112,28.4,25,31.3,1,"2022-2024",28.15
"7766","BN",2022,113,29.1,26.9,31.8,1,"2022-2024",29.35
"7767","BN",2022,114,27.6,25,29.5,1,"2022-2024",27.25
"7768","BN",2022,115,28.2,23.6,32.2,1,"2022-2024",27.9
"7769","BN",2022,116,28.1,24.4,31,1,"2022-2024",27.7
"7770","BN",2022,117,28.8,25,31.4,1,"2022-2024",28.2
"7771","BN",2022,118,26.7,23.6,30.4,1,"2022-2024",27
"7772","BN",2022,119,28.3,25,32,1,"2022-2024",28.5
"7773","BN",2022,120,27.9,24.6,31.2,1,"2022-2024",27.9
"7774","BN",2022,121,29.4,27,32,1,"2022-2024",29.5
"7775","BN",2022,122,29.4,27,32,1,"2022-2024",29.5
"7776","BN",2022,123,28.7,25.6,31.5,1,"2022-2024",28.55
"7777","BN",2022,124,27.7,24,32,1,"2022-2024",28
"7778","BN",2022,125,27.3,23.4,31,1,"2022-2024",27.2
"7779","BN",2022,126,25.1,23,28,1,"2022-2024",25.5
"7780","BN",2022,127,27.9,23.8,31.4,1,"2022-2024",27.6
"7781","BN",2022,128,29.1,25.8,32,1,"2022-2024",28.9
"7782","BN",2022,129,29.4,26.7,32,1,"2022-2024",29.35
"7783","BN",2022,130,28.4,26,31.1,1,"2022-2024",28.55
"7784","BN",2022,131,29.7,27,32.2,1,"2022-2024",29.6
"7785","BN",2022,132,29.5,28,32,1,"2022-2024",30
"7786","BN",2022,133,29.4,25.3,32.3,1,"2022-2024",28.8
"7787","BN",2022,134,29.1,26,31.2,1,"2022-2024",28.6
"7788","BN",2022,135,29.6,26.2,32.2,1,"2022-2024",29.2
"7789","BN",2022,136,29.7,27.6,32.5,1,"2022-2024",30.05
"7790","BN",2022,137,27.9,25,30.7,1,"2022-2024",27.85
"7791","BN",2022,138,28.8,25,32,1,"2022-2024",28.5
"7792","BN",2022,139,28.8,26.3,30.3,1,"2022-2024",28.3
"7793","BN",2022,140,29.3,27,32,1,"2022-2024",29.5
"7794","BN",2022,141,26.7,23,31,1,"2022-2024",27
"7795","BN",2022,142,26.7,23.6,30.2,1,"2022-2024",26.9
"7796","BN",2022,143,28,24.6,33,1,"2022-2024",28.8
"7797","BN",2022,144,27.7,24.7,30.7,1,"2022-2024",27.7
"7798","BN",2022,145,27.8,25.6,30.1,1,"2022-2024",27.85
"7799","BN",2022,146,28,25,31.2,1,"2022-2024",28.1
"7800","BN",2022,147,27.4,24.2,30.5,1,"2022-2024",27.35
"7801","BN",2022,148,28.6,25.8,31.6,1,"2022-2024",28.7
"7802","BN",2022,149,29.4,27.9,31.5,1,"2022-2024",29.7
"7803","BN",2022,150,29.1,25.9,31.5,1,"2022-2024",28.7
"7804","BN",2022,151,27.4,24.1,29.4,1,"2022-2024",26.75
"7805","BN",2022,152,27.9,24.7,30.5,1,"2022-2024",27.6
"7806","BN",2022,153,28.7,25.1,31.7,1,"2022-2024",28.4
"7807","BN",2022,154,26.1,24.3,28.6,1,"2022-2024",26.45
"7808","BN",2022,155,26.7,23,30.8,1,"2022-2024",26.9
"7809","BN",2022,156,27.1,24,30.1,1,"2022-2024",27.05
"7810","BN",2022,157,26.6,24,29.8,1,"2022-2024",26.9
"7811","BN",2022,158,27.9,24,31,1,"2022-2024",27.5
"7812","BN",2022,159,29,25.6,31.2,1,"2022-2024",28.4
"7813","BN",2022,160,29.6,27,32,1,"2022-2024",29.5
"7814","BN",2022,161,26.4,22,29.1,1,"2022-2024",25.55
"7815","BN",2022,162,25.7,24,27.6,1,"2022-2024",25.8
"7816","BN",2022,163,27.1,23.9,30,1,"2022-2024",26.95
"7817","BN",2022,164,27.9,24.4,30.5,1,"2022-2024",27.45
"7818","BN",2022,165,29,26.5,31,1,"2022-2024",28.75
"7819","BN",2022,166,25.8,24,28.7,1,"2022-2024",26.35
"7820","BN",2022,167,25.7,23.5,28.4,1,"2022-2024",25.95
"7821","BN",2022,168,26.1,23.8,30.2,1,"2022-2024",27
"7822","BN",2022,169,26.1,24,28.8,1,"2022-2024",26.4
"7823","BN",2022,170,26.3,23.4,29.2,1,"2022-2024",26.3
"7824","BN",2022,171,27.6,25,29.2,1,"2022-2024",27.1
"7825","BN",2022,172,26.2,22,29.2,1,"2022-2024",25.6
"7826","BN",2022,173,25.3,21.8,28.2,1,"2022-2024",25
"7827","BN",2022,174,26.8,24.7,30,1,"2022-2024",27.35
"7828","BN",2022,175,24.7,22,28.1,1,"2022-2024",25.05
"7829","BN",2022,176,24.9,22,28.6,1,"2022-2024",25.3
"7830","BN",2022,177,25.1,23.5,28.6,1,"2022-2024",26.05
"7831","BN",2022,178,27.2,25,29.7,1,"2022-2024",27.35
"7832","BN",2022,179,27.8,26,30,1,"2022-2024",28
"7833","BN",2022,180,26.9,24,29.4,1,"2022-2024",26.7
"7834","BN",2022,181,25.5,22.1,29,1,"2022-2024",25.55
"7835","BN",2022,182,27.1,25,29,1,"2022-2024",27
"7836","BN",2022,183,26.8,25,29.6,1,"2022-2024",27.3
"7837","BN",2022,184,26.6,24,29,1,"2022-2024",26.5
"7838","BN",2022,185,26.9,25.7,29,1,"2022-2024",27.35
"7839","BN",2022,186,26.2,24.3,28.3,1,"2022-2024",26.3
"7840","BN",2022,187,26.6,24.6,29.2,1,"2022-2024",26.9
"7841","BN",2022,188,26.8,25,29,1,"2022-2024",27
"7842","BN",2022,189,26,25,27.5,1,"2022-2024",26.25
"7843","BN",2022,190,25.8,25,27,1,"2022-2024",26
"7844","BN",2022,191,26.3,25,28.4,1,"2022-2024",26.7
"7845","BN",2022,192,26.3,25,28.3,1,"2022-2024",26.65
"7846","BN",2022,193,25.6,24,27,1,"2022-2024",25.5
"7847","BN",2022,194,25.8,23.9,27.6,1,"2022-2024",25.75
"7848","BN",2022,195,26.6,25.3,29,1,"2022-2024",27.15
"7849","BN",2022,196,26.4,25,29,1,"2022-2024",27
"7850","BN",2022,197,26.6,25,28.6,1,"2022-2024",26.8
"7851","BN",2022,198,26.8,25.9,29,1,"2022-2024",27.45
"7852","BN",2022,199,25.9,25,28.6,1,"2022-2024",26.8
"7853","BN",2022,200,26.1,25,28.8,1,"2022-2024",26.9
"7854","BN",2022,201,26,24,28.9,1,"2022-2024",26.45
"7855","BN",2022,202,26.1,23.6,28.7,1,"2022-2024",26.15
"7856","BN",2022,203,26.1,23.4,29,1,"2022-2024",26.2
"7857","BN",2022,204,26.4,25,29.1,1,"2022-2024",27.05
"7858","BN",2022,205,26.7,25,29.2,1,"2022-2024",27.1
"7859","BN",2022,206,26.3,25,28.9,1,"2022-2024",26.95
"7860","BN",2022,207,26.2,25,27.5,1,"2022-2024",26.25
"7861","BN",2022,208,26.2,25.7,27.8,1,"2022-2024",26.75
"7862","BN",2022,209,26.1,25,27.8,1,"2022-2024",26.4
"7863","BN",2022,210,26.1,25,28.3,1,"2022-2024",26.65
"7864","BN",2022,211,25.8,25,28.4,1,"2022-2024",26.7
"7865","BN",2022,212,25.6,24,28.2,1,"2022-2024",26.1
"7866","BN",2022,213,24.4,23,27,1,"2022-2024",25
"7867","BN",2022,214,24.1,22,27,1,"2022-2024",24.5
"7868","BN",2022,215,24.4,22,27,1,"2022-2024",24.5
"7869","BN",2022,216,24.7,23,27.6,1,"2022-2024",25.3
"7870","BN",2022,217,25.1,23,28,1,"2022-2024",25.5
"7871","BN",2022,218,24.9,22,28,1,"2022-2024",25
"7872","BN",2022,219,25.4,22.9,28.2,1,"2022-2024",25.55
"7873","BN",2022,220,25.3,24,28.2,1,"2022-2024",26.1
"7874","BN",2022,221,25.6,24,28.1,1,"2022-2024",26.05
"7875","BN",2022,222,25.5,24,28,1,"2022-2024",26
"7876","BN",2022,223,25.5,24,28,1,"2022-2024",26
"7877","BN",2022,224,24.9,24,26.6,1,"2022-2024",25.3
"7878","BN",2022,225,25.5,24,28.3,1,"2022-2024",26.15
"7879","BN",2022,226,24.7,24,27,1,"2022-2024",25.5
"7880","BN",2022,227,24.7,23.9,26.8,1,"2022-2024",25.35
"7881","BN",2022,228,25.2,23.9,27,1,"2022-2024",25.45
"7882","BN",2022,229,25.2,23,28.1,1,"2022-2024",25.55
"7883","BN",2022,230,25.2,22.9,28,1,"2022-2024",25.45
"7884","BN",2022,231,25.7,24.8,27.8,1,"2022-2024",26.3
"7885","BN",2022,232,25.8,24,29,1,"2022-2024",26.5
"7886","BN",2022,233,25.7,23,29,1,"2022-2024",26
"7887","BN",2022,234,25.8,24,28,1,"2022-2024",26
"7888","BN",2022,235,25.7,24.4,28.3,1,"2022-2024",26.35
"7889","BN",2022,236,25.8,24,28,1,"2022-2024",26
"7890","BN",2022,237,25.2,22.7,28.1,1,"2022-2024",25.4
"7891","BN",2022,238,25.5,24,28,1,"2022-2024",26
"7892","BN",2022,239,25.2,23.3,26.8,1,"2022-2024",25.05
"7893","BN",2022,240,25.8,24.8,28.1,1,"2022-2024",26.45
"7894","BN",2022,241,26,24,28,1,"2022-2024",26
"7895","BN",2022,242,25.6,25,27.3,1,"2022-2024",26.15
"7896","BN",2022,243,25.8,24,28.1,1,"2022-2024",26.05
"7897","BN",2022,244,26.1,24,28.4,1,"2022-2024",26.2
"7898","BN",2022,245,26.4,25,29,1,"2022-2024",27
"7899","BN",2022,246,26.6,25,29.3,1,"2022-2024",27.15
"7900","BN",2022,247,25.7,24.9,26.6,1,"2022-2024",25.75
"7901","BN",2022,248,25.6,23.6,28.4,1,"2022-2024",26
"7902","BN",2022,249,26.4,23.6,29.1,1,"2022-2024",26.35
"7903","BN",2022,250,26.7,24,29.3,1,"2022-2024",26.65
"7904","BN",2022,251,25.9,24.5,28,1,"2022-2024",26.25
"7905","BN",2022,252,26.7,25.6,28.9,1,"2022-2024",27.25
"7906","BN",2022,253,26.1,25.7,27,1,"2022-2024",26.35
"7907","BN",2022,255,25.2,24,26.5,1,"2022-2024",25.25
"7908","BN",2022,256,26.2,25,28.6,1,"2022-2024",26.8
"7909","BN",2022,257,26.6,24,29.1,1,"2022-2024",26.55
"7910","BN",2022,258,25.9,24,28.3,1,"2022-2024",26.15
"7911","BN",2022,259,25.9,24,28.2,1,"2022-2024",26.1
"7912","BN",2022,260,26.1,24,28.6,1,"2022-2024",26.3
"7913","BN",2022,261,26.1,23.9,28.8,1,"2022-2024",26.35
"7914","BN",2022,262,25,24,26.2,1,"2022-2024",25.1
"7915","BN",2022,263,26.3,24.9,28.8,1,"2022-2024",26.85
"7916","BN",2022,264,26.6,24.9,29,1,"2022-2024",26.95
"7917","BN",2022,265,25.3,24.7,26.8,1,"2022-2024",25.75
"7918","BN",2022,266,26.7,25,29,1,"2022-2024",27
"7919","BN",2022,267,26.8,25,29,1,"2022-2024",27
"7920","BN",2022,268,27,25,30,1,"2022-2024",27.5
"7921","BN",2022,269,25.7,22.8,27.2,1,"2022-2024",25
"7922","BN",2022,270,24.9,21.6,28,1,"2022-2024",24.8
"7923","BN",2022,271,25.3,24,26.4,1,"2022-2024",25.2
"7924","BN",2022,272,26,23.8,29,1,"2022-2024",26.4
"7925","BN",2022,273,26.4,25,29,1,"2022-2024",27
"7926","BN",2022,274,26.9,25.8,29,1,"2022-2024",27.4
"7927","BN",2022,275,25.7,24.9,27.7,1,"2022-2024",26.3
"7928","BN",2022,276,25.9,23,29,1,"2022-2024",26
"7929","BN",2022,277,27.3,25,29.3,1,"2022-2024",27.15
"7930","BN",2022,278,27.4,25,30,1,"2022-2024",27.5
"7931","BN",2022,279,27.4,25,30,1,"2022-2024",27.5
"7932","BN",2022,280,26.6,25.8,28.3,1,"2022-2024",27.05
"7933","BN",2022,281,26.4,24.5,29,1,"2022-2024",26.75
"7934","BN",2022,282,25.3,22.9,27.6,1,"2022-2024",25.25
"7935","BN",2022,283,26.4,22.9,29.2,1,"2022-2024",26.05
"7936","BN",2022,284,27.3,25,30,1,"2022-2024",27.5
"7937","BN",2022,285,27.2,24.8,29.6,1,"2022-2024",27.2
"7938","BN",2022,286,26.7,25,29.9,1,"2022-2024",27.45
"7939","BN",2022,287,27.4,24.1,30,1,"2022-2024",27.05
"7940","BN",2022,288,27.4,25,30,1,"2022-2024",27.5
"7941","BN",2022,289,27.3,25.8,30,1,"2022-2024",27.9
"7942","BN",2022,290,28.2,26,30.1,1,"2022-2024",28.05
"7943","BN",2022,291,28.3,26,30.8,1,"2022-2024",28.4
"7944","BN",2022,292,28.1,26,31,1,"2022-2024",28.5
"7945","BN",2022,293,27.5,24,31,1,"2022-2024",27.5
"7946","BN",2022,294,27.9,25.6,30,1,"2022-2024",27.8
"7947","BN",2022,295,27.8,24.9,31,1,"2022-2024",27.95
"7948","BN",2022,296,27.6,25,31,1,"2022-2024",28
"7949","BN",2022,297,27.9,24.9,31,1,"2022-2024",27.95
"7950","BN",2022,298,26.2,24,28.4,1,"2022-2024",26.2
"7951","BN",2022,299,26.7,23.3,31,1,"2022-2024",27.15
"7952","BN",2022,300,28.6,25.7,31.2,1,"2022-2024",28.45
"7953","BN",2022,301,27.6,23.8,30.3,1,"2022-2024",27.05
"7954","BN",2022,302,28.6,27,31.6,1,"2022-2024",29.3
"7955","BN",2022,303,28.2,24,31.7,1,"2022-2024",27.85
"7956","BN",2022,304,28.1,24.8,31.1,1,"2022-2024",27.95
"7957","BN",2022,305,27.8,25,32,1,"2022-2024",28.5
"7958","BN",2022,306,28.4,25,31.9,1,"2022-2024",28.45
"7959","BN",2022,307,29.1,28,31.9,1,"2022-2024",29.95
"7960","BN",2022,308,28.4,27,31,1,"2022-2024",29
"7961","BN",2022,309,27.7,24,31.3,1,"2022-2024",27.65
"7962","BN",2022,310,28.5,24.3,31.5,1,"2022-2024",27.9
"7963","BN",2022,311,28.9,25.2,32,1,"2022-2024",28.6
"7964","BN",2022,312,29.2,26,32.2,1,"2022-2024",29.1
"7965","BN",2022,313,29.1,26.7,32.2,1,"2022-2024",29.45
"7966","BN",2022,314,28.9,25.8,32.1,1,"2022-2024",28.95
"7967","BN",2022,315,28.7,26,31.9,1,"2022-2024",28.95
"7968","BN",2022,316,28.6,25,32,1,"2022-2024",28.5
"7969","BN",2022,317,28.1,27,31.6,1,"2022-2024",29.3
"7970","BN",2022,318,28.3,25,31.5,1,"2022-2024",28.25
"7971","BN",2022,319,28.4,25.6,31.5,1,"2022-2024",28.55
"7972","BN",2022,320,28.7,25.9,31.7,1,"2022-2024",28.8
"7973","BN",2022,321,28.6,26,31.3,1,"2022-2024",28.65
"7974","BN",2022,322,28.6,25.5,31,1,"2022-2024",28.25
"7975","BN",2022,323,27.7,25,31.3,1,"2022-2024",28.15
"7976","BN",2022,324,27.2,24,31,1,"2022-2024",27.5
"7977","BN",2022,325,28.1,24.9,31.1,1,"2022-2024",28
"7978","BN",2022,326,28.5,25.5,31.1,1,"2022-2024",28.3
"7979","BN",2022,327,28.1,26,31.2,1,"2022-2024",28.6
"7980","BN",2022,328,28,25,31.5,1,"2022-2024",28.25
"7981","BN",2022,329,28.4,25.5,32.1,1,"2022-2024",28.8
"7982","BN",2022,330,29,26.8,31.5,1,"2022-2024",29.15
"7983","BN",2022,331,28.8,26,31.8,1,"2022-2024",28.9
"7984","BN",2022,332,28.7,26,31.4,1,"2022-2024",28.7
"7985","BN",2022,333,28.1,25.9,31.7,1,"2022-2024",28.8
"7986","BN",2022,334,28.5,25,31.7,1,"2022-2024",28.35
"7987","BN",2022,335,28.8,25.6,31.6,1,"2022-2024",28.6
"7988","BN",2022,336,28.7,25.7,31.8,1,"2022-2024",28.75
"7989","BN",2022,337,28.9,27,31.5,1,"2022-2024",29.25
"7990","BN",2022,338,29.2,27,32,1,"2022-2024",29.5
"7991","BN",2022,339,29.2,26,32,1,"2022-2024",29
"7992","BN",2022,340,28.9,27,31.9,1,"2022-2024",29.45
"7993","BN",2022,341,28.8,25.7,31,1,"2022-2024",28.35
"7994","BN",2022,342,28.4,25.7,31.4,1,"2022-2024",28.55
"7995","BN",2022,343,28.7,25.5,33,1,"2022-2024",29.25
"7996","BN",2022,344,28.4,25,31.8,1,"2022-2024",28.4
"7997","BN",2022,345,28.5,25.5,32.4,1,"2022-2024",28.95
"7998","BN",2022,346,28.6,25.8,31.4,1,"2022-2024",28.6
"7999","BN",2022,347,28.6,26,31.5,1,"2022-2024",28.75
"8000","BN",2022,348,28.7,25.3,32,1,"2022-2024",28.65
"8001","BN",2022,349,28.4,25.4,31.3,1,"2022-2024",28.35
"8002","BN",2022,350,28.6,25.5,31.4,1,"2022-2024",28.45
"8003","BN",2022,351,28.6,25.8,31.3,1,"2022-2024",28.55
"8004","BN",2022,352,28.4,26,32.1,1,"2022-2024",29.05
"8005","BN",2022,353,28.4,25,34.5,1,"2022-2024",29.75
"8006","BN",2022,354,27.2,23.2,31,1,"2022-2024",27.1
"8007","BN",2022,355,28.3,24.7,31.1,1,"2022-2024",27.9
"8008","BN",2022,356,27.7,25,32,1,"2022-2024",28.5
"8009","BN",2022,357,27.7,21.9,32.8,1,"2022-2024",27.35
"8010","BN",2022,358,26.8,21.9,33.7,1,"2022-2024",27.8
"8011","BN",2022,359,27.3,20.7,33,1,"2022-2024",26.85
"8012","BN",2022,360,26.7,20.4,33,1,"2022-2024",26.7
"8013","BN",2022,361,27.1,21,33.3,1,"2022-2024",27.15
"8014","BN",2022,362,27.5,21.2,34,1,"2022-2024",27.6
"8015","BN",2022,363,27.4,22,31.5,1,"2022-2024",26.75
"8016","BN",2022,364,27.1,23.4,32.3,1,"2022-2024",27.85
"8017","BN",2022,365,26.7,20.4,34,1,"2022-2024",27.2
"8018","BN",2023,1,25.8,19.7,32.9,1,"2022-2024",26.3
"8019","BN",2023,2,26.4,20,33.9,1,"2022-2024",26.95
"8020","BN",2023,3,26.6,20.3,32.2,1,"2022-2024",26.25
"8021","BN",2023,4,26.9,21.6,32.7,1,"2022-2024",27.15
"8022","BN",2023,5,27.4,22.6,33,1,"2022-2024",27.8
"8023","BN",2023,6,27.8,24.8,31,1,"2022-2024",27.9
"8024","BN",2023,7,28.4,25.7,31.3,1,"2022-2024",28.5
"8025","BN",2023,8,28.7,25.2,32.1,1,"2022-2024",28.65
"8026","BN",2023,9,28.8,25.4,33,1,"2022-2024",29.2
"8027","BN",2023,10,28.3,24.8,33.6,1,"2022-2024",29.2
"8028","BN",2023,11,28.2,24.5,32,1,"2022-2024",28.25
"8029","BN",2023,12,27.2,23.9,33.4,1,"2022-2024",28.65
"8030","BN",2023,13,27.8,24.1,33,1,"2022-2024",28.55
"8031","BN",2023,14,28.2,24.5,33.6,1,"2022-2024",29.05
"8032","BN",2023,15,28.3,24.5,32,1,"2022-2024",28.25
"8033","BN",2023,16,28.6,24.3,32.7,1,"2022-2024",28.5
"8034","BN",2023,17,28.6,24.6,32.3,1,"2022-2024",28.45
"8035","BN",2023,18,28,25,32,1,"2022-2024",28.5
"8036","BN",2023,19,28.8,25.1,32,1,"2022-2024",28.55
"8037","BN",2023,20,29.3,26.9,32.2,1,"2022-2024",29.55
"8038","BN",2023,21,29.3,26,32.2,1,"2022-2024",29.1
"8039","BN",2023,22,28.9,27,30.4,1,"2022-2024",28.7
"8040","BN",2023,23,29.4,28,32,1,"2022-2024",30
"8041","BN",2023,24,29.2,26.2,32.2,1,"2022-2024",29.2
"8042","BN",2023,25,29.1,26,32.1,1,"2022-2024",29.05
"8043","BN",2023,26,29.3,28,32,1,"2022-2024",30
"8044","BN",2023,27,29.3,28,32,1,"2022-2024",30
"8045","BN",2023,28,28.7,25.4,31,1,"2022-2024",28.2
"8046","BN",2023,29,29.1,27,31.8,1,"2022-2024",29.4
"8047","BN",2023,30,28.6,27,32,1,"2022-2024",29.5
"8048","BN",2023,31,28.3,27,31.5,1,"2022-2024",29.25
"8049","BN",2023,32,28.2,24.3,31.3,1,"2022-2024",27.8
"8050","BN",2023,33,29.9,27,32.2,1,"2022-2024",29.6
"8051","BN",2023,34,29.2,25.6,32.2,1,"2022-2024",28.9
"8052","BN",2023,35,29.2,27,32,1,"2022-2024",29.5
"8053","BN",2023,36,29.9,28,32.3,1,"2022-2024",30.15
"8054","BN",2023,37,29.5,27,32.2,1,"2022-2024",29.6
"8055","BN",2023,38,28.7,24.6,32.1,1,"2022-2024",28.35
"8056","BN",2023,39,29.2,26,32.6,1,"2022-2024",29.3
"8057","BN",2023,40,29.3,26.4,32.4,1,"2022-2024",29.4
"8058","BN",2023,41,29.6,27,32.2,1,"2022-2024",29.6
"8059","BN",2023,42,29.4,27,32.4,1,"2022-2024",29.7
"8060","BN",2023,43,29.3,26.9,33,1,"2022-2024",29.95
"8061","BN",2023,44,29.3,26.8,33,1,"2022-2024",29.9
"8062","BN",2023,45,29.3,26.8,33,1,"2022-2024",29.9
"8063","BN",2023,46,29.4,26.3,33.2,1,"2022-2024",29.75
"8064","BN",2023,47,29.8,25.9,35.3,1,"2022-2024",30.6
"8065","BN",2023,48,28.8,23.6,34,1,"2022-2024",28.8
"8066","BN",2023,49,28.6,22.8,34,1,"2022-2024",28.4
"8067","BN",2023,50,29.1,24.2,34,1,"2022-2024",29.1
"8068","BN",2023,51,29.3,26.1,32,1,"2022-2024",29.05
"8069","BN",2023,52,29.4,26.9,32,1,"2022-2024",29.45
"8070","BN",2023,53,30.2,28,33,1,"2022-2024",30.5
"8071","BN",2023,54,30.1,28,33,1,"2022-2024",30.5
"8072","BN",2023,55,30.1,29,33,1,"2022-2024",31
"8073","BN",2023,56,30.7,29.9,31,1,"2022-2024",30.45
"8074","BN",2023,58,30.3,29,32.8,1,"2022-2024",30.9
"8075","BN",2023,59,29.1,25,33,1,"2022-2024",29
"8076","BN",2023,60,28.9,25.6,32.5,1,"2022-2024",29.05
"8077","BN",2023,61,30.2,28,33,1,"2022-2024",30.5
"8078","BN",2023,62,28.5,24.9,33.3,1,"2022-2024",29.1
"8079","BN",2023,63,28.9,25.7,32,1,"2022-2024",28.85
"8080","BN",2023,64,29.5,27,33,1,"2022-2024",30
"8081","BN",2023,65,29.8,23,32,1,"2022-2024",27.5
"8082","BN",2023,66,27.9,25,31.8,1,"2022-2024",28.4
"8083","BN",2023,67,30,28,33,1,"2022-2024",30.5
"8084","BN",2023,68,29.6,27,33,1,"2022-2024",30
"8085","BN",2023,69,29.3,26,32.7,1,"2022-2024",29.35
"8086","BN",2023,70,29.6,28,33.2,1,"2022-2024",30.6
"8087","BN",2023,71,28.9,25,33,1,"2022-2024",29
"8088","BN",2023,72,29.1,25.7,32.6,1,"2022-2024",29.15
"8089","BN",2023,73,30.2,28,33,1,"2022-2024",30.5
"8090","BN",2023,74,30.4,28,33.2,1,"2022-2024",30.6
"8091","BN",2023,75,30.4,28,33.1,1,"2022-2024",30.55
"8092","BN",2023,76,30.7,28,33.5,1,"2022-2024",30.75
"8093","BN",2023,77,28.4,23,31,1,"2022-2024",27
"8094","BN",2023,78,28.3,24.2,32.1,1,"2022-2024",28.15
"8095","BN",2023,79,29.1,26,32,1,"2022-2024",29
"8096","BN",2023,80,29.9,28,32,1,"2022-2024",30
"8097","BN",2023,81,27.4,23.9,31.3,1,"2022-2024",27.6
"8098","BN",2023,82,28.6,25.1,32,1,"2022-2024",28.55
"8099","BN",2023,83,27.6,23.7,30.3,1,"2022-2024",27
"8100","BN",2023,84,28.8,27,31,1,"2022-2024",29
"8101","BN",2023,85,29.2,26,31.6,1,"2022-2024",28.8
"8102","BN",2023,86,27.6,22.9,31,1,"2022-2024",26.95
"8103","BN",2023,87,29.5,27,32,1,"2022-2024",29.5
"8104","BN",2023,88,29.8,28,32.3,1,"2022-2024",30.15
"8105","BN",2023,89,29.9,28,32.7,1,"2022-2024",30.35
"8106","BN",2023,90,28.4,22.7,31,1,"2022-2024",26.85
"8107","BN",2023,91,29.8,28,32.2,1,"2022-2024",30.1
"8108","BN",2023,92,29.9,28,32,1,"2022-2024",30
"8109","BN",2023,93,29.9,28,32.1,1,"2022-2024",30.05
"8110","BN",2023,94,29.3,26.9,31.1,1,"2022-2024",29
"8111","BN",2023,95,30,28,32.4,1,"2022-2024",30.2
"8112","BN",2023,96,29.9,28,32.5,1,"2022-2024",30.25
"8113","BN",2023,97,29.9,28,33,1,"2022-2024",30.5
"8114","BN",2023,98,30,28,33,1,"2022-2024",30.5
"8115","BN",2023,99,28.2,23.6,31,1,"2022-2024",27.3
"8116","BN",2023,100,30.1,28,32.5,1,"2022-2024",30.25
"8117","BN",2023,101,29.7,25.6,32.1,1,"2022-2024",28.85
"8118","BN",2023,102,29.6,26,32.4,1,"2022-2024",29.2
"8119","BN",2023,103,30.6,28,33.1,1,"2022-2024",30.55
"8120","BN",2023,104,30.2,27.6,33.1,1,"2022-2024",30.35
"8121","BN",2023,105,30.7,29,33.6,1,"2022-2024",31.3
"8122","BN",2023,106,28.9,23.5,33,1,"2022-2024",28.25
"8123","BN",2023,107,29.3,26,32.4,1,"2022-2024",29.2
"8124","BN",2023,108,30.1,26.5,33.4,1,"2022-2024",29.95
"8125","BN",2023,109,27.9,23,32,1,"2022-2024",27.5
"8126","BN",2023,110,29.6,26.5,32.4,1,"2022-2024",29.45
"8127","BN",2023,111,30,28,32.3,1,"2022-2024",30.15
"8128","BN",2023,112,30.5,29,33,1,"2022-2024",31
"8129","BN",2023,113,29,27,31.3,1,"2022-2024",29.15
"8130","BN",2023,114,28.5,25,32,1,"2022-2024",28.5
"8131","BN",2023,115,29.3,24,32.7,1,"2022-2024",28.35
"8132","BN",2023,116,28.4,24,32,1,"2022-2024",28
"8133","BN",2023,117,27.9,25,32,1,"2022-2024",28.5
"8134","BN",2023,118,28.3,24.7,31.3,1,"2022-2024",28
"8135","BN",2023,119,27.3,24,31.8,1,"2022-2024",27.9
"8136","BN",2023,120,27.2,23,30.6,1,"2022-2024",26.8
"8137","BN",2023,121,28.2,24,32.1,1,"2022-2024",28.05
"8138","BN",2023,122,28.4,24.4,31.6,1,"2022-2024",28
"8139","BN",2023,123,29.2,25,32,1,"2022-2024",28.5
"8140","BN",2023,124,29.5,26,32.2,1,"2022-2024",29.1
"8141","BN",2023,125,28.6,24.5,32,1,"2022-2024",28.25
"8142","BN",2023,126,28.6,27,32,1,"2022-2024",29.5
"8143","BN",2023,127,28.7,24.1,33,1,"2022-2024",28.55
"8144","BN",2023,128,29.4,25.6,33,1,"2022-2024",29.3
"8145","BN",2023,129,29.6,26.2,32.2,1,"2022-2024",29.2
"8146","BN",2023,130,30.6,29,33.2,1,"2022-2024",31.1
"8147","BN",2023,131,30.8,29,33.4,1,"2022-2024",31.2
"8148","BN",2023,132,30.3,29,33,1,"2022-2024",31
"8149","BN",2023,133,28.8,27,33.1,1,"2022-2024",30.05
"8150","BN",2023,134,29.3,25.8,33,1,"2022-2024",29.4
"8151","BN",2023,135,26.4,22.3,29,1,"2022-2024",25.65
"8152","BN",2023,136,27.7,24.7,30,1,"2022-2024",27.35
"8153","BN",2023,137,29.5,26.3,32.5,1,"2022-2024",29.4
"8154","BN",2023,138,27.1,23,30,1,"2022-2024",26.5
"8155","BN",2023,139,29.1,24.9,33,1,"2022-2024",28.95
"8156","BN",2023,140,27.5,24,30.2,1,"2022-2024",27.1
"8157","BN",2023,141,28.1,25,31,1,"2022-2024",28
"8158","BN",2023,142,29.1,26.1,32,1,"2022-2024",29.05
"8159","BN",2023,143,29.2,27.5,32,1,"2022-2024",29.75
"8160","BN",2023,144,29.2,26,31.5,1,"2022-2024",28.75
"8161","BN",2023,145,28.3,25,31.5,1,"2022-2024",28.25
"8162","BN",2023,146,29.3,26.7,32.3,1,"2022-2024",29.5
"8163","BN",2023,147,26.3,23.8,29.7,1,"2022-2024",26.75
"8164","BN",2023,148,28.3,24.3,32,1,"2022-2024",28.15
"8165","BN",2023,149,27,24.8,29.1,1,"2022-2024",26.95
"8166","BN",2023,150,28.3,24.2,31.3,1,"2022-2024",27.75
"8167","BN",2023,151,28.9,27,31.7,1,"2022-2024",29.35
"8168","BN",2023,152,27.4,23.8,30.8,1,"2022-2024",27.3
"8169","BN",2023,153,27.4,24.4,30.5,1,"2022-2024",27.45
"8170","BN",2023,154,27.2,25,29.1,1,"2022-2024",27.05
"8171","BN",2023,155,28.1,25.6,30.6,1,"2022-2024",28.1
"8172","BN",2023,156,29.2,26.9,31.6,1,"2022-2024",29.25
"8173","BN",2023,157,27.4,24,31.1,1,"2022-2024",27.55
"8174","BN",2023,158,26.7,23.8,30,1,"2022-2024",26.9
"8175","BN",2023,159,25.7,21.8,29.1,1,"2022-2024",25.45
"8176","BN",2023,160,28.2,24.5,31.4,1,"2022-2024",27.95
"8177","BN",2023,161,26.5,24.7,29,1,"2022-2024",26.85
"8178","BN",2023,162,27.8,26,30.6,1,"2022-2024",28.3
"8179","BN",2023,163,28.3,26,31,1,"2022-2024",28.5
"8180","BN",2023,164,28,24.6,31,1,"2022-2024",27.8
"8181","BN",2023,165,28.3,27,30.6,1,"2022-2024",28.8
"8182","BN",2023,166,27.1,25.6,29.2,1,"2022-2024",27.4
"8183","BN",2023,167,27.6,25,30.6,1,"2022-2024",27.8
"8184","BN",2023,168,27.9,25,30.7,1,"2022-2024",27.85
"8185","BN",2023,169,28.2,27,30.7,1,"2022-2024",28.85
"8186","BN",2023,170,25.2,22,29,1,"2022-2024",25.5
"8187","BN",2023,171,26.2,23.5,29.2,1,"2022-2024",26.35
"8188","BN",2023,172,25.5,24,27,1,"2022-2024",25.5
"8189","BN",2023,173,26.4,24.7,29.5,1,"2022-2024",27.1
"8190","BN",2023,174,26.9,25.8,29.3,1,"2022-2024",27.55
"8191","BN",2023,175,25.8,24.1,27,1,"2022-2024",25.55
"8192","BN",2023,176,27.2,24.4,29.2,1,"2022-2024",26.8
"8193","BN",2023,177,26.4,24.9,28.9,1,"2022-2024",26.9
"8194","BN",2023,178,26.8,25,29.4,1,"2022-2024",27.2
"8195","BN",2023,179,26.2,24,29,1,"2022-2024",26.5
"8196","BN",2023,180,26.7,25,28.7,1,"2022-2024",26.85
"8197","BN",2023,181,27.1,25,29.6,1,"2022-2024",27.3
"8198","BN",2023,182,27.2,25.7,29.3,1,"2022-2024",27.5
"8199","BN",2023,183,26.4,25,28.5,1,"2022-2024",26.75
"8200","BN",2023,184,26.8,24.7,29.6,1,"2022-2024",27.15
"8201","BN",2023,185,26.9,24.6,29.8,1,"2022-2024",27.2
"8202","BN",2023,186,26.9,25,29.5,1,"2022-2024",27.25
"8203","BN",2023,187,27.4,24.6,30.2,1,"2022-2024",27.4
"8204","BN",2023,188,27.1,26,28.3,1,"2022-2024",27.15
"8205","BN",2023,189,27,26,28.4,1,"2022-2024",27.2
"8206","BN",2023,190,26.1,24.3,28.1,1,"2022-2024",26.2
"8207","BN",2023,191,27.1,24,30,1,"2022-2024",27
"8208","BN",2023,192,27.7,26,30,1,"2022-2024",28
"8209","BN",2023,193,25.3,22.3,27.2,1,"2022-2024",24.75
"8210","BN",2023,194,26.3,24.3,29,1,"2022-2024",26.65
"8211","BN",2023,195,27.3,25,30,1,"2022-2024",27.5
"8212","BN",2023,196,27.4,25,30,1,"2022-2024",27.5
"8213","BN",2023,197,27.9,26,30,1,"2022-2024",28
"8214","BN",2023,198,28,26.8,30.2,1,"2022-2024",28.5
"8215","BN",2023,199,27.8,26,30.2,1,"2022-2024",28.1
"8216","BN",2023,200,27.7,26,30.2,1,"2022-2024",28.1
"8217","BN",2023,201,27.4,26,30,1,"2022-2024",28
"8218","BN",2023,202,26.2,24.6,29,1,"2022-2024",26.8
"8219","BN",2023,203,25.6,24,26.6,1,"2022-2024",25.3
"8220","BN",2023,204,24.6,23.6,25.3,1,"2022-2024",24.45
"8221","BN",2023,205,25.2,24,27.7,1,"2022-2024",25.85
"8222","BN",2023,206,25.9,24.5,29,1,"2022-2024",26.75
"8223","BN",2023,207,26.3,24.9,29.2,1,"2022-2024",27.05
"8224","BN",2023,208,26.8,26,29.3,1,"2022-2024",27.65
"8225","BN",2023,209,26.8,26,29.3,1,"2022-2024",27.65
"8226","BN",2023,210,26.5,25,28.6,1,"2022-2024",26.8
"8227","BN",2023,211,26.9,25.7,29.6,1,"2022-2024",27.65
"8228","BN",2023,212,26.1,22.8,28.7,1,"2022-2024",25.75
"8229","BN",2023,213,26.4,26,28,1,"2022-2024",27
"8230","BN",2023,214,26.7,25.8,28.7,1,"2022-2024",27.25
"8231","BN",2023,215,26.7,25.7,29,1,"2022-2024",27.35
"8232","BN",2023,216,26.7,25,29.3,1,"2022-2024",27.15
"8233","BN",2023,217,26.8,25,29,1,"2022-2024",27
"8234","BN",2023,218,26.6,25,28.5,1,"2022-2024",26.75
"8235","BN",2023,219,26.3,25,28.8,1,"2022-2024",26.9
"8236","BN",2023,220,26.6,25.9,29,1,"2022-2024",27.45
"8237","BN",2023,221,26.4,24.7,28,1,"2022-2024",26.35
"8238","BN",2023,222,26.2,25,28,1,"2022-2024",26.5
"8239","BN",2023,223,25.9,25,28,1,"2022-2024",26.5
"8240","BN",2023,224,25.9,25,27.4,1,"2022-2024",26.2
"8241","BN",2023,225,26.3,25,28.5,1,"2022-2024",26.75
"8242","BN",2023,226,25.6,25,27.3,1,"2022-2024",26.15
"8243","BN",2023,227,25.6,24,28,1,"2022-2024",26
"8244","BN",2023,228,26.1,24,28.9,1,"2022-2024",26.45
"8245","BN",2023,229,26.3,23,30,1,"2022-2024",26.5
"8246","BN",2023,230,25.4,24,27.3,1,"2022-2024",25.65
"8247","BN",2023,231,24.9,22.6,27,1,"2022-2024",24.8
"8248","BN",2023,232,26.1,23,29,1,"2022-2024",26
"8249","BN",2023,233,27.2,25,29.3,1,"2022-2024",27.15
"8250","BN",2023,234,27.1,25,29.2,1,"2022-2024",27.1
"8251","BN",2023,235,26.7,25,29.3,1,"2022-2024",27.15
"8252","BN",2023,236,26.2,25,29.5,1,"2022-2024",27.25
"8253","BN",2023,237,26.5,24.9,29,1,"2022-2024",26.95
"8254","BN",2023,238,26.8,25,29.1,1,"2022-2024",27.05
"8255","BN",2023,239,26.9,25,29,1,"2022-2024",27
"8256","BN",2023,240,26.1,24.8,28.1,1,"2022-2024",26.45
"8257","BN",2023,241,26.8,25,30,1,"2022-2024",27.5
"8258","BN",2023,242,26.7,25,29.4,1,"2022-2024",27.2
"8259","BN",2023,243,26.6,25,29,1,"2022-2024",27
"8260","BN",2023,244,26.9,25,30,1,"2022-2024",27.5
"8261","BN",2023,245,24.4,22,26.5,1,"2022-2024",24.25
"8262","BN",2023,246,25.6,23.7,28,1,"2022-2024",25.85
"8263","BN",2023,247,26.1,24.7,28,1,"2022-2024",26.35
"8264","BN",2023,248,26.2,25.9,28,1,"2022-2024",26.95
"8265","BN",2023,249,26.6,24.5,29,1,"2022-2024",26.75
"8266","BN",2023,250,26.8,25,29.3,1,"2022-2024",27.15
"8267","BN",2023,251,27.2,25,29.5,1,"2022-2024",27.25
"8268","BN",2023,252,25.7,22.9,29,1,"2022-2024",25.95
"8269","BN",2023,253,26.8,25,29.3,1,"2022-2024",27.15
"8270","BN",2023,254,27.2,26,29.4,1,"2022-2024",27.7
"8271","BN",2023,255,24.5,22,26.9,1,"2022-2024",24.45
"8272","BN",2023,256,25.4,23.6,27.8,1,"2022-2024",25.7
"8273","BN",2023,257,26.4,25,29,1,"2022-2024",27
"8274","BN",2023,258,27.2,26,29.6,1,"2022-2024",27.8
"8275","BN",2023,259,24.9,22.8,26.9,1,"2022-2024",24.85
"8276","BN",2023,260,26.4,24.8,29.6,1,"2022-2024",27.2
"8277","BN",2023,261,26.9,25.9,29.1,1,"2022-2024",27.5
"8278","BN",2023,262,26.8,25,29,1,"2022-2024",27
"8279","BN",2023,263,27.2,24.3,30,1,"2022-2024",27.15
"8280","BN",2023,264,27.7,26,30.7,1,"2022-2024",28.35
"8281","BN",2023,265,25.1,22,27.5,1,"2022-2024",24.75
"8282","BN",2023,266,26.3,23,30,1,"2022-2024",26.5
"8283","BN",2023,267,27,24.8,30,1,"2022-2024",27.4
"8284","BN",2023,268,27.4,24.6,30,1,"2022-2024",27.3
"8285","BN",2023,269,27.8,25.3,30,1,"2022-2024",27.65
"8286","BN",2023,270,27.6,25,30.7,1,"2022-2024",27.85
"8287","BN",2023,271,27.9,27,31,1,"2022-2024",29
"8288","BN",2023,272,27.4,25,31,1,"2022-2024",28
"8289","BN",2023,273,27.8,24,30.7,1,"2022-2024",27.35
"8290","BN",2023,274,28.4,27,31.3,1,"2022-2024",29.15
"8291","BN",2023,275,28.1,25.9,30.8,1,"2022-2024",28.35
"8292","BN",2023,276,28.5,26,31.1,1,"2022-2024",28.55
"8293","BN",2023,277,28.9,26.6,31.5,1,"2022-2024",29.05
"8294","BN",2023,278,25.7,23.1,28.7,1,"2022-2024",25.9
"8295","BN",2023,279,27.9,24.6,31.2,1,"2022-2024",27.9
"8296","BN",2023,280,27.9,25.9,30,1,"2022-2024",27.95
"8297","BN",2023,281,27.3,25,29.2,1,"2022-2024",27.1
"8298","BN",2023,282,27.1,25,29.4,1,"2022-2024",27.2
"8299","BN",2023,283,28.3,25,31,1,"2022-2024",28
"8300","BN",2023,284,27.6,24,30.7,1,"2022-2024",27.35
"8301","BN",2023,285,28.2,27,30.5,1,"2022-2024",28.75
"8302","BN",2023,286,26.4,23,30.9,1,"2022-2024",26.95
"8303","BN",2023,287,27,25,30.5,1,"2022-2024",27.75
"8304","BN",2023,288,28.2,25.3,31,1,"2022-2024",28.15
"8305","BN",2023,289,28.4,26,31.3,1,"2022-2024",28.65
"8306","BN",2023,290,25.1,23,27.7,1,"2022-2024",25.35
"8307","BN",2023,291,27.1,22.9,31,1,"2022-2024",26.95
"8308","BN",2023,292,28.6,25.6,31.6,1,"2022-2024",28.6
"8309","BN",2023,293,28.6,26,31.6,1,"2022-2024",28.8
"8310","BN",2023,294,28.6,26,31,1,"2022-2024",28.5
"8311","BN",2023,295,28.6,26,31.6,1,"2022-2024",28.8
"8312","BN",2023,296,28.2,26,30.3,1,"2022-2024",28.15
"8313","BN",2023,297,27.9,26,30.5,1,"2022-2024",28.25
"8314","BN",2023,298,29.2,27,31.6,1,"2022-2024",29.3
"8315","BN",2023,299,29.1,27,31.6,1,"2022-2024",29.3
"8316","BN",2023,300,29,27,32,1,"2022-2024",29.5
"8317","BN",2023,301,28.8,25.7,31.6,1,"2022-2024",28.65
"8318","BN",2023,302,28.3,23.2,32,1,"2022-2024",27.6
"8319","BN",2023,303,27.8,24,30.6,1,"2022-2024",27.3
"8320","BN",2023,304,27.7,24.3,30.1,1,"2022-2024",27.2
"8321","BN",2023,305,27.4,25,31.2,1,"2022-2024",28.1
"8322","BN",2023,306,29.4,27.9,31.5,1,"2022-2024",29.7
"8323","BN",2023,307,29.2,26,32,1,"2022-2024",29
"8324","BN",2023,308,29.7,27,32,1,"2022-2024",29.5
"8325","BN",2023,309,28.6,25,31.7,1,"2022-2024",28.35
"8326","BN",2023,310,28.2,24.6,32,1,"2022-2024",28.3
"8327","BN",2023,311,27.7,24.7,31.4,1,"2022-2024",28.05
"8328","BN",2023,312,28.6,25.7,31.7,1,"2022-2024",28.7
"8329","BN",2023,313,29.2,27,31.3,1,"2022-2024",29.15
"8330","BN",2023,314,28.4,23,32,1,"2022-2024",27.5
"8331","BN",2023,315,29.4,27,32,1,"2022-2024",29.5
"8332","BN",2023,316,28.9,26,32,1,"2022-2024",29
"8333","BN",2023,317,28.3,25,32,1,"2022-2024",28.5
"8334","BN",2023,318,27.9,24.6,32,1,"2022-2024",28.3
"8335","BN",2023,319,27.6,25,31,1,"2022-2024",28
"8336","BN",2023,320,28.4,24.6,31.2,1,"2022-2024",27.9
"8337","BN",2023,321,29.2,27,32,1,"2022-2024",29.5
"8338","BN",2023,322,28.9,26,32,1,"2022-2024",29
"8339","BN",2023,323,29.6,27,32,1,"2022-2024",29.5
"8340","BN",2023,324,29.6,26.8,32.1,1,"2022-2024",29.45
"8341","BN",2023,325,29.1,26,32,1,"2022-2024",29
"8342","BN",2023,326,29.6,27,32.2,1,"2022-2024",29.6
"8343","BN",2023,327,29.7,28,32.5,1,"2022-2024",30.25
"8344","BN",2023,328,29.2,28,31.1,1,"2022-2024",29.55
"8345","BN",2023,329,29.1,27,32,1,"2022-2024",29.5
"8346","BN",2023,330,25.6,23.9,27,1,"2022-2024",25.45
"8347","BN",2023,331,27.2,23.7,31,1,"2022-2024",27.35
"8348","BN",2023,332,29.2,27,32,1,"2022-2024",29.5
"8349","BN",2023,333,29.2,25.7,32.1,1,"2022-2024",28.9
"8350","BN",2023,334,29.3,27,32,1,"2022-2024",29.5
"8351","BN",2023,335,29.2,26,32.1,1,"2022-2024",29.05
"8352","BN",2023,336,29.1,26,32.6,1,"2022-2024",29.3
"8353","BN",2023,337,29.4,26,32.4,1,"2022-2024",29.2
"8354","BN",2023,338,29.7,26.7,33,1,"2022-2024",29.85
"8355","BN",2023,339,29.4,25.7,32.5,1,"2022-2024",29.1
"8356","BN",2023,340,28.8,26,32.3,1,"2022-2024",29.15
"8357","BN",2023,341,29,25.7,32,1,"2022-2024",28.85
"8358","BN",2023,342,29.6,27,32.4,1,"2022-2024",29.7
"8359","BN",2023,343,29.4,26,32.5,1,"2022-2024",29.25
"8360","BN",2023,344,29.8,27,32.7,1,"2022-2024",29.85
"8361","BN",2023,345,29.4,25.9,33.2,1,"2022-2024",29.55
"8362","BN",2023,346,28.2,25.9,31,1,"2022-2024",28.45
"8363","BN",2023,347,27.8,22.8,33.1,1,"2022-2024",27.95
"8364","BN",2023,348,28.1,22.2,34.5,1,"2022-2024",28.35
"8365","BN",2023,349,28.3,22,33.9,1,"2022-2024",27.95
"8366","BN",2023,350,28.2,23.1,33,1,"2022-2024",28.05
"8367","BN",2023,351,28.9,24.5,32.7,1,"2022-2024",28.6
"8368","BN",2023,352,28.9,24.6,35,1,"2022-2024",29.8
"8369","BN",2023,353,28.6,24.2,32.4,1,"2022-2024",28.3
"8370","BN",2023,354,29.1,25.7,34.5,1,"2022-2024",30.1
"8371","BN",2023,355,27.3,23,34,1,"2022-2024",28.5
"8372","BN",2023,356,29.3,21.4,34.5,1,"2022-2024",27.95
"8373","BN",2023,357,29.2,24.1,35,1,"2022-2024",29.55
"8374","BN",2023,358,29.2,24.9,34.1,1,"2022-2024",29.5
"8375","BN",2023,359,28.5,24.7,33.3,1,"2022-2024",29
"8376","BN",2023,360,28.9,24.9,34,1,"2022-2024",29.45
"8377","BN",2023,361,28.4,24.5,33,1,"2022-2024",28.75
"8378","BN",2023,362,28.8,25,33.2,1,"2022-2024",29.1
"8379","BN",2023,363,29.4,25.2,34.2,1,"2022-2024",29.7
"8380","BN",2023,364,29.5,26,33,1,"2022-2024",29.5
"8381","BN",2023,365,29.7,26.2,33,1,"2022-2024",29.6
"8382","BN",2024,1,29.8,26.6,33,1,"2022-2024",29.8
"8383","BN",2024,2,29.8,26.5,33,1,"2022-2024",29.75
"8384","BN",2024,3,30.4,28,33.1,1,"2022-2024",30.55
"8385","BN",2024,4,29.8,28,33,1,"2022-2024",30.5
"8386","BN",2024,5,29.9,27,33,1,"2022-2024",30
"8387","BN",2024,6,30.3,28,33,1,"2022-2024",30.5
"8388","BN",2024,7,29.8,27,33.3,1,"2022-2024",30.15
"8389","BN",2024,8,30.2,27,33,1,"2022-2024",30
"8390","BN",2024,9,29.4,27,32.1,1,"2022-2024",29.55
"8391","BN",2024,10,29.3,25.8,33,1,"2022-2024",29.4
"8392","BN",2024,11,29.7,27,33.4,1,"2022-2024",30.2
"8393","BN",2024,12,29.8,26.3,33,1,"2022-2024",29.65
"8394","BN",2024,13,29.6,26.4,33,1,"2022-2024",29.7
"8395","BN",2024,14,29.6,26.3,33.3,1,"2022-2024",29.8
"8396","BN",2024,15,29.3,26.5,32.8,1,"2022-2024",29.65
"8397","BN",2024,16,29.3,25.8,33,1,"2022-2024",29.4
"8398","BN",2024,17,29.2,25.7,33,1,"2022-2024",29.35
"8399","BN",2024,18,28.8,25,33,1,"2022-2024",29
"8400","BN",2024,19,29.1,25,32.2,1,"2022-2024",28.6
"8401","BN",2024,20,29.6,26.4,33,1,"2022-2024",29.7
"8402","BN",2024,21,29.2,25.3,33,1,"2022-2024",29.15
"8403","BN",2024,22,29.4,25.4,33,1,"2022-2024",29.2
"8404","BN",2024,23,30.3,28,33.2,1,"2022-2024",30.6
"8405","BN",2024,24,30.4,28,33,1,"2022-2024",30.5
"8406","BN",2024,25,30.3,27,36,1,"2022-2024",31.5
"8407","BN",2024,26,29,24.6,34.6,1,"2022-2024",29.6
"8408","BN",2024,27,28.2,22.4,34,1,"2022-2024",28.2
"8409","BN",2024,28,28,22.6,34.1,1,"2022-2024",28.35
"8410","BN",2024,29,28.6,23,33.8,1,"2022-2024",28.4
"8411","BN",2024,30,28.8,24.7,33.2,1,"2022-2024",28.95
"8412","BN",2024,31,29.3,26.5,33,1,"2022-2024",29.75
"8413","BN",2024,32,29.6,27.8,33,1,"2022-2024",30.4
"8414","BN",2024,33,29.8,27.7,33,1,"2022-2024",30.35
"8415","BN",2024,34,29.3,26,34.5,1,"2022-2024",30.25
"8416","BN",2024,35,29.4,24.4,35,1,"2022-2024",29.7
"8417","BN",2024,36,28.9,23.7,35,1,"2022-2024",29.35
"8418","BN",2024,37,28.3,21.9,34.3,1,"2022-2024",28.1
"8419","BN",2024,38,28.4,22,36,1,"2022-2024",29
"8420","BN",2024,39,28.3,22.6,33,1,"2022-2024",27.8
"8421","BN",2024,40,29.1,25.9,32.2,1,"2022-2024",29.05
"8422","BN",2024,41,29.8,27,33,1,"2022-2024",30
"8423","BN",2024,42,29.5,27,32.5,1,"2022-2024",29.75
"8424","BN",2024,43,30.2,28,32.8,1,"2022-2024",30.4
"8425","BN",2024,44,30.6,29,33.3,1,"2022-2024",31.15
"8426","BN",2024,45,30.6,29,33.5,1,"2022-2024",31.25
"8427","BN",2024,46,29.9,27,32,1,"2022-2024",29.5
"8428","BN",2024,47,29.5,26.5,32.2,1,"2022-2024",29.35
"8429","BN",2024,48,29.9,28,32.8,1,"2022-2024",30.4
"8430","BN",2024,49,30.1,27.8,33.1,1,"2022-2024",30.45
"8431","BN",2024,50,30.3,28,33,1,"2022-2024",30.5
"8432","BN",2024,51,29.7,23.9,34,1,"2022-2024",28.95
"8433","BN",2024,52,30,28,33,1,"2022-2024",30.5
"8434","BN",2024,53,29.7,27,33.6,1,"2022-2024",30.3
"8435","BN",2024,54,29.6,28,32,1,"2022-2024",30
"8436","BN",2024,55,29.7,27,33.3,1,"2022-2024",30.15
"8437","BN",2024,56,30.7,28,33.4,1,"2022-2024",30.7
"8438","BN",2024,57,30.8,29,33.4,1,"2022-2024",31.2
"8439","BN",2024,58,30.7,28,33.3,1,"2022-2024",30.65
"8440","BN",2024,59,31,29,33.6,1,"2022-2024",31.3
"8441","BN",2024,60,30.6,29,33.2,1,"2022-2024",31.1
"8442","BN",2024,61,29.3,28,31,1,"2022-2024",29.5
"8443","BN",2024,62,29.6,28,32.2,1,"2022-2024",30.1
"8444","BN",2024,63,27.8,22.7,30,1,"2022-2024",26.35
"8445","BN",2024,64,28.9,26,32,1,"2022-2024",29
"8446","BN",2024,65,29.1,27,31.7,1,"2022-2024",29.35
"8447","BN",2024,66,29.4,28,32.1,1,"2022-2024",30.05
"8448","BN",2024,67,29.5,25.9,32.4,1,"2022-2024",29.15
"8449","BN",2024,68,29.6,28,32.3,1,"2022-2024",30.15
"8450","BN",2024,69,28.3,24,31,1,"2022-2024",27.5
"8451","BN",2024,70,29.9,27.6,32.1,1,"2022-2024",29.85
"8452","BN",2024,71,30.1,28,33.1,1,"2022-2024",30.55
"8453","BN",2024,72,30.1,29,33.2,1,"2022-2024",31.1
"8454","BN",2024,73,30.1,28,32,1,"2022-2024",30
"8455","BN",2024,74,30.3,28,33.1,1,"2022-2024",30.55
"8456","BN",2024,75,29.9,26.3,34.3,1,"2022-2024",30.3
"8457","BN",2024,76,30.7,28,33.3,1,"2022-2024",30.65
"8458","BN",2024,77,30.9,29,33.3,1,"2022-2024",31.15
"8459","BN",2024,78,30.9,29,34,1,"2022-2024",31.5
"8460","BN",2024,79,29.9,26.5,34,1,"2022-2024",30.25
"8461","BN",2024,80,30.8,29,33.9,1,"2022-2024",31.45
"8462","BN",2024,81,30.3,24,33.7,1,"2022-2024",28.85
"8463","BN",2024,82,29.2,24,33,1,"2022-2024",28.5
"8464","BN",2024,83,30.1,26.9,33,1,"2022-2024",29.95
"8465","BN",2024,84,30.8,29,33,1,"2022-2024",31
"8466","BN",2024,85,30.8,29,33.4,1,"2022-2024",31.2
"8467","BN",2024,86,30.2,28,33.4,1,"2022-2024",30.7
"8468","BN",2024,87,31.6,29,34,1,"2022-2024",31.5
"8469","BN",2024,92,30.2,30,33.9,1,"2022-2024",31.95
"8470","BN",2024,93,29.7,27,31,1,"2022-2024",29
"8471","BN",2024,94,28.4,24,32.4,1,"2022-2024",28.2
"8472","BN",2024,95,30.4,26.8,34,1,"2022-2024",30.4
"8473","BN",2024,96,30.9,28,34,1,"2022-2024",31
"8474","BN",2024,97,30.3,26.8,34.2,1,"2022-2024",30.5
"8475","BN",2024,98,31.1,26.6,34,1,"2022-2024",30.3
"8476","BN",2024,99,28.2,24.4,31.3,1,"2022-2024",27.85
"8477","BN",2024,100,30.5,28,34,1,"2022-2024",31
"8478","BN",2024,101,30.7,27.5,34,1,"2022-2024",30.75
"8479","BN",2024,102,29.9,26.5,33.8,1,"2022-2024",30.15
"8480","BN",2024,103,31.1,29.6,34,1,"2022-2024",31.8
"8481","BN",2024,104,31.2,29,34,1,"2022-2024",31.5
"8482","BN",2024,105,28.3,27,30.3,1,"2022-2024",28.65
"8483","BN",2024,106,30.8,29,34,1,"2022-2024",31.5
"8484","BN",2024,107,28.8,25.8,32,1,"2022-2024",28.9
"8485","BN",2024,108,30.7,29,33.5,1,"2022-2024",31.25
"8486","BN",2024,109,31.1,27.9,34,1,"2022-2024",30.95
"8487","BN",2024,110,31.2,30,34.1,1,"2022-2024",32.05
"8488","BN",2024,111,31.3,29,34,1,"2022-2024",31.5
"8489","BN",2024,112,29.1,24.9,34.2,1,"2022-2024",29.55
"8490","BN",2024,113,29.1,24.7,33,1,"2022-2024",28.85
"8491","BN",2024,114,28.1,23,30.7,1,"2022-2024",26.85
"8492","BN",2024,115,29.8,25,33,1,"2022-2024",29
"8493","BN",2024,116,30.5,27,33.1,1,"2022-2024",30.05
"8494","BN",2024,117,31.2,29,34.1,1,"2022-2024",31.55
"8495","BN",2024,118,31.4,29,34,1,"2022-2024",31.5
"8496","BN",2024,119,31.3,30,34,1,"2022-2024",32
"8497","BN",2024,120,31.2,30,33.7,1,"2022-2024",31.85
"8498","BN",2024,121,31.3,28,34,1,"2022-2024",31
"8499","BN",2024,123,30.7,28,33,1,"2022-2024",30.5
"8500","BN",2024,124,29.8,28,32,1,"2022-2024",30
"8501","BN",2024,125,29.2,25.4,33,1,"2022-2024",29.2
"8502","BN",2024,126,31.2,28,34,1,"2022-2024",31
"8503","BN",2024,127,28.2,23,31.1,1,"2022-2024",27.05
"8504","BN",2024,128,29.4,25.7,34,1,"2022-2024",29.85
"8505","BN",2024,129,29.6,26.5,33,1,"2022-2024",29.75
"8506","BN",2024,130,30,27.3,33,1,"2022-2024",30.15
"8507","BN",2024,131,31.1,29,33.5,1,"2022-2024",31.25
"8508","BN",2024,132,29.5,25,33.4,1,"2022-2024",29.2
"8509","BN",2024,133,29,25.1,33,1,"2022-2024",29.05
"8510","BN",2024,134,29.2,26.9,32,1,"2022-2024",29.45
"8511","BN",2024,135,29.1,25,33,1,"2022-2024",29
"8512","BN",2024,136,31,28,34,1,"2022-2024",31
"8513","BN",2024,137,27.2,23,30.5,1,"2022-2024",26.75
"8514","BN",2024,138,28.3,24.5,33,1,"2022-2024",28.75
"8515","BN",2024,139,28.7,24.2,32,1,"2022-2024",28.1
"8516","BN",2024,140,29.9,28,32.4,1,"2022-2024",30.2
"8517","BN",2024,141,30.6,29,33.1,1,"2022-2024",31.05
"8518","BN",2024,142,30.8,29,33,1,"2022-2024",31
"8519","BN",2024,143,27.4,24,30.4,1,"2022-2024",27.2
"8520","BN",2024,144,28.5,25.1,32,1,"2022-2024",28.55
"8521","BN",2024,145,29.6,26.7,32,1,"2022-2024",29.35
"8522","BN",2024,146,26.6,23.3,29.9,1,"2022-2024",26.6
"8523","BN",2024,147,29.2,25.6,32.2,1,"2022-2024",28.9
"8524","BN",2024,148,29.3,25.7,32,1,"2022-2024",28.85
"8525","BN",2024,149,29.8,28,32.2,1,"2022-2024",30.1
"8526","BN",2024,150,29.8,28,32.3,1,"2022-2024",30.15
"8527","BN",2024,151,29.7,26,32.4,1,"2022-2024",29.2
"8528","BN",2024,152,29,27,31,1,"2022-2024",29
"8529","BN",2024,153,29.3,26,33,1,"2022-2024",29.5
"8530","BN",2024,154,26.3,23,28.4,1,"2022-2024",25.7
"8531","BN",2024,155,27.8,24.8,32.6,1,"2022-2024",28.7
"8532","BN",2024,156,29.3,28,32,1,"2022-2024",30
"8533","BN",2024,157,29.4,27,32,1,"2022-2024",29.5
"8534","BN",2024,158,27.9,23,32,1,"2022-2024",27.5
"8535","BN",2024,159,27.6,24.9,31.1,1,"2022-2024",28
"8536","BN",2024,160,27.9,25.7,30.3,1,"2022-2024",28
"8537","BN",2024,161,27.9,26,30,1,"2022-2024",28
"8538","BN",2024,162,29.3,27.9,31.1,1,"2022-2024",29.5
"8539","BN",2024,163,28.6,26,32,1,"2022-2024",29
"8540","BN",2024,164,27.3,23.1,30.6,1,"2022-2024",26.85
"8541","BN",2024,165,29.1,27,31.3,1,"2022-2024",29.15
"8542","BN",2024,166,26.8,24,29,1,"2022-2024",26.5
"8543","BN",2024,167,25.3,24,29,1,"2022-2024",26.5
"8544","BN",2024,169,28.6,26.8,30.8,1,"2022-2024",28.8
"8545","BN",2024,170,28.2,25.9,31,1,"2022-2024",28.45
"8546","BN",2024,171,28.7,27,31,1,"2022-2024",29
"8547","BN",2024,172,27.4,26,30,1,"2022-2024",28
"8548","BN",2024,173,27.4,24.5,30.3,1,"2022-2024",27.4
"8549","BN",2024,174,27.9,25.8,31,1,"2022-2024",28.4
"8550","BN",2024,175,28.2,26,30.4,1,"2022-2024",28.2
"8551","BN",2024,176,28.2,25,31,1,"2022-2024",28
"8552","BN",2024,177,27.7,26,30.2,1,"2022-2024",28.1
"8553","BN",2024,178,27.3,24,31,1,"2022-2024",27.5
"8554","BN",2024,179,27.8,25.2,30.4,1,"2022-2024",27.8
"8555","BN",2024,180,27.8,26,29.6,1,"2022-2024",27.8
"8556","BN",2024,181,27.1,24.8,29.3,1,"2022-2024",27.05
"8557","BN",2024,182,27.1,24,30,1,"2022-2024",27
"8558","BN",2024,183,28.1,25,30.1,1,"2022-2024",27.55
"8559","BN",2024,184,28.1,27,29.7,1,"2022-2024",28.35
"8560","BN",2024,185,26.6,25,28,1,"2022-2024",26.5
"8561","BN",2024,186,26.8,24.4,29.4,1,"2022-2024",26.9
"8562","BN",2024,187,27.1,26,29,1,"2022-2024",27.5
"8563","BN",2024,188,26.7,25,29,1,"2022-2024",27
"8564","BN",2024,189,26.9,25.7,29,1,"2022-2024",27.35
"8565","BN",2024,190,26.3,25,28.4,1,"2022-2024",26.7
"8566","BN",2024,191,26.9,25.6,29.1,1,"2022-2024",27.35
"8567","BN",2024,192,26.7,26,28.4,1,"2022-2024",27.2
"8568","BN",2024,193,26.3,26,27.4,1,"2022-2024",26.7
"8569","BN",2024,194,26.7,25.9,29,1,"2022-2024",27.45
"8570","BN",2024,195,26.7,25.9,28.7,1,"2022-2024",27.3
"8571","BN",2024,196,26.8,25,29,1,"2022-2024",27
"8572","BN",2024,197,26.7,26,28.5,1,"2022-2024",27.25
"8573","BN",2024,198,26.6,25,28.7,1,"2022-2024",26.85
"8574","BN",2024,199,26.4,25.7,28.8,1,"2022-2024",27.25
"8575","BN",2024,200,26.5,25,29.3,1,"2022-2024",27.15
"8576","BN",2024,201,26.4,25,28,1,"2022-2024",26.5
"8577","BN",2024,202,26.1,25,28.3,1,"2022-2024",26.65
"8578","BN",2024,203,26.4,25,29,1,"2022-2024",27
"8579","BN",2024,204,26.2,25,29.3,1,"2022-2024",27.15
"8580","BN",2024,205,26.6,25,29.1,1,"2022-2024",27.05
"8581","BN",2024,206,26.3,25,29.5,1,"2022-2024",27.25
"8582","BN",2024,207,26.2,25,28.8,1,"2022-2024",26.9
"8583","BN",2024,208,26.1,25,28.2,1,"2022-2024",26.6
"8584","BN",2024,209,26.3,25,28.7,1,"2022-2024",26.85
"8585","BN",2024,210,26.4,25,29.5,1,"2022-2024",27.25
"8586","BN",2024,211,26.4,25,28.7,1,"2022-2024",26.85
"8587","BN",2024,212,26.1,25,28.8,1,"2022-2024",26.9
"8588","BN",2024,213,26.2,25,28.3,1,"2022-2024",26.65
"8589","BN",2024,214,26.3,25,29,1,"2022-2024",27
"8590","BN",2024,215,26.4,25,29.4,1,"2022-2024",27.2
"8591","BN",2024,216,26.4,24,29.7,1,"2022-2024",26.85
"8592","BN",2024,217,26.4,25,29.4,1,"2022-2024",27.2
"8593","BN",2024,218,26.6,25,29,1,"2022-2024",27
"8594","BN",2024,219,26.3,24.8,29,1,"2022-2024",26.9
"8595","BN",2024,220,26.7,25,29.8,1,"2022-2024",27.4
"8596","BN",2024,221,26,25,28.7,1,"2022-2024",26.85
"8597","BN",2024,222,26.4,24.9,29.4,1,"2022-2024",27.15
"8598","BN",2024,223,26.4,25,29.7,1,"2022-2024",27.35
"8599","BN",2024,224,27.2,25,29.7,1,"2022-2024",27.35
"8600","BN",2024,226,26.7,25.8,29,1,"2022-2024",27.4
"8601","BN",2024,227,26.8,25,29.3,1,"2022-2024",27.15
"8602","BN",2024,228,26.4,25,29.2,1,"2022-2024",27.1
"8603","BN",2024,229,26.4,25,28.7,1,"2022-2024",26.85
"8604","BN",2024,230,26.6,25,29.2,1,"2022-2024",27.1
"8605","BN",2024,231,26.3,25,29.1,1,"2022-2024",27.05
"8606","BN",2024,232,25.7,25,28.2,1,"2022-2024",26.6
"8607","BN",2024,233,26.1,24.9,28.7,1,"2022-2024",26.8
"8608","BN",2024,234,26.1,24.6,28.9,1,"2022-2024",26.75
"8609","BN",2024,235,26.2,25,29.1,1,"2022-2024",27.05
"8610","BN",2024,236,25.9,25,28.6,1,"2022-2024",26.8
"8611","BN",2024,237,24.9,24,25.5,1,"2022-2024",24.75
"8612","BN",2024,238,25.5,24,28,1,"2022-2024",26
"8613","BN",2024,239,25.7,24,29,1,"2022-2024",26.5
"8614","BN",2024,240,25.9,24.7,29,1,"2022-2024",26.85
"8615","BN",2024,241,25.9,24.9,28.2,1,"2022-2024",26.55
"8616","BN",2024,242,26,24.8,28.2,1,"2022-2024",26.5
"8617","BN",2024,243,26,25,28.4,1,"2022-2024",26.7
"8618","BN",2024,244,26.3,24.7,29,1,"2022-2024",26.85
"8619","BN",2024,245,26.3,24,29.3,1,"2022-2024",26.65
"8620","BN",2024,246,26.4,24,29,1,"2022-2024",26.5
"8621","BN",2024,247,25.9,24,29.1,1,"2022-2024",26.55
"8622","BN",2024,248,26.4,24.9,29.5,1,"2022-2024",27.2
"8623","BN",2024,249,26.3,24,29.1,1,"2022-2024",26.55
"8624","BN",2024,250,26.6,25,29.1,1,"2022-2024",27.05
"8625","BN",2024,251,25.5,24,27.8,1,"2022-2024",25.9
"8626","BN",2024,252,26.5,24.9,29,1,"2022-2024",26.95
"8627","BN",2024,253,26.8,23.3,30,1,"2022-2024",26.65
"8628","BN",2024,254,26.5,25,29.5,1,"2022-2024",27.25
"8629","BN",2024,255,26.7,25,30,1,"2022-2024",27.5
"8630","BN",2024,256,26.2,25,29,1,"2022-2024",27
"8631","BN",2024,257,26.1,25,29,1,"2022-2024",27
"8632","BN",2024,258,26.6,25,29.4,1,"2022-2024",27.2
"8633","BN",2024,259,27.1,25,30,1,"2022-2024",27.5
"8634","BN",2024,260,27.1,25,30.1,1,"2022-2024",27.55
"8635","BN",2024,261,26.8,25,30.2,1,"2022-2024",27.6
"8636","BN",2024,262,27.1,25.8,30,1,"2022-2024",27.9
"8637","BN",2024,263,26.7,25,29.1,1,"2022-2024",27.05
"8638","BN",2024,264,27.2,25,30,1,"2022-2024",27.5
"8639","BN",2024,265,27.1,25.8,30,1,"2022-2024",27.9
"8640","BN",2024,266,27.6,26,30,1,"2022-2024",28
"8641","BN",2024,267,27.7,26,30.4,1,"2022-2024",28.2
"8642","BN",2024,268,27.4,26,30.5,1,"2022-2024",28.25
"8643","BN",2024,269,25.7,24.7,28,1,"2022-2024",26.35
"8644","BN",2024,270,26.6,23.6,30,1,"2022-2024",26.8
"8645","BN",2024,271,27.7,25.7,30.3,1,"2022-2024",28
"8646","BN",2024,272,28.2,26,30.6,1,"2022-2024",28.3
"8647","BN",2024,273,27.6,26,30.4,1,"2022-2024",28.2
"8648","BN",2024,274,27.6,26,30.8,1,"2022-2024",28.4
"8649","BN",2024,275,28,26,30.7,1,"2022-2024",28.35
"8650","BN",2024,276,27.9,26,30.8,1,"2022-2024",28.4
"8651","BN",2024,277,27,25,28.3,1,"2022-2024",26.65
"8652","BN",2024,278,27.6,26,30.1,1,"2022-2024",28.05
"8653","BN",2024,279,27.7,26,31.1,1,"2022-2024",28.55
"8654","BN",2024,280,27.9,25.9,31.2,1,"2022-2024",28.55
"8655","BN",2024,281,27.3,26,31.4,1,"2022-2024",28.7
"8656","BN",2024,282,25.5,23,30.3,1,"2022-2024",26.65
"8657","BN",2024,283,26.2,22.4,30,1,"2022-2024",26.2
"8658","BN",2024,284,27.7,24.5,31,1,"2022-2024",27.75
"8659","BN",2024,285,27.9,26,30.8,1,"2022-2024",28.4
"8660","BN",2024,286,26.8,22.8,31,1,"2022-2024",26.9
"8661","BN",2024,287,25.4,22.7,27.8,1,"2022-2024",25.25
"8662","BN",2024,288,26.9,24.9,30,1,"2022-2024",27.45
"8663","BN",2024,289,27.9,24.8,31,1,"2022-2024",27.9
"8664","BN",2024,290,27.9,26,30.7,1,"2022-2024",28.35
"8665","BN",2024,291,25.7,23,27.7,1,"2022-2024",25.35
"8666","BN",2024,292,27.2,23.3,30,1,"2022-2024",26.65
"8667","BN",2024,293,27.9,25,31,1,"2022-2024",28
"8668","BN",2024,294,28.5,27,31.3,1,"2022-2024",29.15
"8669","BN",2024,295,27.8,25.8,31,1,"2022-2024",28.4
"8670","BN",2024,296,26.8,25.6,29.8,1,"2022-2024",27.7
"8671","BN",2024,297,27.6,24,31,1,"2022-2024",27.5
"8672","BN",2024,298,28.3,26,31,1,"2022-2024",28.5
"8673","BN",2024,299,27.9,24,31,1,"2022-2024",27.5
"8674","BN",2024,300,27.2,24,30.5,1,"2022-2024",27.25
"8675","BN",2024,301,27.8,24.2,31,1,"2022-2024",27.6
"8676","BN",2024,302,28.4,26,31.2,1,"2022-2024",28.6
"8677","BN",2024,303,27.6,26,29.6,1,"2022-2024",27.8
"8678","BN",2024,304,27.6,25.9,30,1,"2022-2024",27.95
"8679","BN",2024,305,28.2,25.8,31,1,"2022-2024",28.4
"8680","BN",2024,306,28.1,25.7,32,1,"2022-2024",28.85
"8681","BN",2024,307,28.7,27,31.5,1,"2022-2024",29.25
"8682","BN",2024,308,28.9,25.8,32,1,"2022-2024",28.9
"8683","BN",2024,309,28.8,26.8,32,1,"2022-2024",29.4
"8684","BN",2024,310,28.7,25.5,32,1,"2022-2024",28.75
"8685","BN",2024,311,29.3,25.2,33,1,"2022-2024",29.1
"8686","BN",2024,312,29.1,26.5,34,1,"2022-2024",30.25
"8687","BN",2024,313,29,26,32,1,"2022-2024",29
"8688","BN",2024,314,29.7,28,32.3,1,"2022-2024",30.15
"8689","BN",2024,315,28.3,23,31.1,1,"2022-2024",27.05
"8690","BN",2024,316,28.7,26,31.6,1,"2022-2024",28.8
"8691","BN",2024,317,28.8,25.3,32,1,"2022-2024",28.65
"8692","BN",2024,318,29.4,25.9,32.2,1,"2022-2024",29.05
"8693","BN",2024,319,29.4,26.9,32.6,1,"2022-2024",29.75
"8694","BN",2024,320,29.2,26,32.1,1,"2022-2024",29.05
"8695","BN",2024,321,29.2,26.3,32.2,1,"2022-2024",29.25
"8696","BN",2024,322,28.8,26,31.8,1,"2022-2024",28.9
"8697","BN",2024,327,29.2,26,32.4,1,"2022-2024",29.2
"8698","BN",2024,328,28.4,26.2,30.7,1,"2022-2024",28.45
"8699","BN",2024,329,29.4,24.5,32.2,1,"2022-2024",28.35
"8700","BN",2024,330,28.9,25,32,1,"2022-2024",28.5
"8701","BN",2024,331,28.9,25,32.3,1,"2022-2024",28.65
"8702","BN",2024,332,28.9,25.7,32.2,1,"2022-2024",28.95
"8703","BN",2024,333,29,25.5,33.4,1,"2022-2024",29.45
"8704","BN",2024,334,28.8,24.2,34.6,1,"2022-2024",29.4
"8705","BN",2024,335,28.2,22.3,34.3,1,"2022-2024",28.3
"8706","BN",2024,337,28.4,23.7,33.2,1,"2022-2024",28.45
"8707","BN",2024,338,29.3,25,32,1,"2022-2024",28.5
"8708","BN",2024,339,29.5,26.4,33,1,"2022-2024",29.7
"8709","BN",2024,340,28.9,26,33,1,"2022-2024",29.5
"8710","BN",2024,341,29.3,26,32.3,1,"2022-2024",29.15
"8711","BN",2024,342,29.6,24.9,35.2,1,"2022-2024",30.05
"8712","BN",2024,343,29.1,24.2,34.8,1,"2022-2024",29.5
"8713","BN",2024,344,27.9,23.6,33.6,1,"2022-2024",28.6
"8714","BN",2024,345,28.7,23.2,32.4,1,"2022-2024",27.8
"8715","BN",2024,346,29.1,25.6,32,1,"2022-2024",28.8
"8716","BN",2024,347,29.7,26.1,32.5,1,"2022-2024",29.3
"8717","BN",2024,348,29.1,25.9,33,1,"2022-2024",29.45
"8718","BN",2024,349,29.1,25.3,32.3,1,"2022-2024",28.8
"8719","BN",2024,350,28.8,25,32.4,1,"2022-2024",28.7
"8720","BN",2024,351,29,25.3,32.8,1,"2022-2024",29.05
"8721","BN",2024,352,28.8,25,33.8,1,"2022-2024",29.4
"8722","BN",2024,353,28,24.7,35,1,"2022-2024",29.85
"8723","BN",2024,354,28.4,24,34,1,"2022-2024",29
"8724","BN",2024,355,26.7,22.1,33.2,1,"2022-2024",27.65
"8725","BN",2024,356,26.8,21.9,34.3,1,"2022-2024",28.1
"8726","BN",2024,357,26.8,20.8,33.9,1,"2022-2024",27.35
"8727","BN",2024,358,27.9,22.4,33,1,"2022-2024",27.7
"8728","BN",2024,359,28.2,24,32,1,"2022-2024",28
"8729","BN",2024,360,28.4,24.9,32.8,1,"2022-2024",28.85
"8730","BN",2024,361,29.1,25.8,32,1,"2022-2024",28.9
"8731","BN",2024,362,28.9,25.4,33,1,"2022-2024",29.2
"8732","BN",2024,363,28.7,25.8,32.2,1,"2022-2024",29
"8733","BN",2024,364,28.9,25.9,33,1,"2022-2024",29.45
"8734","BN",2024,365,28.4,26,33,1,"2022-2024",29.5
"8735","BN",2024,366,29,25.3,32,1,"2022-2024",28.65
