"","CTRY","LATITUDE","LONGITUDE","ELEVATION","YEAR","YDAY","TEMP","MIN","MAX","loc"
"1","BR",-3.039,-60.05,80.46,2022,1,25.7,23,29,"trop"
"2","BR",-3.039,-60.05,80.46,2022,2,26.9,23,31,"trop"
"3","BR",-3.039,-60.05,80.46,2022,3,27.3,24,31,"trop"
"4","BR",-3.039,-60.05,80.46,2022,4,27.3,24,32,"trop"
"5","BR",-3.039,-60.05,80.46,2022,5,28,24,32,"trop"
"6","BR",-3.039,-60.05,80.46,2022,6,28.2,25,33,"trop"
"7","BR",-3.039,-60.05,80.46,2022,7,25.9,24,28,"trop"
"8","BR",-3.039,-60.05,80.46,2022,8,24.2,23,27,"trop"
"9","BR",-3.039,-60.05,80.46,2022,9,25.7,23,30,"trop"
"10","BR",-3.039,-60.05,80.46,2022,10,27.1,22,33,"trop"
"11","BR",-3.039,-60.05,80.46,2022,11,27.4,24,31,"trop"
"12","BR",-3.039,-60.05,80.46,2022,12,26.6,24,31,"trop"
"13","BR",-3.039,-60.05,80.46,2022,13,26.9,24,31,"trop"
"14","BR",-3.039,-60.05,80.46,2022,14,24.6,23,27,"trop"
"15","BR",-3.039,-60.05,80.46,2022,15,25.8,23,31,"trop"
"16","BR",-3.039,-60.05,80.46,2022,16,26.4,23,32,"trop"
"17","BR",-3.039,-60.05,80.46,2022,17,24,NA,26,"trop"
"18","BR",-3.039,-60.05,80.46,2022,18,24.9,22,31,"trop"
"19","BR",-3.039,-60.05,80.46,2022,19,26.4,23,32,"trop"
"20","BR",-3.039,-60.05,80.46,2022,20,26.6,24,32,"trop"
"21","BR",-3.039,-60.05,80.46,2022,21,26.9,24,32,"trop"
"22","BR",-3.039,-60.05,80.46,2022,22,25.7,24,31,"trop"
"23","BR",-3.039,-60.05,80.46,2022,23,25.7,23,31,"trop"
"24","BR",-3.039,-60.05,80.46,2022,24,25.7,23,29,"trop"
"25","BR",-3.039,-60.05,80.46,2022,25,26.6,24,32,"trop"
"26","BR",-3.039,-60.05,80.46,2022,26,25.6,24,28,"trop"
"27","BR",-3.039,-60.05,80.46,2022,27,25.8,23,30,"trop"
"28","BR",-3.039,-60.05,80.46,2022,28,25.3,24,28,"trop"
"29","BR",-3.039,-60.05,80.46,2022,29,24.4,22,28,"trop"
"30","BR",-3.039,-60.05,80.46,2022,30,24.9,23,29,"trop"
"31","BR",-3.039,-60.05,80.46,2022,31,25.8,23,30,"trop"
"32","BR",-3.039,-60.05,80.46,2022,32,26.7,23,32,"trop"
"33","BR",-3.039,-60.05,80.46,2022,33,24.6,23,27,"trop"
"34","BR",-3.039,-60.05,80.46,2022,34,25.6,23,30,"trop"
"35","BR",-3.039,-60.05,80.46,2022,35,24.9,23,28,"trop"
"36","BR",-3.039,-60.05,80.46,2022,36,25.5,22,31,"trop"
"37","BR",-3.039,-60.05,80.46,2022,37,25.7,23,30,"trop"
"38","BR",-3.039,-60.05,80.46,2022,38,26.4,23,31,"trop"
"39","BR",-3.039,-60.05,80.46,2022,39,25.9,24,30,"trop"
"40","BR",-3.039,-60.05,80.46,2022,40,25.4,23,30,"trop"
"41","BR",-3.039,-60.05,80.46,2022,41,26.3,24,29,"trop"
"42","BR",-3.039,-60.05,80.46,2022,42,25.1,24,27,"trop"
"43","BR",-3.039,-60.05,80.46,2022,43,26,24,32,"trop"
"44","BR",-3.039,-60.05,80.46,2022,44,25.4,24,28,"trop"
"45","BR",-3.039,-60.05,80.46,2022,45,24,22,26,"trop"
"46","BR",-3.039,-60.05,80.46,2022,46,24.8,23,30,"trop"
"47","BR",-3.039,-60.05,80.46,2022,47,25,22,31,"trop"
"48","BR",-3.039,-60.05,80.46,2022,48,25.4,24,30,"trop"
"49","BR",-3.039,-60.05,80.46,2022,49,24,23,28,"trop"
"50","BR",-3.039,-60.05,80.46,2022,50,24.8,23,28,"trop"
"51","BR",-3.039,-60.05,80.46,2022,51,25.9,24,30,"trop"
"52","BR",-3.039,-60.05,80.46,2022,52,26.8,23,32,"trop"
"53","BR",-3.039,-60.05,80.46,2022,53,25.9,24,31,"trop"
"54","BR",-3.039,-60.05,80.46,2022,54,24.7,23,26,"trop"
"55","BR",-3.039,-60.05,80.46,2022,55,25.5,22,31,"trop"
"56","BR",-3.039,-60.05,80.46,2022,56,26.6,24,31,"trop"
"57","BR",-3.039,-60.05,80.46,2022,57,25.6,23,29,"trop"
"58","BR",-3.039,-60.05,80.46,2022,58,25.7,24,30,"trop"
"59","BR",-3.039,-60.05,80.46,2022,59,24.7,23,29,"trop"
"60","BR",-3.039,-60.05,80.46,2022,60,24.8,22,31,"trop"
"61","BR",-3.039,-60.05,80.46,2022,61,25,22,30,"trop"
"62","BR",-3.039,-60.05,80.46,2022,62,26.1,23,31,"trop"
"63","BR",-3.039,-60.05,80.46,2022,63,25.2,22,30,"trop"
"64","BR",-3.039,-60.05,80.46,2022,64,25.3,24,28,"trop"
"65","BR",-3.039,-60.05,80.46,2022,65,26.1,22,31,"trop"
"66","BR",-3.039,-60.05,80.46,2022,66,24.7,23,27,"trop"
"67","BR",-3.039,-60.05,80.46,2022,67,24.7,23,29,"trop"
"68","BR",-3.039,-60.05,80.46,2022,68,24.3,23,26,"trop"
"69","BR",-3.039,-60.05,80.46,2022,69,25.1,24,29,"trop"
"70","BR",-3.039,-60.05,80.46,2022,70,25.7,23,31,"trop"
"71","BR",-3.039,-60.05,80.46,2022,71,26.9,23,32,"trop"
"72","BR",-3.039,-60.05,80.46,2022,72,26.4,23,31,"trop"
"73","BR",-3.039,-60.05,80.46,2022,73,24.1,23,27,"trop"
"74","BR",-3.039,-60.05,80.46,2022,74,25.4,23,30,"trop"
"75","BR",-3.039,-60.05,80.46,2022,75,25.6,24,30,"trop"
"76","BR",-3.039,-60.05,80.46,2022,76,24.9,23,29,"trop"
"77","BR",-3.039,-60.05,80.46,2022,77,26.4,24,31,"trop"
"78","BR",-3.039,-60.05,80.46,2022,78,25.7,23,28,"trop"
"79","BR",-3.039,-60.05,80.46,2022,79,24.4,23,29,"trop"
"80","BR",-3.039,-60.05,80.46,2022,80,24.1,22,29,"trop"
"81","BR",-3.039,-60.05,80.46,2022,81,25.4,23,31,"trop"
"82","BR",-3.039,-60.05,80.46,2022,82,26.4,24,31,"trop"
"83","BR",-3.039,-60.05,80.46,2022,83,25.7,24,31,"trop"
"84","BR",-3.039,-60.05,80.46,2022,84,25.3,23,30,"trop"
"85","BR",-3.039,-60.05,80.46,2022,85,25.8,24,30,"trop"
"86","BR",-3.039,-60.05,80.46,2022,86,25.9,24,29,"trop"
"87","BR",-3.039,-60.05,80.46,2022,87,24.4,23,26,"trop"
"88","BR",-3.039,-60.05,80.46,2022,88,23.6,23,25,"trop"
"89","BR",-3.039,-60.05,80.46,2022,89,24.1,23,28,"trop"
"90","BR",-3.039,-60.05,80.46,2022,90,25.4,24,30,"trop"
"91","BR",-3.039,-60.05,80.46,2022,91,26.8,23,32,"trop"
"92","BR",-3.039,-60.05,80.46,2022,92,24.6,23,26,"trop"
"93","BR",-3.039,-60.05,80.46,2022,93,24.9,23,30,"trop"
"94","BR",-3.039,-60.05,80.46,2022,94,25.8,23,31,"trop"
"95","BR",-3.039,-60.05,80.46,2022,95,25.6,24,30,"trop"
"96","BR",-3.039,-60.05,80.46,2022,96,24.6,23,27,"trop"
"97","BR",-3.039,-60.05,80.46,2022,97,25.6,23,31,"trop"
"98","BR",-3.039,-60.05,80.46,2022,98,24.6,23,29,"trop"
"99","BR",-3.039,-60.05,80.46,2022,99,24.4,22,29,"trop"
"100","BR",-3.039,-60.05,80.46,2022,100,24.2,23,27,"trop"
"101","BR",-3.039,-60.05,80.46,2022,101,25.4,23,31,"trop"
"102","BR",-3.039,-60.05,80.46,2022,102,25.4,24,27,"trop"
"103","BR",-3.039,-60.05,80.46,2022,103,27.1,23,33,"trop"
"104","BR",-3.039,-60.05,80.46,2022,104,25.8,23,28,"trop"
"105","BR",-3.039,-60.05,80.46,2022,105,25.1,23,30,"trop"
"106","BR",-3.039,-60.05,80.46,2022,106,24.8,23,28,"trop"
"107","BR",-3.039,-60.05,80.46,2022,107,25.2,24,27,"trop"
"108","BR",-3.039,-60.05,80.46,2022,108,26.4,23,33,"trop"
"109","BR",-3.039,-60.05,80.46,2022,109,24.4,23,26,"trop"
"110","BR",-3.039,-60.05,80.46,2022,110,24.7,23,28,"trop"
"111","BR",-3.039,-60.05,80.46,2022,111,25.2,23,28,"trop"
"112","BR",-3.039,-60.05,80.46,2022,112,25.4,24,30,"trop"
"113","BR",-3.039,-60.05,80.46,2022,113,26.6,24,31,"trop"
"114","BR",-3.039,-60.05,80.46,2022,114,26.6,23,31,"trop"
"115","BR",-3.039,-60.05,80.46,2022,115,27.9,24,33,"trop"
"116","BR",-3.039,-60.05,80.46,2022,116,27.5,24,32,"trop"
"117","BR",-3.039,-60.05,80.46,2022,117,25.9,24,30,"trop"
"118","BR",-3.039,-60.05,80.46,2022,118,26.8,24,32,"trop"
"119","BR",-3.039,-60.05,80.46,2022,119,24.9,24,26,"trop"
"120","BR",-3.039,-60.05,80.46,2022,120,25.8,23,32,"trop"
"121","BR",-3.039,-60.05,80.46,2022,121,25.7,23,31,"trop"
"122","BR",-3.039,-60.05,80.46,2022,122,25.4,23,28,"trop"
"123","BR",-3.039,-60.05,80.46,2022,123,26.2,24,30,"trop"
"124","BR",-3.039,-60.05,80.46,2022,124,24.5,22,26,"trop"
"125","BR",-3.039,-60.05,80.46,2022,125,25.6,22,31,"trop"
"126","BR",-3.039,-60.05,80.46,2022,126,26.7,24,30,"trop"
"127","BR",-3.039,-60.05,80.46,2022,127,25.6,23,29,"trop"
"128","BR",-3.039,-60.05,80.46,2022,128,25.3,23,29,"trop"
"129","BR",-3.039,-60.05,80.46,2022,129,26.1,23,30,"trop"
"130","BR",-3.039,-60.05,80.46,2022,130,27.6,24,32,"trop"
"131","BR",-3.039,-60.05,80.46,2022,131,27.4,24,32,"trop"
"132","BR",-3.039,-60.05,80.46,2022,132,27.8,25,32,"trop"
"133","BR",-3.039,-60.05,80.46,2022,133,26.2,24,30,"trop"
"134","BR",-3.039,-60.05,80.46,2022,134,27.2,24,32,"trop"
"135","BR",-3.039,-60.05,80.46,2022,135,26.1,24,29,"trop"
"136","BR",-3.039,-60.05,80.46,2022,136,25.8,25,28,"trop"
"137","BR",-3.039,-60.05,80.46,2022,137,25.9,25,29,"trop"
"138","BR",-3.039,-60.05,80.46,2022,138,25.3,24,27,"trop"
"139","BR",-3.039,-60.05,80.46,2022,139,24.7,22,27,"trop"
"140","BR",-3.039,-60.05,80.46,2022,140,23.9,21,28,"trop"
"141","BR",-3.039,-60.05,80.46,2022,141,25.1,22,29,"trop"
"142","BR",-3.039,-60.05,80.46,2022,142,25.9,23,30,"trop"
"143","BR",-3.039,-60.05,80.46,2022,143,25.7,22,31,"trop"
"144","BR",-3.039,-60.05,80.46,2022,144,27.1,23,32,"trop"
"145","BR",-3.039,-60.05,80.46,2022,145,28.3,24,33,"trop"
"146","BR",-3.039,-60.05,80.46,2022,146,28.3,23,33,"trop"
"147","BR",-3.039,-60.05,80.46,2022,147,27.7,24,32,"trop"
"148","BR",-3.039,-60.05,80.46,2022,148,27.4,24,32,"trop"
"149","BR",-3.039,-60.05,80.46,2022,149,26.1,24,29,"trop"
"150","BR",-3.039,-60.05,80.46,2022,150,26.3,23,32,"trop"
"151","BR",-3.039,-60.05,80.46,2022,151,25.6,24,29,"trop"
"152","BR",-3.039,-60.05,80.46,2022,152,24.6,22,27,"trop"
"153","BR",-3.039,-60.05,80.46,2022,153,25.6,23,30,"trop"
"154","BR",-3.039,-60.05,80.46,2022,154,26.6,23,32,"trop"
"155","BR",-3.039,-60.05,80.46,2022,155,24.9,23,28,"trop"
"156","BR",-3.039,-60.05,80.46,2022,156,24.4,22,27,"trop"
"157","BR",-3.039,-60.05,80.46,2022,157,23.9,22,30,"trop"
"158","BR",-3.039,-60.05,80.46,2022,158,25.3,22,31,"trop"
"159","BR",-3.039,-60.05,80.46,2022,159,25.6,23,31,"trop"
"160","BR",-3.039,-60.05,80.46,2022,160,26.1,22,32,"trop"
"161","BR",-3.039,-60.05,80.46,2022,161,27.2,24,31,"trop"
"162","BR",-3.039,-60.05,80.46,2022,162,24.2,23,27,"trop"
"163","BR",-3.039,-60.05,80.46,2022,163,24.7,23,28,"trop"
"164","BR",-3.039,-60.05,80.46,2022,164,24.6,23,27,"trop"
"165","BR",-3.039,-60.05,80.46,2022,165,25,22,29,"trop"
"166","BR",-3.039,-60.05,80.46,2022,166,25.7,24,30,"trop"
"167","BR",-3.039,-60.05,80.46,2022,167,26.1,22,31,"trop"
"168","BR",-3.039,-60.05,80.46,2022,168,26.4,21,32,"trop"
"169","BR",-3.039,-60.05,80.46,2022,169,26.3,21,32,"trop"
"170","BR",-3.039,-60.05,80.46,2022,170,26.4,23,30,"trop"
"171","BR",-3.039,-60.05,80.46,2022,171,25.6,22,30,"trop"
"172","BR",-3.039,-60.05,80.46,2022,172,25.1,21,29,"trop"
"173","BR",-3.039,-60.05,80.46,2022,173,25.2,22,31,"trop"
"174","BR",-3.039,-60.05,80.46,2022,174,26.2,23,31,"trop"
"175","BR",-3.039,-60.05,80.46,2022,175,27.4,23,32,"trop"
"176","BR",-3.039,-60.05,80.46,2022,176,27.1,22,32,"trop"
"177","BR",-3.039,-60.05,80.46,2022,177,25.4,23,30,"trop"
"178","BR",-3.039,-60.05,80.46,2022,178,26.7,23,32,"trop"
"179","BR",-3.039,-60.05,80.46,2022,179,25.9,23,30,"trop"
"180","BR",-3.039,-60.05,80.46,2022,180,26.9,23,32,"trop"
"181","BR",-3.039,-60.05,80.46,2022,181,27.3,24,32,"trop"
"182","BR",-3.039,-60.05,80.46,2022,182,27.3,23,33,"trop"
"183","BR",-3.039,-60.05,80.46,2022,183,27.3,24,32,"trop"
"184","BR",-3.039,-60.05,80.46,2022,184,26.9,24,31,"trop"
"185","BR",-3.039,-60.05,80.46,2022,185,26.1,24,30,"trop"
"186","BR",-3.039,-60.05,80.46,2022,186,26.9,23,32,"trop"
"187","BR",-3.039,-60.05,80.46,2022,187,27,24,32,"trop"
"188","BR",-3.039,-60.05,80.46,2022,188,27,24,32,"trop"
"189","BR",-3.039,-60.05,80.46,2022,189,27.7,24,33,"trop"
"190","BR",-3.039,-60.05,80.46,2022,190,27.2,24,30,"trop"
"191","BR",-3.039,-60.05,80.46,2022,191,26.6,23,32,"trop"
"192","BR",-3.039,-60.05,80.46,2022,192,26.7,23,32,"trop"
"193","BR",-3.039,-60.05,80.46,2022,193,27.7,23,33,"trop"
"194","BR",-3.039,-60.05,80.46,2022,194,28.3,24,34,"trop"
"195","BR",-3.039,-60.05,80.46,2022,195,26.3,24,31,"trop"
"196","BR",-3.039,-60.05,80.46,2022,196,27.4,24,33,"trop"
"197","BR",-3.039,-60.05,80.46,2022,197,27.6,23,33,"trop"
"198","BR",-3.039,-60.05,80.46,2022,198,28.2,24,34,"trop"
"199","BR",-3.039,-60.05,80.46,2022,199,28.9,24,34,"trop"
"200","BR",-3.039,-60.05,80.46,2022,200,29.3,25,34,"trop"
"201","BR",-3.039,-60.05,80.46,2022,201,27.2,24,31,"trop"
"202","BR",-3.039,-60.05,80.46,2022,202,25.2,23,31,"trop"
"203","BR",-3.039,-60.05,80.46,2022,203,25.3,22,31,"trop"
"204","BR",-3.039,-60.05,80.46,2022,204,26.7,23,32,"trop"
"205","BR",-3.039,-60.05,80.46,2022,205,27.6,23,34,"trop"
"206","BR",-3.039,-60.05,80.46,2022,206,27.6,23,33,"trop"
"207","BR",-3.039,-60.05,80.46,2022,207,28.1,23,34,"trop"
"208","BR",-3.039,-60.05,80.46,2022,208,28.2,24,33,"trop"
"209","BR",-3.039,-60.05,80.46,2022,209,27.4,22,34,"trop"
"210","BR",-3.039,-60.05,80.46,2022,210,25.9,24,30,"trop"
"211","BR",-3.039,-60.05,80.46,2022,211,25.7,23,30,"trop"
"212","BR",-3.039,-60.05,80.46,2022,212,26.6,25,32,"trop"
"213","BR",-3.039,-60.05,80.46,2022,213,26.8,24,31,"trop"
"214","BR",-3.039,-60.05,80.46,2022,214,27.1,23,31,"trop"
"215","BR",-3.039,-60.05,80.46,2022,215,27.9,24,33,"trop"
"216","BR",-3.039,-60.05,80.46,2022,216,27.6,23,34,"trop"
"217","BR",-3.039,-60.05,80.46,2022,217,28.4,24,34,"trop"
"218","BR",-3.039,-60.05,80.46,2022,218,27.8,22,34,"trop"
"219","BR",-3.039,-60.05,80.46,2022,219,28.5,23,34,"trop"
"220","BR",-3.039,-60.05,80.46,2022,220,28.6,22,34,"trop"
"221","BR",-3.039,-60.05,80.46,2022,221,29.1,24,34,"trop"
"222","BR",-3.039,-60.05,80.46,2022,222,28.8,24,34,"trop"
"223","BR",-3.039,-60.05,80.46,2022,223,27.9,24,32,"trop"
"224","BR",-3.039,-60.05,80.46,2022,224,28.4,25,33,"trop"
"225","BR",-3.039,-60.05,80.46,2022,225,26.8,22,32,"trop"
"226","BR",-3.039,-60.05,80.46,2022,226,25.9,23,32,"trop"
"227","BR",-3.039,-60.05,80.46,2022,227,26.4,22,33,"trop"
"228","BR",-3.039,-60.05,80.46,2022,228,27.6,23,34,"trop"
"229","BR",-3.039,-60.05,80.46,2022,229,28.4,24,35,"trop"
"230","BR",-3.039,-60.05,80.46,2022,230,28.6,24,34,"trop"
"231","BR",-3.039,-60.05,80.46,2022,231,29.7,26,34,"trop"
"232","BR",-3.039,-60.05,80.46,2022,232,26.9,24,30,"trop"
"233","BR",-3.039,-60.05,80.46,2022,233,26.1,24,29,"trop"
"234","BR",-3.039,-60.05,80.46,2022,234,26.3,23,31,"trop"
"235","BR",-3.039,-60.05,80.46,2022,235,26.7,23,31,"trop"
"236","BR",-3.039,-60.05,80.46,2022,236,26.9,24,32,"trop"
"237","BR",-3.039,-60.05,80.46,2022,237,26.8,23,31,"trop"
"238","BR",-3.039,-60.05,80.46,2022,238,27.4,23,34,"trop"
"239","BR",-3.039,-60.05,80.46,2022,239,27.7,23,33,"trop"
"240","BR",-3.039,-60.05,80.46,2022,240,25.9,23,30,"trop"
"241","BR",-3.039,-60.05,80.46,2022,241,26.4,22,32,"trop"
"242","BR",-3.039,-60.05,80.46,2022,242,27.6,23,33,"trop"
"243","BR",-3.039,-60.05,80.46,2022,243,27.6,24,33,"trop"
"244","BR",-3.039,-60.05,80.46,2022,244,25.8,23,31,"trop"
"245","BR",-3.039,-60.05,80.46,2022,245,26.8,23,33,"trop"
"246","BR",-3.039,-60.05,80.46,2022,246,28.6,24,34,"trop"
"247","BR",-3.039,-60.05,80.46,2022,247,28.1,24,34,"trop"
"248","BR",-3.039,-60.05,80.46,2022,248,27.7,24,34,"trop"
"249","BR",-3.039,-60.05,80.46,2022,249,26.6,23,33,"trop"
"250","BR",-3.039,-60.05,80.46,2022,250,26.2,23,32,"trop"
"251","BR",-3.039,-60.05,80.46,2022,251,26.2,23,32,"trop"
"252","BR",-3.039,-60.05,80.46,2022,252,26.9,23,34,"trop"
"253","BR",-3.039,-60.05,80.46,2022,253,27.7,22,34,"trop"
"254","BR",-3.039,-60.05,80.46,2022,254,28.7,24,35,"trop"
"255","BR",-3.039,-60.05,80.46,2022,255,26.9,23,32,"trop"
"256","BR",-3.039,-60.05,80.46,2022,256,26.1,23,31,"trop"
"257","BR",-3.039,-60.05,80.46,2022,257,27.9,23,34,"trop"
"258","BR",-3.039,-60.05,80.46,2022,258,28.8,24,35,"trop"
"259","BR",-3.039,-60.05,80.46,2022,259,27.4,24,32,"trop"
"260","BR",-3.039,-60.05,80.46,2022,260,27.2,25,33,"trop"
"261","BR",-3.039,-60.05,80.46,2022,261,25.4,24,32,"trop"
"262","BR",-3.039,-60.05,80.46,2022,262,26.6,22,33,"trop"
"263","BR",-3.039,-60.05,80.46,2022,263,28.6,23,34,"trop"
"264","BR",-3.039,-60.05,80.46,2022,264,28.1,22,35,"trop"
"265","BR",-3.039,-60.05,80.46,2022,265,28.6,25,35,"trop"
"266","BR",-3.039,-60.05,80.46,2022,266,28.3,24,34,"trop"
"267","BR",-3.039,-60.05,80.46,2022,267,29.4,24,36,"trop"
"268","BR",-3.039,-60.05,80.46,2022,268,28.9,24,35,"trop"
"269","BR",-3.039,-60.05,80.46,2022,269,29.2,25,35,"trop"
"270","BR",-3.039,-60.05,80.46,2022,270,29.9,24,35,"trop"
"271","BR",-3.039,-60.05,80.46,2022,271,30.3,24,36,"trop"
"272","BR",-3.039,-60.05,80.46,2022,272,30,24,37,"trop"
"273","BR",-3.039,-60.05,80.46,2022,273,29.8,24,35,"trop"
"274","BR",-3.039,-60.05,80.46,2022,274,29.1,25,34,"trop"
"275","BR",-3.039,-60.05,80.46,2022,275,27.6,23,33,"trop"
"276","BR",-3.039,-60.05,80.46,2022,276,24.6,22,27,"trop"
"277","BR",-3.039,-60.05,80.46,2022,277,25.6,21,33,"trop"
"278","BR",-3.039,-60.05,80.46,2022,278,28.7,24,35,"trop"
"279","BR",-3.039,-60.05,80.46,2022,279,29.9,24,36,"trop"
"280","BR",-3.039,-60.05,80.46,2022,280,30.2,24,36,"trop"
"281","BR",-3.039,-60.05,80.46,2022,281,31,26,36,"trop"
"282","BR",-3.039,-60.05,80.46,2022,282,29.9,23,36,"trop"
"283","BR",-3.039,-60.05,80.46,2022,283,27.4,24,32,"trop"
"284","BR",-3.039,-60.05,80.46,2022,284,27.4,24,32,"trop"
"285","BR",-3.039,-60.05,80.46,2022,285,27.8,24,33,"trop"
"286","BR",-3.039,-60.05,80.46,2022,286,27.2,24,33,"trop"
"287","BR",-3.039,-60.05,80.46,2022,287,27,24,32,"trop"
"288","BR",-3.039,-60.05,80.46,2022,288,25,22,30,"trop"
"289","BR",-3.039,-60.05,80.46,2022,289,25.5,22,31,"trop"
"290","BR",-3.039,-60.05,80.46,2022,290,25.7,23,29,"trop"
"291","BR",-3.039,-60.05,80.46,2022,291,26.4,23,33,"trop"
"292","BR",-3.039,-60.05,80.46,2022,292,26.9,24,34,"trop"
"293","BR",-3.039,-60.05,80.46,2022,293,26.8,23,33,"trop"
"294","BR",-3.039,-60.05,80.46,2022,294,28.4,24,35,"trop"
"295","BR",-3.039,-60.05,80.46,2022,295,25.9,24,27,"trop"
"296","BR",-3.039,-60.05,80.46,2022,296,27.8,24,33,"trop"
"297","BR",-3.039,-60.05,80.46,2022,297,27.5,25,32,"trop"
"298","BR",-3.039,-60.05,80.46,2022,298,25.4,24,30,"trop"
"299","BR",-3.039,-60.05,80.46,2022,299,27.6,23,33,"trop"
"300","BR",-3.039,-60.05,80.46,2022,300,28.9,25,34,"trop"
"301","BR",-3.039,-60.05,80.46,2022,301,29.5,26,34,"trop"
"302","BR",-3.039,-60.05,80.46,2022,302,28.2,25,32,"trop"
"303","BR",-3.039,-60.05,80.46,2022,303,27.7,24,33,"trop"
"304","BR",-3.039,-60.05,80.46,2022,304,29.2,25,35,"trop"
"305","BR",-3.039,-60.05,80.46,2022,305,27.9,25,31,"trop"
"306","BR",-3.039,-60.05,80.46,2022,306,25.1,23,27,"trop"
"307","BR",-3.039,-60.05,80.46,2022,307,24.9,23,28,"trop"
"308","BR",-3.039,-60.05,80.46,2022,308,25.2,22,29,"trop"
"309","BR",-3.039,-60.05,80.46,2022,309,27.1,23,33,"trop"
"310","BR",-3.039,-60.05,80.46,2022,310,28.3,25,34,"trop"
"311","BR",-3.039,-60.05,80.46,2022,311,26.2,24,30,"trop"
"312","BR",-3.039,-60.05,80.46,2022,312,27.6,24,32,"trop"
"313","BR",-3.039,-60.05,80.46,2022,313,28.6,25,33,"trop"
"314","BR",-3.039,-60.05,80.46,2022,314,28.6,24,34,"trop"
"315","BR",-3.039,-60.05,80.46,2022,315,29.1,26,34,"trop"
"316","BR",-3.039,-60.05,80.46,2022,316,27.9,24,32,"trop"
"317","BR",-3.039,-60.05,80.46,2022,317,28,24,33,"trop"
"318","BR",-3.039,-60.05,80.46,2022,318,28.6,25,34,"trop"
"319","BR",-3.039,-60.05,80.46,2022,319,28.4,24,33,"trop"
"320","BR",-3.039,-60.05,80.46,2022,320,26.8,24,32,"trop"
"321","BR",-3.039,-60.05,80.46,2022,321,28.4,24,33,"trop"
"322","BR",-3.039,-60.05,80.46,2022,322,26.9,24,31,"trop"
"323","BR",-3.039,-60.05,80.46,2022,323,27.7,23,33,"trop"
"324","BR",-3.039,-60.05,80.46,2022,324,28.8,24,34,"trop"
"325","BR",-3.039,-60.05,80.46,2022,325,29.7,26,35,"trop"
"326","BR",-3.039,-60.05,80.46,2022,326,28.1,25,33,"trop"
"327","BR",-3.039,-60.05,80.46,2022,327,26.1,23,31,"trop"
"328","BR",-3.039,-60.05,80.46,2022,328,25.4,23,30,"trop"
"329","BR",-3.039,-60.05,80.46,2022,329,27.1,24,33,"trop"
"330","BR",-3.039,-60.05,80.46,2022,330,25.4,23,28,"trop"
"331","BR",-3.039,-60.05,80.46,2022,331,26.4,23,33,"trop"
"332","BR",-3.039,-60.05,80.46,2022,332,26.5,23,31,"trop"
"333","BR",-3.039,-60.05,80.46,2022,333,25.9,23,31,"trop"
"334","BR",-3.039,-60.05,80.46,2022,334,28.2,24,34,"trop"
"335","BR",-3.039,-60.05,80.46,2022,335,27.1,23,31,"trop"
"336","BR",-3.039,-60.05,80.46,2022,336,25.9,24,29,"trop"
"337","BR",-3.039,-60.05,80.46,2022,337,26.2,23,31,"trop"
"338","BR",-3.039,-60.05,80.46,2022,338,27.8,24,33,"trop"
"339","BR",-3.039,-60.05,80.46,2022,339,25.2,22,29,"trop"
"340","BR",-3.039,-60.05,80.46,2022,340,26.9,24,31,"trop"
"341","BR",-3.039,-60.05,80.46,2022,341,27.8,24,33,"trop"
"342","BR",-3.039,-60.05,80.46,2022,342,28,25,34,"trop"
"343","BR",-3.039,-60.05,80.46,2022,343,27.3,24,32,"trop"
"344","BR",-3.039,-60.05,80.46,2022,344,28.5,24,34,"trop"
"345","BR",-3.039,-60.05,80.46,2022,345,27.9,24,32,"trop"
"346","BR",-3.039,-60.05,80.46,2022,346,27.6,24,32,"trop"
"347","BR",-3.039,-60.05,80.46,2022,347,25.2,22,29,"trop"
"348","BR",-3.039,-60.05,80.46,2022,348,26,22,32,"trop"
"349","BR",-3.039,-60.05,80.46,2022,349,27.3,24,33,"trop"
"350","BR",-3.039,-60.05,80.46,2022,350,27.3,23,33,"trop"
"351","BR",-3.039,-60.05,80.46,2022,351,25.2,23,27,"trop"
"352","BR",-3.039,-60.05,80.46,2022,352,27.2,24,33,"trop"
"353","BR",-3.039,-60.05,80.46,2022,353,26.6,24,31,"trop"
"354","BR",-3.039,-60.05,80.46,2022,354,26.3,23,29,"trop"
"355","BR",-3.039,-60.05,80.46,2022,355,24.8,24,29,"trop"
"356","BR",-3.039,-60.05,80.46,2022,356,24.4,23,29,"trop"
"357","BR",-3.039,-60.05,80.46,2022,357,26.7,23,31,"trop"
"358","BR",-3.039,-60.05,80.46,2022,358,28,24,33,"trop"
"359","BR",-3.039,-60.05,80.46,2022,359,27.3,22,32,"trop"
"360","BR",-3.039,-60.05,80.46,2022,360,26.4,23,31,"trop"
"361","BR",-3.039,-60.05,80.46,2022,361,24.6,23,29,"trop"
"362","BR",-3.039,-60.05,80.46,2022,362,25.1,23,29,"trop"
"363","BR",-3.039,-60.05,80.46,2022,363,25.4,23,28,"trop"
"364","BR",-3.039,-60.05,80.46,2022,364,26.1,23,30,"trop"
"365","BR",-3.039,-60.05,80.46,2022,365,26,24,29,"trop"
"366","BR",-3.039,-60.05,80.46,2023,1,25.4,23,30,"trop"
"367","BR",-3.039,-60.05,80.46,2023,2,25.3,24,31,"trop"
"368","BR",-3.039,-60.05,80.46,2023,3,24.4,23,27,"trop"
"369","BR",-3.039,-60.05,80.46,2023,4,26.7,23,31,"trop"
"370","BR",-3.039,-60.05,80.46,2023,5,26.3,24,31,"trop"
"371","BR",-3.039,-60.05,80.46,2023,6,24.8,22,27,"trop"
"372","BR",-3.039,-60.05,80.46,2023,7,27,24,33,"trop"
"373","BR",-3.039,-60.05,80.46,2023,8,26.4,24,30,"trop"
"374","BR",-3.039,-60.05,80.46,2023,9,24.5,22,30,"trop"
"375","BR",-3.039,-60.05,80.46,2023,10,24.1,22,27,"trop"
"376","BR",-3.039,-60.05,80.46,2023,11,25.9,23,31,"trop"
"377","BR",-3.039,-60.05,80.46,2023,12,26.9,23,31,"trop"
"378","BR",-3.039,-60.05,80.46,2023,13,24.6,23,26,"trop"
"379","BR",-3.039,-60.05,80.46,2023,14,24.9,22,29,"trop"
"380","BR",-3.039,-60.05,80.46,2023,15,26,23,29,"trop"
"381","BR",-3.039,-60.05,80.46,2023,16,25.7,23,30,"trop"
"382","BR",-3.039,-60.05,80.46,2023,17,24.2,23,27,"trop"
"383","BR",-3.039,-60.05,80.46,2023,18,25.3,23,31,"trop"
"384","BR",-3.039,-60.05,80.46,2023,19,24.9,22,29,"trop"
"385","BR",-3.039,-60.05,80.46,2023,20,24.1,23,26,"trop"
"386","BR",-3.039,-60.05,80.46,2023,21,24.9,23,29,"trop"
"387","BR",-3.039,-60.05,80.46,2023,22,24.5,22,29,"trop"
"388","BR",-3.039,-60.05,80.46,2023,23,25.1,22,31,"trop"
"389","BR",-3.039,-60.05,80.46,2023,24,25.1,24,29,"trop"
"390","BR",-3.039,-60.05,80.46,2023,25,24.1,23,28,"trop"
"391","BR",-3.039,-60.05,80.46,2023,26,25.3,23,29,"trop"
"392","BR",-3.039,-60.05,80.46,2023,27,25.5,24,29,"trop"
"393","BR",-3.039,-60.05,80.46,2023,28,25.8,24,30,"trop"
"394","BR",-3.039,-60.05,80.46,2023,29,26,23,30,"trop"
"395","BR",-3.039,-60.05,80.46,2023,30,24.8,23,27,"trop"
"396","BR",-3.039,-60.05,80.46,2023,31,25.5,23,29,"trop"
"397","BR",-3.039,-60.05,80.46,2023,32,26.1,23,31,"trop"
"398","BR",-3.039,-60.05,80.46,2023,33,26.4,24,31,"trop"
"399","BR",-3.039,-60.05,80.46,2023,34,26.6,24,32,"trop"
"400","BR",-3.039,-60.05,80.46,2023,35,24.7,23,28,"trop"
"401","BR",-3.039,-60.05,80.46,2023,36,24.3,23,26,"trop"
"402","BR",-3.039,-60.05,80.46,2023,37,25.3,23,29,"trop"
"403","BR",-3.039,-60.05,80.46,2023,38,25.6,23,30,"trop"
"404","BR",-3.039,-60.05,80.46,2023,39,25.2,24,29,"trop"
"405","BR",-3.039,-60.05,80.46,2023,40,24.8,24,26,"trop"
"406","BR",-3.039,-60.05,80.46,2023,41,25.6,23,30,"trop"
"407","BR",-3.039,-60.05,80.46,2023,42,24.8,22,27,"trop"
"408","BR",-3.039,-60.05,80.46,2023,43,25.7,23,29,"trop"
"409","BR",-3.039,-60.05,80.46,2023,44,26.1,24,30,"trop"
"410","BR",-3.039,-60.05,80.46,2023,45,24.9,23,29,"trop"
"411","BR",-3.039,-60.05,80.46,2023,46,25.6,23,30,"trop"
"412","BR",-3.039,-60.05,80.46,2023,47,24.2,22,25,"trop"
"413","BR",-3.039,-60.05,80.46,2023,48,25.1,23,29,"trop"
"414","BR",-3.039,-60.05,80.46,2023,49,26.6,24,31,"trop"
"415","BR",-3.039,-60.05,80.46,2023,50,25.1,24,29,"trop"
"416","BR",-3.039,-60.05,80.46,2023,51,23.8,22,25,"trop"
"417","BR",-3.039,-60.05,80.46,2023,52,23.3,22,27,"trop"
"418","BR",-3.039,-60.05,80.46,2023,53,25.5,23,31,"trop"
"419","BR",-3.039,-60.05,80.46,2023,54,26.1,24,31,"trop"
"420","BR",-3.039,-60.05,80.46,2023,55,25.9,24,30,"trop"
"421","BR",-3.039,-60.05,80.46,2023,56,25.4,23,29,"trop"
"422","BR",-3.039,-60.05,80.46,2023,57,25.6,23,32,"trop"
"423","BR",-3.039,-60.05,80.46,2023,58,26.5,24,32,"trop"
"424","BR",-3.039,-60.05,80.46,2023,59,25.8,23,31,"trop"
"425","BR",-3.039,-60.05,80.46,2023,60,26.6,24,31,"trop"
"426","BR",-3.039,-60.05,80.46,2023,61,25.9,24,30,"trop"
"427","BR",-3.039,-60.05,80.46,2023,62,27.2,24,31,"trop"
"428","BR",-3.039,-60.05,80.46,2023,63,27.1,24,32,"trop"
"429","BR",-3.039,-60.05,80.46,2023,64,25.8,23,29,"trop"
"430","BR",-3.039,-60.05,80.46,2023,65,25.6,24,29,"trop"
"431","BR",-3.039,-60.05,80.46,2023,66,24.4,24,26,"trop"
"432","BR",-3.039,-60.05,80.46,2023,67,24.4,23,27,"trop"
"433","BR",-3.039,-60.05,80.46,2023,68,26.4,23,31,"trop"
"434","BR",-3.039,-60.05,80.46,2023,69,26.4,24,30,"trop"
"435","BR",-3.039,-60.05,80.46,2023,70,25.4,24,28,"trop"
"436","BR",-3.039,-60.05,80.46,2023,71,24.4,23,25,"trop"
"437","BR",-3.039,-60.05,80.46,2023,72,25.6,23,31,"trop"
"438","BR",-3.039,-60.05,80.46,2023,73,25.8,24,29,"trop"
"439","BR",-3.039,-60.05,80.46,2023,74,26.6,25,30,"trop"
"440","BR",-3.039,-60.05,80.46,2023,75,25.9,24,30,"trop"
"441","BR",-3.039,-60.05,80.46,2023,76,25.4,24,28,"trop"
"442","BR",-3.039,-60.05,80.46,2023,77,25.1,23,29,"trop"
"443","BR",-3.039,-60.05,80.46,2023,78,26.6,22,33,"trop"
"444","BR",-3.039,-60.05,80.46,2023,79,26.3,23,31,"trop"
"445","BR",-3.039,-60.05,80.46,2023,80,28.3,25,34,"trop"
"446","BR",-3.039,-60.05,80.46,2023,81,27.7,24,31,"trop"
"447","BR",-3.039,-60.05,80.46,2023,82,26.6,24,31,"trop"
"448","BR",-3.039,-60.05,80.46,2023,83,27.1,26,31,"trop"
"449","BR",-3.039,-60.05,80.46,2023,84,24.5,22,26,"trop"
"450","BR",-3.039,-60.05,80.46,2023,85,25.4,23,31,"trop"
"451","BR",-3.039,-60.05,80.46,2023,86,26.4,23,32,"trop"
"452","BR",-3.039,-60.05,80.46,2023,87,25.9,24,31,"trop"
"453","BR",-3.039,-60.05,80.46,2023,88,26.6,23,31,"trop"
"454","BR",-3.039,-60.05,80.46,2023,89,25.9,24,29,"trop"
"455","BR",-3.039,-60.05,80.46,2023,90,26.9,23,32,"trop"
"456","BR",-3.039,-60.05,80.46,2023,91,26.9,22,32,"trop"
"457","BR",-3.039,-60.05,80.46,2023,92,24.8,23,27,"trop"
"458","BR",-3.039,-60.05,80.46,2023,93,25.9,24,30,"trop"
"459","BR",-3.039,-60.05,80.46,2023,94,25.6,24,29,"trop"
"460","BR",-3.039,-60.05,80.46,2023,95,25.3,24,28,"trop"
"461","BR",-3.039,-60.05,80.46,2023,96,26.3,23,31,"trop"
"462","BR",-3.039,-60.05,80.46,2023,97,27.2,23,32,"trop"
"463","BR",-3.039,-60.05,80.46,2023,98,26.8,25,30,"trop"
"464","BR",-3.039,-60.05,80.46,2023,99,25.7,24,29,"trop"
"465","BR",-3.039,-60.05,80.46,2023,100,25.4,24,29,"trop"
"466","BR",-3.039,-60.05,80.46,2023,101,26.5,23,32,"trop"
"467","BR",-3.039,-60.05,80.46,2023,102,27.8,24,32,"trop"
"468","BR",-3.039,-60.05,80.46,2023,103,26.9,24,30,"trop"
"469","BR",-3.039,-60.05,80.46,2023,104,27.1,25,32,"trop"
"470","BR",-3.039,-60.05,80.46,2023,105,26.4,23,31,"trop"
"471","BR",-3.039,-60.05,80.46,2023,106,26.1,24,30,"trop"
"472","BR",-3.039,-60.05,80.46,2023,107,25.1,24,28,"trop"
"473","BR",-3.039,-60.05,80.46,2023,108,25.5,24,31,"trop"
"474","BR",-3.039,-60.05,80.46,2023,109,27.2,24,32,"trop"
"475","BR",-3.039,-60.05,80.46,2023,110,28.2,25,33,"trop"
"476","BR",-3.039,-60.05,80.46,2023,111,25.8,24,29,"trop"
"477","BR",-3.039,-60.05,80.46,2023,112,25,23,28,"trop"
"478","BR",-3.039,-60.05,80.46,2023,113,25.7,23,30,"trop"
"479","BR",-3.039,-60.05,80.46,2023,114,27.6,24,32,"trop"
"480","BR",-3.039,-60.05,80.46,2023,115,26.1,25,28,"trop"
"481","BR",-3.039,-60.05,80.46,2023,116,26.1,24,31,"trop"
"482","BR",-3.039,-60.05,80.46,2023,117,26.8,24,32,"trop"
"483","BR",-3.039,-60.05,80.46,2023,118,27.2,24,33,"trop"
"484","BR",-3.039,-60.05,80.46,2023,119,27.5,24,32,"trop"
"485","BR",-3.039,-60.05,80.46,2023,120,27.2,24,32,"trop"
"486","BR",-3.039,-60.05,80.46,2023,121,25.6,24,29,"trop"
"487","BR",-3.039,-60.05,80.46,2023,122,25.7,23,30,"trop"
"488","BR",-3.039,-60.05,80.46,2023,123,26.1,24,29,"trop"
"489","BR",-3.039,-60.05,80.46,2023,124,26.5,23,30,"trop"
"490","BR",-3.039,-60.05,80.46,2023,125,26.5,24,31,"trop"
"491","BR",-3.039,-60.05,80.46,2023,126,25.8,24,29,"trop"
"492","BR",-3.039,-60.05,80.46,2023,127,27.3,24,33,"trop"
"493","BR",-3.039,-60.05,80.46,2023,128,26.9,25,31,"trop"
"494","BR",-3.039,-60.05,80.46,2023,129,26.6,23,30,"trop"
"495","BR",-3.039,-60.05,80.46,2023,130,27,25,32,"trop"
"496","BR",-3.039,-60.05,80.46,2023,131,25.4,24,29,"trop"
"497","BR",-3.039,-60.05,80.46,2023,132,25.8,23,31,"trop"
"498","BR",-3.039,-60.05,80.46,2023,133,27.7,24,33,"trop"
"499","BR",-3.039,-60.05,80.46,2023,134,27.6,24,33,"trop"
"500","BR",-3.039,-60.05,80.46,2023,135,27.8,25,32,"trop"
"501","BR",-3.039,-60.05,80.46,2023,136,26.7,25,30,"trop"
"502","BR",-3.039,-60.05,80.46,2023,137,26.1,24,30,"trop"
"503","BR",-3.039,-60.05,80.46,2023,138,25.9,24,31,"trop"
"504","BR",-3.039,-60.05,80.46,2023,139,28.2,25,33,"trop"
"505","BR",-3.039,-60.05,80.46,2023,140,27.3,24,32,"trop"
"506","BR",-3.039,-60.05,80.46,2023,141,27.9,25,32,"trop"
"507","BR",-3.039,-60.05,80.46,2023,142,28.1,25,32,"trop"
"508","BR",-3.039,-60.05,80.46,2023,143,26.8,25,32,"trop"
"509","BR",-3.039,-60.05,80.46,2023,144,25.4,24,29,"trop"
"510","BR",-3.039,-60.05,80.46,2023,145,27.3,24,32,"trop"
"511","BR",-3.039,-60.05,80.46,2023,146,28.1,25,33,"trop"
"512","BR",-3.039,-60.05,80.46,2023,147,28.2,24,33,"trop"
"513","BR",-3.039,-60.05,80.46,2023,148,28.7,26,33,"trop"
"514","BR",-3.039,-60.05,80.46,2023,149,26.7,24,30,"trop"
"515","BR",-3.039,-60.05,80.46,2023,150,26.7,23,33,"trop"
"516","BR",-3.039,-60.05,80.46,2023,151,27.4,24,32,"trop"
"517","BR",-3.039,-60.05,80.46,2023,152,27.6,24,32,"trop"
"518","BR",-3.039,-60.05,80.46,2023,153,28.1,25,32,"trop"
"519","BR",-3.039,-60.05,80.46,2023,154,26.4,22,30,"trop"
"520","BR",-3.039,-60.05,80.46,2023,155,26.8,24,30,"trop"
"521","BR",-3.039,-60.05,80.46,2023,156,26.6,24,31,"trop"
"522","BR",-3.039,-60.05,80.46,2023,157,26.7,24,32,"trop"
"523","BR",-3.039,-60.05,80.46,2023,158,26.9,24,31,"trop"
"524","BR",-3.039,-60.05,80.46,2023,159,27.2,24,33,"trop"
"525","BR",-3.039,-60.05,80.46,2023,160,27.1,24,32,"trop"
"526","BR",-3.039,-60.05,80.46,2023,161,26.8,24,32,"trop"
"527","BR",-3.039,-60.05,80.46,2023,162,26.3,24,32,"trop"
"528","BR",-3.039,-60.05,80.46,2023,163,26.9,23,33,"trop"
"529","BR",-3.039,-60.05,80.46,2023,164,27.9,24,32,"trop"
"530","BR",-3.039,-60.05,80.46,2023,165,26.7,25,29,"trop"
"531","BR",-3.039,-60.05,80.46,2023,166,22.4,21,25,"trop"
"532","BR",-3.039,-60.05,80.46,2023,167,22.2,21,24,"trop"
"533","BR",-3.039,-60.05,80.46,2023,168,24.2,21,27,"trop"
"534","BR",-3.039,-60.05,80.46,2023,169,24.8,22,27,"trop"
"535","BR",-3.039,-60.05,80.46,2023,170,25.9,24,30,"trop"
"536","BR",-3.039,-60.05,80.46,2023,171,26.3,23,30,"trop"
"537","BR",-3.039,-60.05,80.46,2023,172,26.8,23,32,"trop"
"538","BR",-3.039,-60.05,80.46,2023,173,27.7,24,32,"trop"
"539","BR",-3.039,-60.05,80.46,2023,174,27.9,25,32,"trop"
"540","BR",-3.039,-60.05,80.46,2023,175,28.4,25,33,"trop"
"541","BR",-3.039,-60.05,80.46,2023,176,28.3,24,33,"trop"
"542","BR",-3.039,-60.05,80.46,2023,177,28.6,23,33,"trop"
"543","BR",-3.039,-60.05,80.46,2023,178,28.4,24,33,"trop"
"544","BR",-3.039,-60.05,80.46,2023,179,28.3,24,33,"trop"
"545","BR",-3.039,-60.05,80.46,2023,180,28.1,23,33,"trop"
"546","BR",-3.039,-60.05,80.46,2023,181,28.3,23,33,"trop"
"547","BR",-3.039,-60.05,80.46,2023,182,27.9,25,32,"trop"
"548","BR",-3.039,-60.05,80.46,2023,183,26,23,29,"trop"
"549","BR",-3.039,-60.05,80.46,2023,184,25.8,24,30,"trop"
"550","BR",-3.039,-60.05,80.46,2023,185,27,24,32,"trop"
"551","BR",-3.039,-60.05,80.46,2023,186,27.3,25,32,"trop"
"552","BR",-3.039,-60.05,80.46,2023,187,27.8,24,33,"trop"
"553","BR",-3.039,-60.05,80.46,2023,188,27.8,24,31,"trop"
"554","BR",-3.039,-60.05,80.46,2023,189,27.3,23,31,"trop"
"555","BR",-3.039,-60.05,80.46,2023,190,27.2,24,31,"trop"
"556","BR",-3.039,-60.05,80.46,2023,191,27.4,23,33,"trop"
"557","BR",-3.039,-60.05,80.46,2023,192,28.2,25,33,"trop"
"558","BR",-3.039,-60.05,80.46,2023,193,28.1,23,33,"trop"
"559","BR",-3.039,-60.05,80.46,2023,194,27.3,23,32,"trop"
"560","BR",-3.039,-60.05,80.46,2023,195,28.1,23,33,"trop"
"561","BR",-3.039,-60.05,80.46,2023,196,28.6,24,33,"trop"
"562","BR",-3.039,-60.05,80.46,2023,197,28.2,24,32,"trop"
"563","BR",-3.039,-60.05,80.46,2023,198,28.4,24,33,"trop"
"564","BR",-3.039,-60.05,80.46,2023,199,28.4,24,33,"trop"
"565","BR",-3.039,-60.05,80.46,2023,200,28.7,24,34,"trop"
"566","BR",-3.039,-60.05,80.46,2023,201,28.7,24,34,"trop"
"567","BR",-3.039,-60.05,80.46,2023,202,28.6,24,35,"trop"
"568","BR",-3.039,-60.05,80.46,2023,203,27.4,23,32,"trop"
"569","BR",-3.039,-60.05,80.46,2023,204,27.9,22,33,"trop"
"570","BR",-3.039,-60.05,80.46,2023,205,28.3,23,33,"trop"
"571","BR",-3.039,-60.05,80.46,2023,206,28.6,23,34,"trop"
"572","BR",-3.039,-60.05,80.46,2023,207,28.4,22,33,"trop"
"573","BR",-3.039,-60.05,80.46,2023,208,28.6,23,34,"trop"
"574","BR",-3.039,-60.05,80.46,2023,209,29.1,24,34,"trop"
"575","BR",-3.039,-60.05,80.46,2023,210,28.8,23,35,"trop"
"576","BR",-3.039,-60.05,80.46,2023,211,28.4,25,33,"trop"
"577","BR",-3.039,-60.05,80.46,2023,212,28.3,24,34,"trop"
"578","BR",-3.039,-60.05,80.46,2023,213,28.6,24,34,"trop"
"579","BR",-3.039,-60.05,80.46,2023,214,26.6,24,31,"trop"
"580","BR",-3.039,-60.05,80.46,2023,215,25.6,24,31,"trop"
"581","BR",-3.039,-60.05,80.46,2023,216,26.1,23,31,"trop"
"582","BR",-3.039,-60.05,80.46,2023,217,28.1,24,34,"trop"
"583","BR",-3.039,-60.05,80.46,2023,218,28,24,34,"trop"
"584","BR",-3.039,-60.05,80.46,2023,219,28.2,24,34,"trop"
"585","BR",-3.039,-60.05,80.46,2023,220,29.4,25,35,"trop"
"586","BR",-3.039,-60.05,80.46,2023,221,28.3,24,34,"trop"
"587","BR",-3.039,-60.05,80.46,2023,222,27.8,24,34,"trop"
"588","BR",-3.039,-60.05,80.46,2023,223,27.9,25,32,"trop"
"589","BR",-3.039,-60.05,80.46,2023,224,29.2,24,34,"trop"
"590","BR",-3.039,-60.05,80.46,2023,225,28.9,24,35,"trop"
"591","BR",-3.039,-60.05,80.46,2023,226,27.7,25,32,"trop"
"592","BR",-3.039,-60.05,80.46,2023,227,26.8,23,32,"trop"
"593","BR",-3.039,-60.05,80.46,2023,228,27.7,25,33,"trop"
"594","BR",-3.039,-60.05,80.46,2023,229,27.3,24,33,"trop"
"595","BR",-3.039,-60.05,80.46,2023,230,28.8,24,34,"trop"
"596","BR",-3.039,-60.05,80.46,2023,231,29.3,25,34,"trop"
"597","BR",-3.039,-60.05,80.46,2023,232,29.9,25,37,"trop"
"598","BR",-3.039,-60.05,80.46,2023,233,31.1,26,36,"trop"
"599","BR",-3.039,-60.05,80.46,2023,234,30.7,25,36,"trop"
"600","BR",-3.039,-60.05,80.46,2023,235,30.3,25,35,"trop"
"601","BR",-3.039,-60.05,80.46,2023,236,30.3,26,35,"trop"
"602","BR",-3.039,-60.05,80.46,2023,237,30,24,36,"trop"
"603","BR",-3.039,-60.05,80.46,2023,238,29.4,24,36,"trop"
"604","BR",-3.039,-60.05,80.46,2023,239,29.3,24,35,"trop"
"605","BR",-3.039,-60.05,80.46,2023,240,29,25,36,"trop"
"606","BR",-3.039,-60.05,80.46,2023,241,29.4,24,36,"trop"
"607","BR",-3.039,-60.05,80.46,2023,242,29.6,24,36,"trop"
"608","BR",-3.039,-60.05,80.46,2023,243,29.6,25,35,"trop"
"609","BR",-3.039,-60.05,80.46,2023,244,30.1,25,36,"trop"
"610","BR",-3.039,-60.05,80.46,2023,245,31.3,27,37,"trop"
"611","BR",-3.039,-60.05,80.46,2023,246,31.2,25,36,"trop"
"612","BR",-3.039,-60.05,80.46,2023,247,31.3,25,36,"trop"
"613","BR",-3.039,-60.05,80.46,2023,248,30.1,23,37,"trop"
"614","BR",-3.039,-60.05,80.46,2023,249,29.4,24,37,"trop"
"615","BR",-3.039,-60.05,80.46,2023,250,26.1,24,32,"trop"
"616","BR",-3.039,-60.05,80.46,2023,251,29,24,35,"trop"
"617","BR",-3.039,-60.05,80.46,2023,252,31.1,26,37,"trop"
"618","BR",-3.039,-60.05,80.46,2023,253,31.7,27,37,"trop"
"619","BR",-3.039,-60.05,80.46,2023,254,28.6,26,33,"trop"
"620","BR",-3.039,-60.05,80.46,2023,255,28,24,34,"trop"
"621","BR",-3.039,-60.05,80.46,2023,256,28.5,23,36,"trop"
"622","BR",-3.039,-60.05,80.46,2023,257,29.3,24,37,"trop"
"623","BR",-3.039,-60.05,80.46,2023,258,29.4,24,36,"trop"
"624","BR",-3.039,-60.05,80.46,2023,259,26.3,24,29,"trop"
"625","BR",-3.039,-60.05,80.46,2023,260,26.6,23,32,"trop"
"626","BR",-3.039,-60.05,80.46,2023,261,29,24,35,"trop"
"627","BR",-3.039,-60.05,80.46,2023,262,27.9,24,36,"trop"
"628","BR",-3.039,-60.05,80.46,2023,263,26.3,24,32,"trop"
"629","BR",-3.039,-60.05,80.46,2023,264,27,23,33,"trop"
"630","BR",-3.039,-60.05,80.46,2023,265,26.9,23,33,"trop"
"631","BR",-3.039,-60.05,80.46,2023,266,27.4,24,34,"trop"
"632","BR",-3.039,-60.05,80.46,2023,267,27.6,24,34,"trop"
"633","BR",-3.039,-60.05,80.46,2023,268,28.8,24,35,"trop"
"634","BR",-3.039,-60.05,80.46,2023,269,30.2,25,36,"trop"
"635","BR",-3.039,-60.05,80.46,2023,270,30.3,25,36,"trop"
"636","BR",-3.039,-60.05,80.46,2023,271,28.6,26,36,"trop"
"637","BR",-3.039,-60.05,80.46,2023,272,29.5,24,36,"trop"
"638","BR",-3.039,-60.05,80.46,2023,273,31.8,26,37,"trop"
"639","BR",-3.039,-60.05,80.46,2023,274,30.9,24,37,"trop"
"640","BR",-3.039,-60.05,80.46,2023,275,29.5,25,37,"trop"
"641","BR",-3.039,-60.05,80.46,2023,276,30.4,26,37,"trop"
"642","BR",-3.039,-60.05,80.46,2023,277,31.2,25,37,"trop"
"643","BR",-3.039,-60.05,80.46,2023,278,29.7,25,36,"trop"
"644","BR",-3.039,-60.05,80.46,2023,279,29.9,24,37,"trop"
"645","BR",-3.039,-60.05,80.46,2023,280,30.2,24,37,"trop"
"646","BR",-3.039,-60.05,80.46,2023,281,32.7,26,38,"trop"
"647","BR",-3.039,-60.05,80.46,2023,282,32.6,27,37,"trop"
"648","BR",-3.039,-60.05,80.46,2023,283,32.4,27,38,"trop"
"649","BR",-3.039,-60.05,80.46,2023,284,30.3,25,36,"trop"
"650","BR",-3.039,-60.05,80.46,2023,285,30,24,36,"trop"
"651","BR",-3.039,-60.05,80.46,2023,286,30.4,26,36,"trop"
"652","BR",-3.039,-60.05,80.46,2023,287,26.8,23,30,"trop"
"653","BR",-3.039,-60.05,80.46,2023,288,25.7,24,30,"trop"
"654","BR",-3.039,-60.05,80.46,2023,289,24.8,23,28,"trop"
"655","BR",-3.039,-60.05,80.46,2023,290,27,23,34,"trop"
"656","BR",-3.039,-60.05,80.46,2023,291,24.9,23,32,"trop"
"657","BR",-3.039,-60.05,80.46,2023,292,26.7,22,34,"trop"
"658","BR",-3.039,-60.05,80.46,2023,293,28.9,24,35,"trop"
"659","BR",-3.039,-60.05,80.46,2023,294,29.7,25,36,"trop"
"660","BR",-3.039,-60.05,80.46,2023,295,26.2,23,30,"trop"
"661","BR",-3.039,-60.05,80.46,2023,296,25.5,23,29,"trop"
"662","BR",-3.039,-60.05,80.46,2023,297,27.8,24,33,"trop"
"663","BR",-3.039,-60.05,80.46,2023,298,29.1,24,35,"trop"
"664","BR",-3.039,-60.05,80.46,2023,299,29.7,25,35,"trop"
"665","BR",-3.039,-60.05,80.46,2023,300,30.6,26,37,"trop"
"666","BR",-3.039,-60.05,80.46,2023,301,30.6,24,37,"trop"
"667","BR",-3.039,-60.05,80.46,2023,302,30.5,25,37,"trop"
"668","BR",-3.039,-60.05,80.46,2023,303,29.6,25,35,"trop"
"669","BR",-3.039,-60.05,80.46,2023,304,29.7,26,34,"trop"
"670","BR",-3.039,-60.05,80.46,2023,305,31.4,26,37,"trop"
"671","BR",-3.039,-60.05,80.46,2023,306,30.2,26,36,"trop"
"672","BR",-3.039,-60.05,80.46,2023,307,30.6,26,37,"trop"
"673","BR",-3.039,-60.05,80.46,2023,308,29.9,26,35,"trop"
"674","BR",-3.039,-60.05,80.46,2023,309,27.9,24,34,"trop"
"675","BR",-3.039,-60.05,80.46,2023,310,26.3,24,33,"trop"
"676","BR",-3.039,-60.05,80.46,2023,311,25.3,23,27,"trop"
"677","BR",-3.039,-60.05,80.46,2023,312,26.8,23,32,"trop"
"678","BR",-3.039,-60.05,80.46,2023,313,29.4,24,35,"trop"
"679","BR",-3.039,-60.05,80.46,2023,314,30,25,35,"trop"
"680","BR",-3.039,-60.05,80.46,2023,315,30.2,25,35,"trop"
"681","BR",-3.039,-60.05,80.46,2023,316,30.3,26,35,"trop"
"682","BR",-3.039,-60.05,80.46,2023,317,30.6,26,35,"trop"
"683","BR",-3.039,-60.05,80.46,2023,318,30.3,25,37,"trop"
"684","BR",-3.039,-60.05,80.46,2023,319,30.8,25,37,"trop"
"685","BR",-3.039,-60.05,80.46,2023,320,30.6,25,36,"trop"
"686","BR",-3.039,-60.05,80.46,2023,321,29,26,33,"trop"
"687","BR",-3.039,-60.05,80.46,2023,322,29.9,26,35,"trop"
"688","BR",-3.039,-60.05,80.46,2023,323,29.9,26,35,"trop"
"689","BR",-3.039,-60.05,80.46,2023,324,28.9,26,33,"trop"
"690","BR",-3.039,-60.05,80.46,2023,325,28.3,25,33,"trop"
"691","BR",-3.039,-60.05,80.46,2023,326,28.1,26,31,"trop"
"692","BR",-3.039,-60.05,80.46,2023,327,25.1,24,27,"trop"
"693","BR",-3.039,-60.05,80.46,2023,328,27.2,23,32,"trop"
"694","BR",-3.039,-60.05,80.46,2023,329,26.9,24,33,"trop"
"695","BR",-3.039,-60.05,80.46,2023,330,24.6,22,27,"trop"
"696","BR",-3.039,-60.05,80.46,2023,331,24.9,22,29,"trop"
"697","BR",-3.039,-60.05,80.46,2023,332,26.1,22,32,"trop"
"698","BR",-3.039,-60.05,80.46,2023,333,27.4,24,32,"trop"
"699","BR",-3.039,-60.05,80.46,2023,334,28.8,25,34,"trop"
"700","BR",-3.039,-60.05,80.46,2023,335,28.4,24,33,"trop"
"701","BR",-3.039,-60.05,80.46,2023,336,27.3,25,30,"trop"
"702","BR",-3.039,-60.05,80.46,2023,337,25.4,24,28,"trop"
"703","BR",-3.039,-60.05,80.46,2023,338,27.1,25,31,"trop"
"704","BR",-3.039,-60.05,80.46,2023,339,28.2,25,32,"trop"
"705","BR",-3.039,-60.05,80.46,2023,340,28.4,24,34,"trop"
"706","BR",-3.039,-60.05,80.46,2023,341,26.3,23,31,"trop"
"707","BR",-3.039,-60.05,80.46,2023,342,26.4,23,31,"trop"
"708","BR",-3.039,-60.05,80.46,2023,343,25.7,23,28,"trop"
"709","BR",-3.039,-60.05,80.46,2023,344,26.6,23,32,"trop"
"710","BR",-3.039,-60.05,80.46,2023,345,26.1,24,30,"trop"
"711","BR",-3.039,-60.05,80.46,2023,346,26.6,25,31,"trop"
"712","BR",-3.039,-60.05,80.46,2023,347,28.6,25,33,"trop"
"713","BR",-3.039,-60.05,80.46,2023,348,28.6,25,33,"trop"
"714","BR",-3.039,-60.05,80.46,2023,349,26.6,25,29,"trop"
"715","BR",-3.039,-60.05,80.46,2023,350,25.7,24,28,"trop"
"716","BR",-3.039,-60.05,80.46,2023,351,25.6,23,27,"trop"
"717","BR",-3.039,-60.05,80.46,2023,352,26.9,23,33,"trop"
"718","BR",-3.039,-60.05,80.46,2023,353,28.6,25,34,"trop"
"719","BR",-3.039,-60.05,80.46,2023,354,26.8,25,30,"trop"
"720","BR",-3.039,-60.05,80.46,2023,355,26.8,24,32,"trop"
"721","BR",-3.039,-60.05,80.46,2023,356,26.1,25,29,"trop"
"722","BR",-3.039,-60.05,80.46,2023,357,26.2,24,31,"trop"
"723","BR",-3.039,-60.05,80.46,2023,358,28.1,25,33,"trop"
"724","BR",-3.039,-60.05,80.46,2023,359,25.6,22,28,"trop"
"725","BR",-3.039,-60.05,80.46,2023,360,26.9,24,31,"trop"
"726","BR",-3.039,-60.05,80.46,2023,361,26.9,25,29,"trop"
"727","BR",-3.039,-60.05,80.46,2023,362,26.9,24,31,"trop"
"728","BR",-3.039,-60.05,80.46,2023,363,25.7,24,31,"trop"
"729","BR",-3.039,-60.05,80.46,2023,364,25.9,24,29,"trop"
"730","BR",-3.039,-60.05,80.46,2023,365,25.6,23,31,"trop"
"731","BR",-3.039,-60.05,80.46,2024,1,27.2,24,32,"trop"
"732","BR",-3.039,-60.05,80.46,2024,2,28,26,31,"trop"
"733","BR",-3.039,-60.05,80.46,2024,3,28.5,25,33,"trop"
"734","BR",-3.039,-60.05,80.46,2024,4,29.3,26,34,"trop"
"735","BR",-3.039,-60.05,80.46,2024,5,25.9,23,28,"trop"
"736","BR",-3.039,-60.05,80.46,2024,6,26.6,24,30,"trop"
"737","BR",-3.039,-60.05,80.46,2024,7,27.7,25,33,"trop"
"738","BR",-3.039,-60.05,80.46,2024,8,28.4,25,32,"trop"
"739","BR",-3.039,-60.05,80.46,2024,9,27.6,25,31,"trop"
"740","BR",-3.039,-60.05,80.46,2024,10,26.9,24,32,"trop"
"741","BR",-3.039,-60.05,80.46,2024,11,26.6,24,30,"trop"
"742","BR",-3.039,-60.05,80.46,2024,12,25.9,24,31,"trop"
"743","BR",-3.039,-60.05,80.46,2024,13,26.3,25,30,"trop"
"744","BR",-3.039,-60.05,80.46,2024,14,25.1,24,27,"trop"
"745","BR",-3.039,-60.05,80.46,2024,15,25.6,23,32,"trop"
"746","BR",-3.039,-60.05,80.46,2024,16,27.2,23,32,"trop"
"747","BR",-3.039,-60.05,80.46,2024,17,28.4,25,33,"trop"
"748","BR",-3.039,-60.05,80.46,2024,18,28.1,24,33,"trop"
"749","BR",-3.039,-60.05,80.46,2024,19,28.3,25,33,"trop"
"750","BR",-3.039,-60.05,80.46,2024,20,28,26,33,"trop"
"751","BR",-3.039,-60.05,80.46,2024,21,28.1,25,34,"trop"
"752","BR",-3.039,-60.05,80.46,2024,22,27.9,24,33,"trop"
"753","BR",-3.039,-60.05,80.46,2024,23,27.4,25,29,"trop"
"754","BR",-3.039,-60.05,80.46,2024,24,27.8,24,33,"trop"
"755","BR",-3.039,-60.05,80.46,2024,25,28.2,25,34,"trop"
"756","BR",-3.039,-60.05,80.46,2024,26,26.5,25,30,"trop"
"757","BR",-3.039,-60.05,80.46,2024,27,26.5,25,29,"trop"
"758","BR",-3.039,-60.05,80.46,2024,28,28.2,26,33,"trop"
"759","BR",-3.039,-60.05,80.46,2024,29,27.8,25,33,"trop"
"760","BR",-3.039,-60.05,80.46,2024,30,28.9,26,34,"trop"
"761","BR",-3.039,-60.05,80.46,2024,31,28.6,25,32,"trop"
"762","BR",-3.039,-60.05,80.46,2024,32,26.2,24,28,"trop"
"763","BR",-3.039,-60.05,80.46,2024,33,26.4,24,31,"trop"
"764","BR",-3.039,-60.05,80.46,2024,34,27.3,24,33,"trop"
"765","BR",-3.039,-60.05,80.46,2024,35,29.1,26,34,"trop"
"766","BR",-3.039,-60.05,80.46,2024,36,28.8,24,33,"trop"
"767","BR",-3.039,-60.05,80.46,2024,37,29.2,25,34,"trop"
"768","BR",-3.039,-60.05,80.46,2024,38,27.4,24,31,"trop"
"769","BR",-3.039,-60.05,80.46,2024,39,28.1,24,33,"trop"
"770","BR",-3.039,-60.05,80.46,2024,40,26.9,24,30,"trop"
"771","BR",-3.039,-60.05,80.46,2024,41,27.6,24,33,"trop"
"772","BR",-3.039,-60.05,80.46,2024,42,27.8,24,32,"trop"
"773","BR",-3.039,-60.05,80.46,2024,43,26.8,24,31,"trop"
"774","BR",-3.039,-60.05,80.46,2024,44,25.8,23,30,"trop"
"775","BR",-3.039,-60.05,80.46,2024,45,27.1,24,31,"trop"
"776","BR",-3.039,-60.05,80.46,2024,46,26.6,24,31,"trop"
"777","BR",-3.039,-60.05,80.46,2024,47,27.9,25,33,"trop"
"778","BR",-3.039,-60.05,80.46,2024,48,28.2,26,32,"trop"
"779","BR",-3.039,-60.05,80.46,2024,49,26.2,25,29,"trop"
"780","BR",-3.039,-60.05,80.46,2024,50,28.2,25,32,"trop"
"781","BR",-3.039,-60.05,80.46,2024,51,29.2,24,35,"trop"
"782","BR",-3.039,-60.05,80.46,2024,52,29.1,25,34,"trop"
"783","BR",-3.039,-60.05,80.46,2024,53,29.6,25,35,"trop"
"784","BR",-3.039,-60.05,80.46,2024,54,30.4,26,35,"trop"
"785","BR",-3.039,-60.05,80.46,2024,55,29.6,26,33,"trop"
"786","BR",-3.039,-60.05,80.46,2024,56,27.6,24,32,"trop"
"787","BR",-3.039,-60.05,80.46,2024,57,25.1,23,27,"trop"
"788","BR",-3.039,-60.05,80.46,2024,58,25.8,23,32,"trop"
"789","BR",-3.039,-60.05,80.46,2024,59,26.9,24,33,"trop"
"790","BR",-3.039,-60.05,80.46,2024,60,27.9,26,32,"trop"
"791","BR",-3.039,-60.05,80.46,2024,61,27.5,25,32,"trop"
"792","BR",-3.039,-60.05,80.46,2024,62,26.1,24,30,"trop"
"793","BR",-3.039,-60.05,80.46,2024,63,26.4,25,30,"trop"
"794","BR",-3.039,-60.05,80.46,2024,64,26.8,24,30,"trop"
"795","BR",-3.039,-60.05,80.46,2024,65,28.4,24,34,"trop"
"796","BR",-3.039,-60.05,80.46,2024,66,29.7,26,34,"trop"
"797","BR",-3.039,-60.05,80.46,2024,67,29,25,34,"trop"
"798","BR",-3.039,-60.05,80.46,2024,68,27.6,25,32,"trop"
"799","BR",-3.039,-60.05,80.46,2024,69,27.4,24,31,"trop"
"800","BR",-3.039,-60.05,80.46,2024,70,28.2,25,32,"trop"
"801","BR",-3.039,-60.05,80.46,2024,71,27.4,25,32,"trop"
"802","BR",-3.039,-60.05,80.46,2024,72,28.4,24,33,"trop"
"803","BR",-3.039,-60.05,80.46,2024,73,27.2,24,30,"trop"
"804","BR",-3.039,-60.05,80.46,2024,74,27.9,25,33,"trop"
"805","BR",-3.039,-60.05,80.46,2024,75,27.6,25,31,"trop"
"806","BR",-3.039,-60.05,80.46,2024,76,26.5,25,29,"trop"
"807","BR",-3.039,-60.05,80.46,2024,77,26.8,25,30,"trop"
"808","BR",-3.039,-60.05,80.46,2024,78,26.1,24,27,"trop"
"809","BR",-3.039,-60.05,80.46,2024,79,26.2,24,30,"trop"
"810","BR",-3.039,-60.05,80.46,2024,80,26.7,25,30,"trop"
"811","BR",-3.039,-60.05,80.46,2024,81,26.5,24,30,"trop"
"812","BR",-3.039,-60.05,80.46,2024,82,27.4,25,33,"trop"
"813","BR",-3.039,-60.05,80.46,2024,83,27,25,32,"trop"
"814","BR",-3.039,-60.05,80.46,2024,84,25.1,23,27,"trop"
"815","BR",-3.039,-60.05,80.46,2024,85,25.1,23,30,"trop"
"816","BR",-3.039,-60.05,80.46,2024,86,26.7,24,33,"trop"
"817","BR",-3.039,-60.05,80.46,2024,87,28.6,27,32,"trop"
"818","BR",-3.039,-60.05,80.46,2024,92,31,28,33,"trop"
"819","BR",-3.039,-60.05,80.46,2024,93,27.6,27,29,"trop"
"820","BR",-3.039,-60.05,80.46,2024,94,28.8,25,34,"trop"
"821","BR",-3.039,-60.05,80.46,2024,95,26.9,24,31,"trop"
"822","BR",-3.039,-60.05,80.46,2024,96,25.6,23,29,"trop"
"823","BR",-3.039,-60.05,80.46,2024,97,26.4,24,31,"trop"
"824","BR",-3.039,-60.05,80.46,2024,98,27.7,26,32,"trop"
"825","BR",-3.039,-60.05,80.46,2024,99,27.7,25,33,"trop"
"826","BR",-3.039,-60.05,80.46,2024,100,27.1,26,30,"trop"
"827","BR",-3.039,-60.05,80.46,2024,101,27.4,25,33,"trop"
"828","BR",-3.039,-60.05,80.46,2024,102,27.8,25,33,"trop"
"829","BR",-3.039,-60.05,80.46,2024,103,26.8,24,31,"trop"
"830","BR",-3.039,-60.05,80.46,2024,104,26.6,25,30,"trop"
"831","BR",-3.039,-60.05,80.46,2024,105,28.1,25,33,"trop"
"832","BR",-3.039,-60.05,80.46,2024,106,28.1,26,33,"trop"
"833","BR",-3.039,-60.05,80.46,2024,107,27.4,26,31,"trop"
"834","BR",-3.039,-60.05,80.46,2024,108,27.3,25,31,"trop"
"835","BR",-3.039,-60.05,80.46,2024,109,26.2,25,28,"trop"
"836","BR",-3.039,-60.05,80.46,2024,110,26.8,24,31,"trop"
"837","BR",-3.039,-60.05,80.46,2024,111,26.7,25,30,"trop"
"838","BR",-3.039,-60.05,80.46,2024,112,25.4,24,27,"trop"
"839","BR",-3.039,-60.05,80.46,2024,113,26.3,23,31,"trop"
"840","BR",-3.039,-60.05,80.46,2024,114,27.1,25,32,"trop"
"841","BR",-3.039,-60.05,80.46,2024,115,25.7,24,29,"trop"
"842","BR",-3.039,-60.05,80.46,2024,116,25.8,24,29,"trop"
"843","BR",-3.039,-60.05,80.46,2024,117,26.4,23,31,"trop"
"844","BR",-3.039,-60.05,80.46,2024,118,27.9,24,33,"trop"
"845","BR",-3.039,-60.05,80.46,2024,119,28.6,24,33,"trop"
"846","BR",-3.039,-60.05,80.46,2024,120,28.1,26,31,"trop"
"847","BR",-3.039,-60.05,80.46,2024,121,27.3,25,32,"trop"
"848","BR",-3.039,-60.05,80.46,2024,123,28.5,26,33,"trop"
"849","BR",-3.039,-60.05,80.46,2024,124,27.7,25,32,"trop"
"850","BR",-3.039,-60.05,80.46,2024,125,27.9,25,32,"trop"
"851","BR",-3.039,-60.05,80.46,2024,126,27.7,25,31,"trop"
"852","BR",-3.039,-60.05,80.46,2024,127,26.8,24,31,"trop"
"853","BR",-3.039,-60.05,80.46,2024,128,26.3,25,30,"trop"
"854","BR",-3.039,-60.05,80.46,2024,129,27.3,24,32,"trop"
"855","BR",-3.039,-60.05,80.46,2024,130,28.9,25,33,"trop"
"856","BR",-3.039,-60.05,80.46,2024,131,27.3,25,31,"trop"
"857","BR",-3.039,-60.05,80.46,2024,132,26.8,25,31,"trop"
"858","BR",-3.039,-60.05,80.46,2024,133,26.4,25,29,"trop"
"859","BR",-3.039,-60.05,80.46,2024,134,27.1,25,30,"trop"
"860","BR",-3.039,-60.05,80.46,2024,135,27.6,25,32,"trop"
"861","BR",-3.039,-60.05,80.46,2024,136,27.9,25,33,"trop"
"862","BR",-3.039,-60.05,80.46,2024,137,26.9,25,30,"trop"
"863","BR",-3.039,-60.05,80.46,2024,138,25.8,25,27,"trop"
"864","BR",-3.039,-60.05,80.46,2024,139,25.4,24,28,"trop"
"865","BR",-3.039,-60.05,80.46,2024,140,25.6,23,29,"trop"
"866","BR",-3.039,-60.05,80.46,2024,141,25.3,24,29,"trop"
"867","BR",-3.039,-60.05,80.46,2024,142,26.9,23,32,"trop"
"868","BR",-3.039,-60.05,80.46,2024,143,28,25,32,"trop"
"869","BR",-3.039,-60.05,80.46,2024,144,28.4,26,32,"trop"
"870","BR",-3.039,-60.05,80.46,2024,145,27.6,25,32,"trop"
"871","BR",-3.039,-60.05,80.46,2024,146,25.5,23,28,"trop"
"872","BR",-3.039,-60.05,80.46,2024,147,27.2,24,33,"trop"
"873","BR",-3.039,-60.05,80.46,2024,148,25.9,24,28,"trop"
"874","BR",-3.039,-60.05,80.46,2024,149,24.9,24,26,"trop"
"875","BR",-3.039,-60.05,80.46,2024,150,24.7,24,26,"trop"
"876","BR",-3.039,-60.05,80.46,2024,151,24.7,23,27,"trop"
"877","BR",-3.039,-60.05,80.46,2024,152,26.2,23,29,"trop"
"878","BR",-3.039,-60.05,80.46,2024,153,25.4,24,29,"trop"
"879","BR",-3.039,-60.05,80.46,2024,154,26.8,24,32,"trop"
"880","BR",-3.039,-60.05,80.46,2024,155,26.4,25,29,"trop"
"881","BR",-3.039,-60.05,80.46,2024,156,26.9,23,32,"trop"
"882","BR",-3.039,-60.05,80.46,2024,157,27.6,25,32,"trop"
"883","BR",-3.039,-60.05,80.46,2024,158,26.9,25,31,"trop"
"884","BR",-3.039,-60.05,80.46,2024,159,27.7,24,32,"trop"
"885","BR",-3.039,-60.05,80.46,2024,160,27.4,24,32,"trop"
"886","BR",-3.039,-60.05,80.46,2024,161,27.1,25,32,"trop"
"887","BR",-3.039,-60.05,80.46,2024,162,26.9,24,31,"trop"
"888","BR",-3.039,-60.05,80.46,2024,163,27.1,24,32,"trop"
"889","BR",-3.039,-60.05,80.46,2024,164,28,25,32,"trop"
"890","BR",-3.039,-60.05,80.46,2024,165,27.3,24,32,"trop"
"891","BR",-3.039,-60.05,80.46,2024,166,27.8,24,32,"trop"
"892","BR",-3.039,-60.05,80.46,2024,167,28.6,25,33,"trop"
"893","BR",-3.039,-60.05,80.46,2024,168,28.2,24,32,"trop"
"894","BR",-3.039,-60.05,80.46,2024,169,27.5,24,33,"trop"
"895","BR",-3.039,-60.05,80.46,2024,170,26.7,24,31,"trop"
"896","BR",-3.039,-60.05,80.46,2024,171,28,25,33,"trop"
"897","BR",-3.039,-60.05,80.46,2024,172,29.1,25,33,"trop"
"898","BR",-3.039,-60.05,80.46,2024,173,28.2,24,33,"trop"
"899","BR",-3.039,-60.05,80.46,2024,174,28.6,25,34,"trop"
"900","BR",-3.039,-60.05,80.46,2024,175,27.1,25,31,"trop"
"901","BR",-3.039,-60.05,80.46,2024,176,26,22,30,"trop"
"902","BR",-3.039,-60.05,80.46,2024,177,27.1,23,31,"trop"
"903","BR",-3.039,-60.05,80.46,2024,178,28.3,24,34,"trop"
"904","BR",-3.039,-60.05,80.46,2024,179,27.2,24,32,"trop"
"905","BR",-3.039,-60.05,80.46,2024,180,27,23,32,"trop"
"906","BR",-3.039,-60.05,80.46,2024,181,28.3,24,34,"trop"
"907","BR",-3.039,-60.05,80.46,2024,182,28.2,24,33,"trop"
"908","BR",-3.039,-60.05,80.46,2024,183,28.5,24,33,"trop"
"909","BR",-3.039,-60.05,80.46,2024,184,28.5,25,33,"trop"
"910","BR",-3.039,-60.05,80.46,2024,185,27.7,24,32,"trop"
"911","BR",-3.039,-60.05,80.46,2024,186,27.9,24,33,"trop"
"912","BR",-3.039,-60.05,80.46,2024,187,27.9,24,34,"trop"
"913","BR",-3.039,-60.05,80.46,2024,188,28.7,24,34,"trop"
"914","BR",-3.039,-60.05,80.46,2024,189,28.6,25,33,"trop"
"915","BR",-3.039,-60.05,80.46,2024,190,29.2,24,34,"trop"
"916","BR",-3.039,-60.05,80.46,2024,191,27.9,23,34,"trop"
"917","BR",-3.039,-60.05,80.46,2024,192,25.9,23,28,"trop"
"918","BR",-3.039,-60.05,80.46,2024,193,26.4,24,31,"trop"
"919","BR",-3.039,-60.05,80.46,2024,194,27.7,24,33,"trop"
"920","BR",-3.039,-60.05,80.46,2024,195,26.2,24,28,"trop"
"921","BR",-3.039,-60.05,80.46,2024,196,26.2,23,30,"trop"
"922","BR",-3.039,-60.05,80.46,2024,197,26.6,23,31,"trop"
"923","BR",-3.039,-60.05,80.46,2024,198,27.6,23,32,"trop"
"924","BR",-3.039,-60.05,80.46,2024,199,27.1,23,32,"trop"
"925","BR",-3.039,-60.05,80.46,2024,200,27.6,23,33,"trop"
"926","BR",-3.039,-60.05,80.46,2024,201,28.1,23,33,"trop"
"927","BR",-3.039,-60.05,80.46,2024,202,29.2,23,33,"trop"
"928","BR",-3.039,-60.05,80.46,2024,203,27.9,24,32,"trop"
"929","BR",-3.039,-60.05,80.46,2024,204,27.9,23,33,"trop"
"930","BR",-3.039,-60.05,80.46,2024,205,28.7,24,34,"trop"
"931","BR",-3.039,-60.05,80.46,2024,206,28.9,23,34,"trop"
"932","BR",-3.039,-60.05,80.46,2024,207,28.1,24,33,"trop"
"933","BR",-3.039,-60.05,80.46,2024,208,27.8,24,33,"trop"
"934","BR",-3.039,-60.05,80.46,2024,209,29.2,25,34,"trop"
"935","BR",-3.039,-60.05,80.46,2024,210,30.1,26,34,"trop"
"936","BR",-3.039,-60.05,80.46,2024,211,30.1,24,35,"trop"
"937","BR",-3.039,-60.05,80.46,2024,212,30.1,25,35,"trop"
"938","BR",-3.039,-60.05,80.46,2024,213,29.6,24,35,"trop"
"939","BR",-3.039,-60.05,80.46,2024,214,28.9,24,34,"trop"
"940","BR",-3.039,-60.05,80.46,2024,215,28.5,25,34,"trop"
"941","BR",-3.039,-60.05,80.46,2024,216,28.1,24,34,"trop"
"942","BR",-3.039,-60.05,80.46,2024,217,28.8,24,34,"trop"
"943","BR",-3.039,-60.05,80.46,2024,218,30.1,25,34,"trop"
"944","BR",-3.039,-60.05,80.46,2024,219,29.2,23,35,"trop"
"945","BR",-3.039,-60.05,80.46,2024,220,29.9,24,35,"trop"
"946","BR",-3.039,-60.05,80.46,2024,221,30.1,23,35,"trop"
"947","BR",-3.039,-60.05,80.46,2024,222,29.9,23,35,"trop"
"948","BR",-3.039,-60.05,80.46,2024,223,29.3,25,34,"trop"
"949","BR",-3.039,-60.05,80.46,2024,224,26.9,24,30,"trop"
"950","BR",-3.039,-60.05,80.46,2024,226,26.8,24,31,"trop"
"951","BR",-3.039,-60.05,80.46,2024,227,26.3,24,32,"trop"
"952","BR",-3.039,-60.05,80.46,2024,228,27.3,23,33,"trop"
"953","BR",-3.039,-60.05,80.46,2024,229,28.7,23,35,"trop"
"954","BR",-3.039,-60.05,80.46,2024,230,29.3,24,35,"trop"
"955","BR",-3.039,-60.05,80.46,2024,231,28.8,24,35,"trop"
"956","BR",-3.039,-60.05,80.46,2024,232,29.4,24,35,"trop"
"957","BR",-3.039,-60.05,80.46,2024,233,30.7,25,36,"trop"
"958","BR",-3.039,-60.05,80.46,2024,234,30.1,24,36,"trop"
"959","BR",-3.039,-60.05,80.46,2024,235,30.6,24,36,"trop"
"960","BR",-3.039,-60.05,80.46,2024,236,30.5,23,36,"trop"
"961","BR",-3.039,-60.05,80.46,2024,237,30.3,25,36,"trop"
"962","BR",-3.039,-60.05,80.46,2024,238,31.3,27,36,"trop"
"963","BR",-3.039,-60.05,80.46,2024,239,30.2,26,34,"trop"
"964","BR",-3.039,-60.05,80.46,2024,240,28.6,26,33,"trop"
"965","BR",-3.039,-60.05,80.46,2024,241,26.6,23,30,"trop"
"966","BR",-3.039,-60.05,80.46,2024,242,28,24,33,"trop"
"967","BR",-3.039,-60.05,80.46,2024,243,28.9,24,36,"trop"
"968","BR",-3.039,-60.05,80.46,2024,244,29.6,25,37,"trop"
"969","BR",-3.039,-60.05,80.46,2024,245,28.8,23,35,"trop"
"970","BR",-3.039,-60.05,80.46,2024,246,29.9,24,36,"trop"
"971","BR",-3.039,-60.05,80.46,2024,247,29.7,25,35,"trop"
"972","BR",-3.039,-60.05,80.46,2024,248,31,26,37,"trop"
"973","BR",-3.039,-60.05,80.46,2024,249,31.3,25,36,"trop"
"974","BR",-3.039,-60.05,80.46,2024,250,28.8,24,34,"trop"
"975","BR",-3.039,-60.05,80.46,2024,251,29.5,25,36,"trop"
"976","BR",-3.039,-60.05,80.46,2024,252,30.5,24,37,"trop"
"977","BR",-3.039,-60.05,80.46,2024,253,31.4,25,36,"trop"
"978","BR",-3.039,-60.05,80.46,2024,254,30.7,25,36,"trop"
"979","BR",-3.039,-60.05,80.46,2024,255,31.9,26,37,"trop"
"980","BR",-3.039,-60.05,80.46,2024,256,32.3,27,37,"trop"
"981","BR",-3.039,-60.05,80.46,2024,257,31.1,27,36,"trop"
"982","BR",-3.039,-60.05,80.46,2024,258,32.2,27,37,"trop"
"983","BR",-3.039,-60.05,80.46,2024,259,32.3,28,37,"trop"
"984","BR",-3.039,-60.05,80.46,2024,260,32.4,27,37,"trop"
"985","BR",-3.039,-60.05,80.46,2024,261,32.9,29,38,"trop"
"986","BR",-3.039,-60.05,80.46,2024,262,31.8,26,37,"trop"
"987","BR",-3.039,-60.05,80.46,2024,263,29.7,25,35,"trop"
"988","BR",-3.039,-60.05,80.46,2024,264,31.1,24,37,"trop"
"989","BR",-3.039,-60.05,80.46,2024,265,32.9,28,38,"trop"
"990","BR",-3.039,-60.05,80.46,2024,266,32.6,28,38,"trop"
"991","BR",-3.039,-60.05,80.46,2024,267,32.4,26,38,"trop"
"992","BR",-3.039,-60.05,80.46,2024,268,27.9,23,33,"trop"
"993","BR",-3.039,-60.05,80.46,2024,269,27.7,23,34,"trop"
"994","BR",-3.039,-60.05,80.46,2024,270,28.4,24,34,"trop"
"995","BR",-3.039,-60.05,80.46,2024,271,28.4,24,36,"trop"
"996","BR",-3.039,-60.05,80.46,2024,272,26.8,23,32,"trop"
"997","BR",-3.039,-60.05,80.46,2024,273,27.2,25,29,"trop"
"998","BR",-3.039,-60.05,80.46,2024,274,26.1,23,30,"trop"
"999","BR",-3.039,-60.05,80.46,2024,275,26.8,23,31,"trop"
"1000","BR",-3.039,-60.05,80.46,2024,276,28.8,24,35,"trop"
"1001","BR",-3.039,-60.05,80.46,2024,277,28.4,24,36,"trop"
"1002","BR",-3.039,-60.05,80.46,2024,278,28.6,24,34,"trop"
"1003","BR",-3.039,-60.05,80.46,2024,279,28.9,25,35,"trop"
"1004","BR",-3.039,-60.05,80.46,2024,280,27.2,24,33,"trop"
"1005","BR",-3.039,-60.05,80.46,2024,281,26.9,24,32,"trop"
"1006","BR",-3.039,-60.05,80.46,2024,282,29.2,24,35,"trop"
"1007","BR",-3.039,-60.05,80.46,2024,283,31.5,25,37,"trop"
"1008","BR",-3.039,-60.05,80.46,2024,284,31.2,25,36,"trop"
"1009","BR",-3.039,-60.05,80.46,2024,285,30.9,25,37,"trop"
"1010","BR",-3.039,-60.05,80.46,2024,286,30.4,25,36,"trop"
"1011","BR",-3.039,-60.05,80.46,2024,287,27.8,23,32,"trop"
"1012","BR",-3.039,-60.05,80.46,2024,288,27.9,24,34,"trop"
"1013","BR",-3.039,-60.05,80.46,2024,289,28.3,24,34,"trop"
"1014","BR",-3.039,-60.05,80.46,2024,290,26.1,22,29,"trop"
"1015","BR",-3.039,-60.05,80.46,2024,291,27.3,23,33,"trop"
"1016","BR",-3.039,-60.05,80.46,2024,292,29.2,25,35,"trop"
"1017","BR",-3.039,-60.05,80.46,2024,293,29.7,26,35,"trop"
"1018","BR",-3.039,-60.05,80.46,2024,294,27.4,25,30,"trop"
"1019","BR",-3.039,-60.05,80.46,2024,295,28.4,24,35,"trop"
"1020","BR",-3.039,-60.05,80.46,2024,296,25.9,24,29,"trop"
"1021","BR",-3.039,-60.05,80.46,2024,297,27.9,24,34,"trop"
"1022","BR",-3.039,-60.05,80.46,2024,298,29.1,25,35,"trop"
"1023","BR",-3.039,-60.05,80.46,2024,299,29.7,25,36,"trop"
"1024","BR",-3.039,-60.05,80.46,2024,300,29.9,26,34,"trop"
"1025","BR",-3.039,-60.05,80.46,2024,301,29.3,23,33,"trop"
"1026","BR",-3.039,-60.05,80.46,2024,302,27.8,24,33,"trop"
"1027","BR",-3.039,-60.05,80.46,2024,303,28.8,24,35,"trop"
"1028","BR",-3.039,-60.05,80.46,2024,304,29.1,23,35,"trop"
"1029","BR",-3.039,-60.05,80.46,2024,305,27.8,25,31,"trop"
"1030","BR",-3.039,-60.05,80.46,2024,306,29.3,25,35,"trop"
"1031","BR",-3.039,-60.05,80.46,2024,307,30.3,26,34,"trop"
"1032","BR",-3.039,-60.05,80.46,2024,308,30.4,26,36,"trop"
"1033","BR",-3.039,-60.05,80.46,2024,309,27.4,25,31,"trop"
"1034","BR",-3.039,-60.05,80.46,2024,310,28.8,24,35,"trop"
"1035","BR",-3.039,-60.05,80.46,2024,311,27.6,24,34,"trop"
"1036","BR",-3.039,-60.05,80.46,2024,312,27.4,24,33,"trop"
"1037","BR",-3.039,-60.05,80.46,2024,313,28.9,26,33,"trop"
"1038","BR",-3.039,-60.05,80.46,2024,314,30.4,27,36,"trop"
"1039","BR",-3.039,-60.05,80.46,2024,315,27.1,24,32,"trop"
"1040","BR",-3.039,-60.05,80.46,2024,316,26.9,23,32,"trop"
"1041","BR",-3.039,-60.05,80.46,2024,317,29.7,25,35,"trop"
"1042","BR",-3.039,-60.05,80.46,2024,318,28.6,24,34,"trop"
"1043","BR",-3.039,-60.05,80.46,2024,319,26.6,24,31,"trop"
"1044","BR",-3.039,-60.05,80.46,2024,320,26.8,25,32,"trop"
"1045","BR",-3.039,-60.05,80.46,2024,321,26.5,25,30,"trop"
"1046","BR",-3.039,-60.05,80.46,2024,322,26.9,22,34,"trop"
"1047","BR",-3.039,-60.05,80.46,2024,327,27.2,25,31,"trop"
"1048","BR",-3.039,-60.05,80.46,2024,328,27.7,25,32,"trop"
"1049","BR",-3.039,-60.05,80.46,2024,329,27.8,25,33,"trop"
"1050","BR",-3.039,-60.05,80.46,2024,330,27.2,24,32,"trop"
"1051","BR",-3.039,-60.05,80.46,2024,331,26.4,24,31,"trop"
"1052","BR",-3.039,-60.05,80.46,2024,332,28,24,33,"trop"
"1053","BR",-3.039,-60.05,80.46,2024,333,29.2,25,35,"trop"
"1054","BR",-3.039,-60.05,80.46,2024,334,29.7,25,35,"trop"
"1055","BR",-3.039,-60.05,80.46,2024,335,29.7,25,35,"trop"
"1056","BR",-3.039,-60.05,80.46,2024,337,29.2,24,35,"trop"
"1057","BR",-3.039,-60.05,80.46,2024,338,28.4,25,32,"trop"
"1058","BR",-3.039,-60.05,80.46,2024,339,29.1,25,33,"trop"
"1059","BR",-3.039,-60.05,80.46,2024,340,28.4,25,34,"trop"
"1060","BR",-3.039,-60.05,80.46,2024,341,26.3,24,28,"trop"
"1061","BR",-3.039,-60.05,80.46,2024,342,26,24,30,"trop"
"1062","BR",-3.039,-60.05,80.46,2024,343,27.3,25,33,"trop"
"1063","BR",-3.039,-60.05,80.46,2024,344,27.1,24,32,"trop"
"1064","BR",-3.039,-60.05,80.46,2024,345,26.1,25,28,"trop"
"1065","BR",-3.039,-60.05,80.46,2024,346,26.1,25,29,"trop"
"1066","BR",-3.039,-60.05,80.46,2024,347,26.2,23,31,"trop"
"1067","BR",-3.039,-60.05,80.46,2024,348,25.4,24,29,"trop"
"1068","BR",-3.039,-60.05,80.46,2024,349,25.8,23,31,"trop"
"1069","BR",-3.039,-60.05,80.46,2024,350,26.4,24,31,"trop"
"1070","BR",-3.039,-60.05,80.46,2024,351,25.6,24,31,"trop"
"1071","BR",-3.039,-60.05,80.46,2024,352,24.8,23,26,"trop"
"1072","BR",-3.039,-60.05,80.46,2024,353,26,23,29,"trop"
"1073","BR",-3.039,-60.05,80.46,2024,354,26.6,24,30,"trop"
"1074","BR",-3.039,-60.05,80.46,2024,355,26.3,24,31,"trop"
"1075","BR",-3.039,-60.05,80.46,2024,356,27.4,25,32,"trop"
"1076","BR",-3.039,-60.05,80.46,2024,357,27.7,25,33,"trop"
"1077","BR",-3.039,-60.05,80.46,2024,358,27.7,25,32,"trop"
"1078","BR",-3.039,-60.05,80.46,2024,359,26.9,25,32,"trop"
"1079","BR",-3.039,-60.05,80.46,2024,360,26.2,24,30,"trop"
"1080","BR",-3.039,-60.05,80.46,2024,361,25.7,24,28,"trop"
"1081","BR",-3.039,-60.05,80.46,2024,362,26.2,25,29,"trop"
"1082","BR",-3.039,-60.05,80.46,2024,363,26.1,23,30,"trop"
"1083","BR",-3.039,-60.05,80.46,2024,364,25.1,23,27,"trop"
"1084","BR",-3.039,-60.05,80.46,2024,365,25.5,24,31,"trop"
"1085","BR",-3.039,-60.05,80.46,2024,366,26.6,24,32,"trop"
"1086","MX",25.733,-100.3,515,1982,4,18.4,11.6,33.3,"strop"
"1087","MX",25.733,-100.3,515,1982,7,22,10.8,34.2,"strop"
"1088","MX",25.733,-100.3,515,1982,19,22.1,16.4,32,"strop"
"1089","MX",25.733,-100.3,515,1982,20,22.4,15.2,31.6,"strop"
"1090","MX",25.733,-100.3,515,1982,21,22.1,12.9,30,"strop"
"1091","MX",25.733,-100.3,515,1982,22,22.3,15.9,28.4,"strop"
"1092","MX",25.733,-100.3,515,1982,26,18,11.4,33.2,"strop"
"1093","MX",25.733,-100.3,515,1982,27,16,10.6,21.6,"strop"
"1094","MX",25.733,-100.3,515,1982,29,20.3,17,28.2,"strop"
"1095","MX",25.733,-100.3,515,1982,31,17.5,10.5,27.1,"strop"
"1096","MX",25.733,-100.3,515,1982,33,15.8,6.9,21.5,"strop"
"1097","MX",25.733,-100.3,515,1982,34,13.8,8.4,23.1,"strop"
"1098","MX",25.733,-100.3,515,1982,36,8.4,5.4,12.5,"strop"
"1099","MX",25.733,-100.3,515,1982,37,3.6,0.6,12.5,"strop"
"1100","MX",25.733,-100.3,515,1982,39,8.6,0,18.2,"strop"
"1101","MX",25.733,-100.3,515,1982,42,12.8,5.3,18,"strop"
"1102","MX",25.733,-100.3,515,1982,44,14.9,9,25.2,"strop"
"1103","MX",25.733,-100.3,515,1982,45,10.8,6.2,16.4,"strop"
"1104","MX",25.733,-100.3,515,1982,47,23.7,12.3,32.5,"strop"
"1105","MX",25.733,-100.3,515,1982,48,25.2,15,33,"strop"
"1106","MX",25.733,-100.3,515,1982,52,17.9,13.2,23.2,"strop"
"1107","MX",25.733,-100.3,515,1982,53,21,13.1,26.3,"strop"
"1108","MX",25.733,-100.3,515,1982,54,18.9,12.3,29.1,"strop"
"1109","MX",25.733,-100.3,515,1982,56,21.7,15.5,30,"strop"
"1110","MX",25.733,-100.3,515,1982,57,9.5,6.4,20.4,"strop"
"1111","MX",25.733,-100.3,515,1982,59,11.7,6,16.6,"strop"
"1112","MX",25.733,-100.3,515,1982,61,15.5,8.8,23,"strop"
"1113","MX",25.733,-100.3,515,1982,64,24,15.4,35.2,"strop"
"1114","MX",25.733,-100.3,515,1982,69,20.8,9.7,26.9,"strop"
"1115","MX",25.733,-100.3,515,1982,70,22.7,14.5,30.1,"strop"
"1116","MX",25.733,-100.3,515,1982,79,27.5,19.9,35,"strop"
"1117","MX",25.733,-100.3,515,1982,83,19.9,13.2,24.5,"strop"
"1118","MX",25.733,-100.3,515,1982,86,14.7,12.4,20.8,"strop"
"1119","MX",25.733,-100.3,515,1982,89,20.3,9.8,29,"strop"
"1120","MX",25.733,-100.3,515,1982,96,25.7,19.2,38.5,"strop"
"1121","MX",25.733,-100.3,515,1982,105,27.9,20,36,"strop"
"1122","MX",25.733,-100.3,515,1982,109,25.3,19.8,34.8,"strop"
"1123","MX",25.733,-100.3,515,1982,111,17.1,14.2,21.4,"strop"
"1124","MX",25.733,-100.3,515,1982,112,12.9,11.4,18.6,"strop"
"1125","MX",25.733,-100.3,515,1982,113,11.1,9.4,14,"strop"
"1126","MX",25.733,-100.3,515,1982,114,13.1,9.4,18,"strop"
"1127","MX",25.733,-100.3,515,1982,119,19.3,16,22.7,"strop"
"1128","MX",25.733,-100.3,515,1982,125,21.3,19.2,24.3,"strop"
"1129","MX",25.733,-100.3,515,1982,127,21.6,16.3,29,"strop"
"1130","MX",25.733,-100.3,515,1982,128,19.5,16.3,22.6,"strop"
"1131","MX",25.733,-100.3,515,1982,130,24.2,19.8,28.8,"strop"
"1132","MX",25.733,-100.3,515,1982,133,24.4,20,30,"strop"
"1133","MX",25.733,-100.3,515,1982,137,22.9,19.6,28.8,"strop"
"1134","MX",25.733,-100.3,515,1982,138,22.2,19,26.5,"strop"
"1135","MX",25.733,-100.3,515,1982,139,24.3,19,29.5,"strop"
"1136","MX",25.733,-100.3,515,1982,143,23.2,19.4,28,"strop"
"1137","MX",25.733,-100.3,515,1982,145,23.8,21,28.6,"strop"
"1138","MX",25.733,-100.3,515,1982,159,27.9,23.4,32.6,"strop"
"1139","MX",25.733,-100.3,515,1982,161,27.8,21.5,34.5,"strop"
"1140","MX",25.733,-100.3,515,1982,162,27.5,22.4,34.5,"strop"
"1141","MX",25.733,-100.3,515,1982,165,26.7,20.4,32.7,"strop"
"1142","MX",25.733,-100.3,515,1982,168,28.5,24.4,31.6,"strop"
"1143","MX",25.733,-100.3,515,1982,175,30.1,23,37.5,"strop"
"1144","MX",25.733,-100.3,515,1982,180,29.3,18.6,39.2,"strop"
"1145","MX",25.733,-100.3,515,1982,181,29.5,23.2,37.7,"strop"
"1146","MX",25.733,-100.3,515,1982,182,28.6,22.7,36.2,"strop"
"1147","MX",25.733,-100.3,515,1982,183,27.1,22.7,34,"strop"
"1148","MX",25.733,-100.3,515,1982,188,28.1,23,35.5,"strop"
"1149","MX",25.733,-100.3,515,1982,194,29.4,23,37.2,"strop"
"1150","MX",25.733,-100.3,515,1982,195,28.2,22.6,37.5,"strop"
"1151","MX",25.733,-100.3,515,1982,202,29.5,22.9,37.3,"strop"
"1152","MX",25.733,-100.3,515,1982,204,29.4,22.2,36.6,"strop"
"1153","MX",25.733,-100.3,515,1982,205,29.3,23,37.5,"strop"
"1154","MX",25.733,-100.3,515,1982,206,30,20,37.5,"strop"
"1155","MX",25.733,-100.3,515,1982,208,30.1,23.1,38.5,"strop"
"1156","MX",25.733,-100.3,515,1982,209,30.3,22.8,38.5,"strop"
"1157","MX",25.733,-100.3,515,1982,216,29.4,23.6,37.2,"strop"
"1158","MX",25.733,-100.3,515,1982,229,30.9,23.6,38.6,"strop"
"1159","MX",25.733,-100.3,515,1982,234,26.4,21.7,35.1,"strop"
"1160","MX",25.733,-100.3,515,1982,239,29.4,23.7,36.2,"strop"
"1161","MX",25.733,-100.3,515,1982,242,29.3,23.3,38.2,"strop"
"1162","MX",25.733,-100.3,515,1982,245,29.6,23.1,37,"strop"
"1163","MX",25.733,-100.3,515,1982,249,26.6,22,33.2,"strop"
"1164","MX",25.733,-100.3,515,1982,250,27.4,22.2,34.7,"strop"
"1165","MX",25.733,-100.3,515,1982,256,27.5,23,35.5,"strop"
"1166","MX",25.733,-100.3,515,1982,257,27.9,23,36,"strop"
"1167","MX",25.733,-100.3,515,1982,259,26.7,21.2,33.5,"strop"
"1168","MX",25.733,-100.3,515,1982,263,27.9,22,34.5,"strop"
"1169","MX",25.733,-100.3,515,1982,266,21.9,17.2,27.6,"strop"
"1170","MX",25.733,-100.3,515,1982,267,23.7,17.2,29.2,"strop"
"1171","MX",25.733,-100.3,515,1982,269,25.5,18.8,32.5,"strop"
"1172","MX",25.733,-100.3,515,1982,270,26,18.4,33.8,"strop"
"1173","MX",25.733,-100.3,515,1982,271,25,18.4,34.5,"strop"
"1174","MX",25.733,-100.3,515,1982,272,25.6,19.8,32,"strop"
"1175","MX",25.733,-100.3,515,1982,274,27,21.2,32.9,"strop"
"1176","MX",25.733,-100.3,515,1982,276,24.9,20.8,31,"strop"
"1177","MX",25.733,-100.3,515,1982,278,23.6,14.6,33.4,"strop"
"1178","MX",25.733,-100.3,515,1982,292,21.5,16.1,25.5,"strop"
"1179","MX",25.733,-100.3,515,1982,293,23.4,15.8,29.9,"strop"
"1180","MX",25.733,-100.3,515,1982,294,16.1,13.6,19.1,"strop"
"1181","MX",25.733,-100.3,515,1982,296,14.8,12.8,18,"strop"
"1182","MX",25.733,-100.3,515,1982,297,16.3,11.8,21,"strop"
"1183","MX",25.733,-100.3,515,1982,298,16.9,11.5,23.1,"strop"
"1184","MX",25.733,-100.3,515,1982,308,11.4,8.4,22,"strop"
"1185","MX",25.733,-100.3,515,1982,315,20.4,15.7,25.6,"strop"
"1186","MX",25.733,-100.3,515,1982,316,20.9,16.4,26.7,"strop"
"1187","MX",25.733,-100.3,515,1982,317,16.5,11.5,24.2,"strop"
"1188","MX",25.733,-100.3,515,1982,319,14.9,8,27.4,"strop"
"1189","MX",25.733,-100.3,515,1982,320,13.4,8,18.3,"strop"
"1190","MX",25.733,-100.3,515,1982,322,18.5,14,22.8,"strop"
"1191","MX",25.733,-100.3,515,1982,324,23.5,18.6,29.5,"strop"
"1192","MX",25.733,-100.3,515,1982,325,23.3,17.8,32,"strop"
"1193","MX",25.733,-100.3,515,1982,327,20.7,17.6,25.6,"strop"
"1194","MX",25.733,-100.3,515,1982,333,18.7,10,27.5,"strop"
"1195","MX",25.733,-100.3,515,1982,338,15.4,9,22,"strop"
"1196","MX",25.733,-100.3,515,1982,340,17.3,9.4,25.7,"strop"
"1197","MX",25.733,-100.3,515,1982,342,18.4,13,21.9,"strop"
"1198","MX",25.733,-100.3,515,1982,349,15.9,6.4,19.3,"strop"
"1199","MX",25.733,-100.3,515,1982,352,17.9,9.5,25.3,"strop"
"1200","MX",25.733,-100.3,515,1982,353,18.5,12.1,29.6,"strop"
"1201","MX",25.733,-100.3,515,1982,354,13.1,9,21.7,"strop"
"1202","MX",25.733,-100.3,515,1982,358,21.2,12.8,28.3,"strop"
"1203","MX",25.733,-100.3,515,1982,360,10.2,5.5,19.4,"strop"
"1204","MX",25.733,-100.3,515,1982,361,9.8,4.3,15.5,"strop"
"1205","MX",25.733,-100.3,515,1982,363,9.8,5.4,18.7,"strop"
"1206","MX",25.733,-100.3,515,1983,7,15.7,7.5,20.8,"strop"
"1207","MX",25.733,-100.3,515,1983,9,15.3,9,25.4,"strop"
"1208","MX",25.733,-100.3,515,1983,13,13.8,10.2,19.9,"strop"
"1209","MX",25.733,-100.3,515,1983,14,14.8,10.2,18.2,"strop"
"1210","MX",25.733,-100.3,515,1983,15,12.3,8.3,15.4,"strop"
"1211","MX",25.733,-100.3,515,1983,17,9.6,5.9,13.5,"strop"
"1212","MX",25.733,-100.3,515,1983,18,13,5.9,17.2,"strop"
"1213","MX",25.733,-100.3,515,1983,20,10.7,9,16.3,"strop"
"1214","MX",25.733,-100.3,515,1983,25,16.2,9,24.9,"strop"
"1215","MX",25.733,-100.3,515,1983,27,13.8,7.9,21.4,"strop"
"1216","MX",25.733,-100.3,515,1983,30,18.7,12.3,26.5,"strop"
"1217","MX",25.733,-100.3,515,1983,32,17.3,12.3,28.2,"strop"
"1218","MX",25.733,-100.3,515,1983,34,13.3,9.3,20.1,"strop"
"1219","MX",25.733,-100.3,515,1983,35,11.2,10,13.2,"strop"
"1220","MX",25.733,-100.3,515,1983,37,15.1,10.5,21,"strop"
"1221","MX",25.733,-100.3,515,1983,38,14.3,10.5,17.8,"strop"
"1222","MX",25.733,-100.3,515,1983,41,20.8,12.6,29.2,"strop"
"1223","MX",25.733,-100.3,515,1983,42,17.1,13,26.1,"strop"
"1224","MX",25.733,-100.3,515,1983,50,19.4,11,25.6,"strop"
"1225","MX",25.733,-100.3,515,1983,55,18.4,11.3,23.2,"strop"
"1226","MX",25.733,-100.3,515,1983,59,15.5,10.7,20.6,"strop"
"1227","MX",25.733,-100.3,515,1983,62,22.2,15.2,26.4,"strop"
"1228","MX",25.733,-100.3,515,1983,63,24.8,17.4,31.4,"strop"
"1229","MX",25.733,-100.3,515,1983,67,22.9,15.3,31.1,"strop"
"1230","MX",25.733,-100.3,515,1983,72,16.7,12.3,22.3,"strop"
"1231","MX",25.733,-100.3,515,1983,94,22.6,11,34.8,"strop"
"1232","MX",25.733,-100.3,515,1983,103,26.7,15.9,35.2,"strop"
"1233","MX",25.733,-100.3,515,1983,109,26.9,15,36,"strop"
"1234","MX",25.733,-100.3,515,1983,112,27.4,15.8,35.7,"strop"
"1235","MX",25.733,-100.3,515,1983,116,21.8,15.6,29,"strop"
"1236","MX",25.733,-100.3,515,1983,118,25.4,19.6,31,"strop"
"1237","MX",25.733,-100.3,515,1983,121,29,20.9,36.6,"strop"
"1238","MX",25.733,-100.3,515,1983,122,32.7,22,41.2,"strop"
"1239","MX",25.733,-100.3,515,1983,124,24.1,16.2,31.6,"strop"
"1240","MX",25.733,-100.3,515,1983,125,22.7,15.2,31.4,"strop"
"1241","MX",25.733,-100.3,515,1983,128,27.8,21.6,35.1,"strop"
"1242","MX",25.733,-100.3,515,1983,130,23.4,20.6,26.7,"strop"
"1243","MX",25.733,-100.3,515,1983,131,26.4,20.8,32,"strop"
"1244","MX",25.733,-100.3,515,1983,132,30.1,22.7,34.2,"strop"
"1245","MX",25.733,-100.3,515,1983,134,28.9,22,34.2,"strop"
"1246","MX",25.733,-100.3,515,1983,136,25.4,18.3,31.4,"strop"
"1247","MX",25.733,-100.3,515,1983,137,23.9,19,30.3,"strop"
"1248","MX",25.733,-100.3,515,1983,138,27.8,19.3,32.8,"strop"
"1249","MX",25.733,-100.3,515,1983,142,29.7,23.8,38.2,"strop"
"1250","MX",25.733,-100.3,515,1983,143,25.8,21.7,33.5,"strop"
"1251","MX",25.733,-100.3,515,1983,152,24.7,18,31.2,"strop"
"1252","MX",25.733,-100.3,515,1983,154,26.5,20.9,31.3,"strop"
"1253","MX",25.733,-100.3,515,1983,157,27.6,23.6,31.6,"strop"
"1254","MX",25.733,-100.3,515,1983,161,25.8,20.5,30.4,"strop"
"1255","MX",25.733,-100.3,515,1983,163,25.4,21.2,31,"strop"
"1256","MX",25.733,-100.3,515,1983,165,27.3,22.4,32.4,"strop"
"1257","MX",25.733,-100.3,515,1983,168,25.4,21.1,30.2,"strop"
"1258","MX",25.733,-100.3,515,1983,170,28.4,21.9,34.5,"strop"
"1259","MX",25.733,-100.3,515,1983,171,27.8,21.2,34.4,"strop"
"1260","MX",25.733,-100.3,515,1983,174,28.5,22.6,33.6,"strop"
"1261","MX",25.733,-100.3,515,1983,176,27.3,22,33.4,"strop"
"1262","MX",25.733,-100.3,515,1983,177,29.3,22,35,"strop"
"1263","MX",25.733,-100.3,515,1983,189,28.6,22.4,35.4,"strop"
"1264","MX",25.733,-100.3,515,1983,190,28.1,22.4,35,"strop"
"1265","MX",25.733,-100.3,515,1983,192,22.2,20,32.6,"strop"
"1266","MX",25.733,-100.3,515,1983,193,24.3,20,31.6,"strop"
"1267","MX",25.733,-100.3,515,1983,195,27.3,21.5,31.7,"strop"
"1268","MX",25.733,-100.3,515,1983,197,27.1,23,34.1,"strop"
"1269","MX",25.733,-100.3,515,1983,198,25.6,21.6,32.8,"strop"
"1270","MX",25.733,-100.3,515,1983,199,26.2,21.6,32.3,"strop"
"1271","MX",25.733,-100.3,515,1983,200,24.2,22,30.1,"strop"
"1272","MX",25.733,-100.3,515,1983,201,23.6,21.4,28.2,"strop"
"1273","MX",25.733,-100.3,515,1983,206,27.3,23.4,31.6,"strop"
"1274","MX",25.733,-100.3,515,1983,207,27.2,21.5,34,"strop"
"1275","MX",25.733,-100.3,515,1983,209,27.6,23.3,33.4,"strop"
"1276","MX",25.733,-100.3,515,1983,210,28.1,23.4,33.2,"strop"
"1277","MX",25.733,-100.3,515,1983,211,28.3,23.8,33.6,"strop"
"1278","MX",25.733,-100.3,515,1983,216,27.8,22,34.8,"strop"
"1279","MX",25.733,-100.3,515,1983,217,23.6,21.2,33.5,"strop"
"1280","MX",25.733,-100.3,515,1983,218,24.1,21,30.5,"strop"
"1281","MX",25.733,-100.3,515,1983,219,25.7,21.4,29.6,"strop"
"1282","MX",25.733,-100.3,515,1983,220,27.5,22.6,32.5,"strop"
"1283","MX",25.733,-100.3,515,1983,221,27.3,23,32.9,"strop"
"1284","MX",25.733,-100.3,515,1983,222,28,23.4,33.8,"strop"
"1285","MX",25.733,-100.3,515,1983,223,26.5,23.2,34,"strop"
"1286","MX",25.733,-100.3,515,1983,225,28.2,23,33.2,"strop"
"1287","MX",25.733,-100.3,515,1983,226,25.6,21.8,31.6,"strop"
"1288","MX",25.733,-100.3,515,1983,228,27.8,22.4,32,"strop"
"1289","MX",25.733,-100.3,515,1983,229,28.9,22.4,35.2,"strop"
"1290","MX",25.733,-100.3,515,1983,230,28.8,23.6,34.6,"strop"
"1291","MX",25.733,-100.3,515,1983,231,28.9,22.2,38.8,"strop"
"1292","MX",25.733,-100.3,515,1983,233,28.5,23.4,34.8,"strop"
"1293","MX",25.733,-100.3,515,1983,234,28.9,23.4,35.4,"strop"
"1294","MX",25.733,-100.3,515,1983,235,28.6,23.4,35.4,"strop"
"1295","MX",25.733,-100.3,515,1983,237,28.2,23,35.4,"strop"
"1296","MX",25.733,-100.3,515,1983,239,28.8,22.4,34,"strop"
"1297","MX",25.733,-100.3,515,1983,243,27.7,22.7,32.8,"strop"
"1298","MX",25.733,-100.3,515,1983,244,28.7,22.9,34.5,"strop"
"1299","MX",25.733,-100.3,515,1983,245,29.4,22.9,35.7,"strop"
"1300","MX",25.733,-100.3,515,1983,246,27.6,22.5,32.8,"strop"
"1301","MX",25.733,-100.3,515,1983,247,27.3,22.4,31.2,"strop"
"1302","MX",25.733,-100.3,515,1983,249,27.3,23,34.3,"strop"
"1303","MX",25.733,-100.3,515,1983,251,26.2,21.7,34.3,"strop"
"1304","MX",25.733,-100.3,515,1983,256,25.4,20.8,29.5,"strop"
"1305","MX",25.733,-100.3,515,1983,260,26.3,22,31,"strop"
"1306","MX",25.733,-100.3,515,1983,261,25.6,23,30.8,"strop"
"1307","MX",25.733,-100.3,515,1983,263,27.5,22.6,31.5,"strop"
"1308","MX",25.733,-100.3,515,1983,264,21.7,15.9,33.5,"strop"
"1309","MX",25.733,-100.3,515,1983,265,17.8,14.2,22,"strop"
"1310","MX",25.733,-100.3,515,1983,267,21,14.8,25.4,"strop"
"1311","MX",25.733,-100.3,515,1983,269,24.4,19.8,27.8,"strop"
"1312","MX",25.733,-100.3,515,1983,270,24.6,21.7,29.6,"strop"
"1313","MX",25.733,-100.3,515,1983,271,23,20.8,28.9,"strop"
"1314","MX",25.733,-100.3,515,1983,272,22.3,20.4,25.4,"strop"
"1315","MX",25.733,-100.3,515,1983,273,22,19.8,25.7,"strop"
"1316","MX",25.733,-100.3,515,1983,275,22.7,20.2,25.2,"strop"
"1317","MX",25.733,-100.3,515,1983,277,23.3,18.6,27.2,"strop"
"1318","MX",25.733,-100.3,515,1983,279,25.7,19.5,30.7,"strop"
"1319","MX",25.733,-100.3,515,1983,282,23.9,19.2,30.1,"strop"
"1320","MX",25.733,-100.3,515,1983,283,22.6,19.4,28.4,"strop"
"1321","MX",25.733,-100.3,515,1983,284,22.2,17.6,26.3,"strop"
"1322","MX",25.733,-100.3,515,1983,285,22.4,16.8,30,"strop"
"1323","MX",25.733,-100.3,515,1983,286,18.8,14,24,"strop"
"1324","MX",25.733,-100.3,515,1983,287,18.1,13.3,23.9,"strop"
"1325","MX",25.733,-100.3,515,1983,292,24.2,21.2,27.2,"strop"
"1326","MX",25.733,-100.3,515,1983,295,20.8,14.8,24.4,"strop"
"1327","MX",25.733,-100.3,515,1983,299,19.3,15,24.6,"strop"
"1328","MX",25.733,-100.3,515,1983,301,17.3,12.7,23.7,"strop"
"1329","MX",25.733,-100.3,515,1983,302,18.8,12.7,24.2,"strop"
"1330","MX",25.733,-100.3,515,1983,303,21.1,15.7,24,"strop"
"1331","MX",25.733,-100.3,515,1983,306,22.5,19.4,25,"strop"
"1332","MX",25.733,-100.3,515,1983,307,22.2,19.4,25.4,"strop"
"1333","MX",25.733,-100.3,515,1983,308,22.1,19.4,25.4,"strop"
"1334","MX",25.733,-100.3,515,1983,310,24.1,20.2,29.2,"strop"
"1335","MX",25.733,-100.3,515,1983,314,19,13,31.1,"strop"
"1336","MX",25.733,-100.3,515,1983,316,17.6,10.4,25.4,"strop"
"1337","MX",25.733,-100.3,515,1983,321,17.3,11.2,22.7,"strop"
"1338","MX",25.733,-100.3,515,1983,334,18.9,13,23.6,"strop"
"1339","MX",25.733,-100.3,515,1983,335,18.2,14,25.2,"strop"
"1340","MX",25.733,-100.3,515,1983,345,22.3,14.8,30.4,"strop"
"1341","MX",25.733,-100.3,515,1983,347,22.1,11.8,26.7,"strop"
"1342","MX",25.733,-100.3,515,1983,361,3.3,-6.5,11.8,"strop"
"1343","MX",25.733,-100.3,515,1983,362,14.6,7.8,23,"strop"
"1344","MX",25.733,-100.3,515,1983,364,1.3,-2.6,6.2,"strop"
"1345","MX",25.733,-100.3,515,1983,365,2.8,-3,8.6,"strop"
"1346","MX",25.733,-100.3,515,1984,3,11.8,9.2,14,"strop"
"1347","MX",25.733,-100.3,515,1984,5,12.9,9.3,18.4,"strop"
"1348","MX",25.733,-100.3,515,1984,7,21.9,12.7,27.8,"strop"
"1349","MX",25.733,-100.3,515,1984,8,16.4,13.5,20.9,"strop"
"1350","MX",25.733,-100.3,515,1984,10,15.6,8.4,26.2,"strop"
"1351","MX",25.733,-100.3,515,1984,12,9.7,4,16.6,"strop"
"1352","MX",25.733,-100.3,515,1984,15,8.7,4.2,15.3,"strop"
"1353","MX",25.733,-100.3,515,1984,16,7.1,5.6,11.2,"strop"
"1354","MX",25.733,-100.3,515,1984,19,3.8,1,8.6,"strop"
"1355","MX",25.733,-100.3,515,1984,21,0.7,-0.7,3,"strop"
"1356","MX",25.733,-100.3,515,1984,22,1.9,-0.4,5.6,"strop"
"1357","MX",25.733,-100.3,515,1984,23,10.4,0.4,17.2,"strop"
"1358","MX",25.733,-100.3,515,1984,26,11.9,9.8,15.8,"strop"
"1359","MX",25.733,-100.3,515,1984,27,14.9,9.8,21,"strop"
"1360","MX",25.733,-100.3,515,1984,33,14.1,5.8,28,"strop"
"1361","MX",25.733,-100.3,515,1984,34,16.9,9,24,"strop"
"1362","MX",25.733,-100.3,515,1984,35,13.1,3.6,21.6,"strop"
"1363","MX",25.733,-100.3,515,1984,36,15.7,9.6,22.2,"strop"
"1364","MX",25.733,-100.3,515,1984,37,13,10.8,14.7,"strop"
"1365","MX",25.733,-100.3,515,1984,40,17.7,8.3,22.2,"strop"
"1366","MX",25.733,-100.3,515,1984,41,20.4,9.9,27.1,"strop"
"1367","MX",25.733,-100.3,515,1984,43,21.8,14.3,31.6,"strop"
"1368","MX",25.733,-100.3,515,1984,48,20.4,16.4,27.8,"strop"
"1369","MX",25.733,-100.3,515,1984,49,22.5,16.6,28.3,"strop"
"1370","MX",25.733,-100.3,515,1984,50,20.2,16,27.6,"strop"
"1371","MX",25.733,-100.3,515,1984,51,8.9,6.9,18.5,"strop"
"1372","MX",25.733,-100.3,515,1984,52,9.7,5,13.6,"strop"
"1373","MX",25.733,-100.3,515,1984,54,17.3,7.3,23.4,"strop"
"1374","MX",25.733,-100.3,515,1984,55,20.8,9.1,31.4,"strop"
"1375","MX",25.733,-100.3,515,1984,56,18.8,15,26.4,"strop"
"1376","MX",25.733,-100.3,515,1984,57,23.2,15.1,30.6,"strop"
"1377","MX",25.733,-100.3,515,1984,59,13.3,7.2,21.2,"strop"
"1378","MX",25.733,-100.3,515,1984,60,11.2,5.7,18.4,"strop"
"1379","MX",25.733,-100.3,515,1984,63,20.3,12.3,32,"strop"
"1380","MX",25.733,-100.3,515,1984,64,21.1,13.5,27.7,"strop"
"1381","MX",25.733,-100.3,515,1984,65,20.2,14.5,29.5,"strop"
"1382","MX",25.733,-100.3,515,1984,66,10.6,8,19.9,"strop"
"1383","MX",25.733,-100.3,515,1984,67,12.9,6.8,17.7,"strop"
"1384","MX",25.733,-100.3,515,1984,68,15.2,6.8,21.4,"strop"
"1385","MX",25.733,-100.3,515,1984,69,17.2,8.4,24.4,"strop"
"1386","MX",25.733,-100.3,515,1984,71,17.7,15,20.5,"strop"
"1387","MX",25.733,-100.3,515,1984,74,22,17.5,30.7,"strop"
"1388","MX",25.733,-100.3,515,1984,76,23.4,18,28.2,"strop"
"1389","MX",25.733,-100.3,515,1984,77,23.6,18,31,"strop"
"1390","MX",25.733,-100.3,515,1984,78,24.3,17.6,29.2,"strop"
"1391","MX",25.733,-100.3,515,1984,80,18.4,12.6,25.3,"strop"
"1392","MX",25.733,-100.3,515,1984,82,20.7,11.5,26,"strop"
"1393","MX",25.733,-100.3,515,1984,87,30.1,25.5,37,"strop"
"1394","MX",25.733,-100.3,515,1984,88,27.5,14.8,39.3,"strop"
"1395","MX",25.733,-100.3,515,1984,89,18.1,13.2,22.4,"strop"
"1396","MX",25.733,-100.3,515,1984,96,20.3,14.3,25.4,"strop"
"1397","MX",25.733,-100.3,515,1984,97,19.6,14,24.6,"strop"
"1398","MX",25.733,-100.3,515,1984,101,26.4,16.5,34.5,"strop"
"1399","MX",25.733,-100.3,515,1984,106,22.2,17.9,25.3,"strop"
"1400","MX",25.733,-100.3,515,1984,107,22.4,15.9,27.6,"strop"
"1401","MX",25.733,-100.3,515,1984,108,22.7,11.9,28.5,"strop"
"1402","MX",25.733,-100.3,515,1984,109,26.5,15.5,34.6,"strop"
"1403","MX",25.733,-100.3,515,1984,111,31.6,20.1,39.5,"strop"
"1404","MX",25.733,-100.3,515,1984,112,31.2,20.6,41.2,"strop"
"1405","MX",25.733,-100.3,515,1984,113,25.7,20.6,33,"strop"
"1406","MX",25.733,-100.3,515,1984,115,22.8,16.2,30,"strop"
"1407","MX",25.733,-100.3,515,1984,118,33.1,25.4,40.6,"strop"
"1408","MX",25.733,-100.3,515,1984,119,29.3,22.1,38.6,"strop"
"1409","MX",25.733,-100.3,515,1984,121,28.3,23,30.9,"strop"
"1410","MX",25.733,-100.3,515,1984,122,23.3,20.2,29.6,"strop"
"1411","MX",25.733,-100.3,515,1984,124,33.7,20.1,40.1,"strop"
"1412","MX",25.733,-100.3,515,1984,125,31.8,23,40.1,"strop"
"1413","MX",25.733,-100.3,515,1984,128,34.1,24.8,41.4,"strop"
"1414","MX",25.733,-100.3,515,1984,130,22.5,16.5,27.6,"strop"
"1415","MX",25.733,-100.3,515,1984,133,24.5,16.9,32.6,"strop"
"1416","MX",25.733,-100.3,515,1984,134,25.2,18,31,"strop"
"1417","MX",25.733,-100.3,515,1984,135,22.3,18.4,30.7,"strop"
"1418","MX",25.733,-100.3,515,1984,136,20.1,18.4,27,"strop"
"1419","MX",25.733,-100.3,515,1984,137,21.3,18.5,25.1,"strop"
"1420","MX",25.733,-100.3,515,1984,138,22.2,18.5,25.8,"strop"
"1421","MX",25.733,-100.3,515,1984,141,25.4,17.5,35.8,"strop"
"1422","MX",25.733,-100.3,515,1984,142,27.3,16.5,35,"strop"
"1423","MX",25.733,-100.3,515,1984,144,30.6,21.5,41.4,"strop"
"1424","MX",25.733,-100.3,515,1984,145,26.1,22.5,31,"strop"
"1425","MX",25.733,-100.3,515,1984,148,26.4,21.5,32.2,"strop"
"1426","MX",25.733,-100.3,515,1984,150,24.1,20.2,32,"strop"
"1427","MX",25.733,-100.3,515,1984,151,22.1,19.6,24.5,"strop"
"1428","MX",25.733,-100.3,515,1984,154,22.8,15.8,29.2,"strop"
"1429","MX",25.733,-100.3,515,1984,159,28,20.8,34,"strop"
"1430","MX",25.733,-100.3,515,1984,160,27.9,23.2,35,"strop"
"1431","MX",25.733,-100.3,515,1984,162,27.4,23.5,33.8,"strop"
"1432","MX",25.733,-100.3,515,1984,164,24.8,21.6,31.4,"strop"
"1433","MX",25.733,-100.3,515,1984,166,23.3,21,28.8,"strop"
"1434","MX",25.733,-100.3,515,1984,169,26.7,21.7,33.2,"strop"
"1435","MX",25.733,-100.3,515,1984,173,25.3,21.4,28.4,"strop"
"1436","MX",25.733,-100.3,515,1984,174,26.6,21.8,31.8,"strop"
"1437","MX",25.733,-100.3,515,1984,175,27.7,22.3,33.4,"strop"
"1438","MX",25.733,-100.3,515,1984,176,28.4,23.1,34.9,"strop"
"1439","MX",25.733,-100.3,515,1984,179,30,23.2,37.1,"strop"
"1440","MX",25.733,-100.3,515,1984,180,29.4,22.6,37.6,"strop"
"1441","MX",25.733,-100.3,515,1984,184,27.8,22,35.3,"strop"
"1442","MX",25.733,-100.3,515,1984,190,27.7,22.2,34.3,"strop"
"1443","MX",25.733,-100.3,515,1984,191,28.2,22.2,34.1,"strop"
"1444","MX",25.733,-100.3,515,1984,192,27,22.4,34.4,"strop"
"1445","MX",25.733,-100.3,515,1984,198,25.8,22,30.8,"strop"
"1446","MX",25.733,-100.3,515,1984,202,29.2,22.4,38,"strop"
"1447","MX",25.733,-100.3,515,1984,208,25,21.4,30.9,"strop"
"1448","MX",25.733,-100.3,515,1984,211,24.6,22.1,31,"strop"
"1449","MX",25.733,-100.3,515,1984,220,27.9,22.4,33.8,"strop"
"1450","MX",25.733,-100.3,515,1984,221,27.7,22.4,34.9,"strop"
"1451","MX",25.733,-100.3,515,1984,227,28.3,22.3,36.1,"strop"
"1452","MX",25.733,-100.3,515,1984,234,29,23.4,37.7,"strop"
"1453","MX",25.733,-100.3,515,1984,239,28.3,22.9,35.1,"strop"
"1454","MX",25.733,-100.3,515,1984,240,28.8,22,34.5,"strop"
"1455","MX",25.733,-100.3,515,1984,242,28.5,22,35.4,"strop"
"1456","MX",25.733,-100.3,515,1984,254,25,19.8,30.9,"strop"
"1457","MX",25.733,-100.3,515,1984,256,24.8,21.5,29.8,"strop"
"1458","MX",25.733,-100.3,515,1984,266,25.5,18.2,30.9,"strop"
"1459","MX",25.733,-100.3,515,1984,268,26.2,22,30.8,"strop"
"1460","MX",25.733,-100.3,515,1984,269,26.9,22.8,33.4,"strop"
"1461","MX",25.733,-100.3,515,1984,270,25.2,21.6,30.5,"strop"
"1462","MX",25.733,-100.3,515,1984,284,23.5,20,26.7,"strop"
"1463","MX",25.733,-100.3,515,1984,287,23.4,20,26.2,"strop"
"1464","MX",25.733,-100.3,515,1984,289,26.4,19,34.2,"strop"
"1465","MX",25.733,-100.3,515,1984,291,28.1,21,36.8,"strop"
"1466","MX",25.733,-100.3,515,1984,296,24.8,20.6,35.2,"strop"
"1467","MX",25.733,-100.3,515,1984,297,15.7,12.6,24.4,"strop"
"1468","MX",25.733,-100.3,515,1984,299,15.6,12.9,17.4,"strop"
"1469","MX",25.733,-100.3,515,1984,305,23.7,19.6,26.4,"strop"
"1470","MX",25.733,-100.3,515,1984,306,24.3,21.3,30.4,"strop"
"1471","MX",25.733,-100.3,515,1984,309,20.6,14.7,29.8,"strop"
"1472","MX",25.733,-100.3,515,1984,311,18.3,11.9,24.4,"strop"
"1473","MX",25.733,-100.3,515,1984,312,18.7,11.9,25,"strop"
"1474","MX",25.733,-100.3,515,1984,313,21.5,13,27.6,"strop"
"1475","MX",25.733,-100.3,515,1984,316,18.1,13.4,25.5,"strop"
"1476","MX",25.733,-100.3,515,1984,319,19.7,16.4,22.8,"strop"
"1477","MX",25.733,-100.3,515,1984,322,20.6,17.4,26.5,"strop"
"1478","MX",25.733,-100.3,515,1984,325,12.6,7.6,19.9,"strop"
"1479","MX",25.733,-100.3,515,1984,330,17.2,11.2,23.8,"strop"
"1480","MX",25.733,-100.3,515,1984,332,17.6,12,29.4,"strop"
"1481","MX",25.733,-100.3,515,1984,338,17.5,13.7,27.7,"strop"
"1482","MX",25.733,-100.3,515,1984,339,12.2,10,16.8,"strop"
"1483","MX",25.733,-100.3,515,1984,341,10.9,7,17.4,"strop"
"1484","MX",25.733,-100.3,515,1984,342,9.3,5.6,13.2,"strop"
"1485","MX",25.733,-100.3,515,1984,343,11.8,5.6,16.4,"strop"
"1486","MX",25.733,-100.3,515,1984,344,16.8,7.5,23.4,"strop"
"1487","MX",25.733,-100.3,515,1984,345,20.2,10.6,29.6,"strop"
"1488","MX",25.733,-100.3,515,1984,347,18.9,12.3,25.6,"strop"
"1489","MX",25.733,-100.3,515,1984,352,17.8,14.6,21.5,"strop"
"1490","CA",53.667,-113.467,688,1982,1,-28.4,-31.6,-24.5,"temp"
"1491","CA",53.667,-113.467,688,1982,2,-29.1,-32.1,-25.1,"temp"
"1492","CA",53.667,-113.467,688,1982,3,-27.7,-32.1,-25.4,"temp"
"1493","CA",53.667,-113.467,688,1982,4,-32.3,-35,-25.4,"temp"
"1494","CA",53.667,-113.467,688,1982,5,-30.9,-34.9,-26,"temp"
"1495","CA",53.667,-113.467,688,1982,6,-24.5,-33.3,-18,"temp"
"1496","CA",53.667,-113.467,688,1982,7,-23.4,-28,-17.8,"temp"
"1497","CA",53.667,-113.467,688,1982,8,-26.3,-28.4,-19.7,"temp"
"1498","CA",53.667,-113.467,688,1982,9,-23.1,-27.6,-22,"temp"
"1499","CA",53.667,-113.467,688,1982,10,-24.8,-26.9,-22,"temp"
"1500","CA",53.667,-113.467,688,1982,11,-20.5,-26.8,-18,"temp"
"1501","CA",53.667,-113.467,688,1982,12,-19.3,-22.1,-17,"temp"
"1502","CA",53.667,-113.467,688,1982,13,-11.6,-22.1,3,"temp"
"1503","CA",53.667,-113.467,688,1982,14,-7.3,-23,4,"temp"
"1504","CA",53.667,-113.467,688,1982,15,-26.7,-29.2,-22,"temp"
"1505","CA",53.667,-113.467,688,1982,16,-27.4,-30.3,-21,"temp"
"1506","CA",53.667,-113.467,688,1982,17,-17.2,-21,-15,"temp"
"1507","CA",53.667,-113.467,688,1982,18,-22.8,-28,-15.1,"temp"
"1508","CA",53.667,-113.467,688,1982,19,-32.1,-36.9,-28,"temp"
"1509","CA",53.667,-113.467,688,1982,20,-34.7,-38,-28.1,"temp"
"1510","CA",53.667,-113.467,688,1982,21,-35.4,-40,-31,"temp"
"1511","CA",53.667,-113.467,688,1982,22,-28.4,-31,-25,"temp"
"1512","CA",53.667,-113.467,688,1982,23,-26.7,-30.3,-24.8,"temp"
"1513","CA",53.667,-113.467,688,1982,24,-24.7,-30.3,-22,"temp"
"1514","CA",53.667,-113.467,688,1982,25,-11.8,-27.8,-3,"temp"
"1515","CA",53.667,-113.467,688,1982,26,-8.8,-17,-1.6,"temp"
"1516","CA",53.667,-113.467,688,1982,27,-22.8,-28.5,-18,"temp"
"1517","CA",53.667,-113.467,688,1982,28,-20.5,-28.5,-18,"temp"
"1518","CA",53.667,-113.467,688,1982,29,-23.9,-25.3,-17.8,"temp"
"1519","CA",53.667,-113.467,688,1982,30,-21.1,-26,-13,"temp"
"1520","CA",53.667,-113.467,688,1982,31,-12.4,-15,-10,"temp"
"1521","CA",53.667,-113.467,688,1982,32,-13.3,-20,-7.9,"temp"
"1522","CA",53.667,-113.467,688,1982,33,-24.4,-30.6,-20,"temp"
"1523","CA",53.667,-113.467,688,1982,34,-24.9,-30.6,-18,"temp"
"1524","CA",53.667,-113.467,688,1982,35,-24,-29.1,-18,"temp"
"1525","CA",53.667,-113.467,688,1982,36,-22.1,-29.3,-7,"temp"
"1526","CA",53.667,-113.467,688,1982,37,-4.4,-8,-1.7,"temp"
"1527","CA",53.667,-113.467,688,1982,38,-14.3,-18.1,-1.7,"temp"
"1528","CA",53.667,-113.467,688,1982,39,-21.7,-26,-12.1,"temp"
"1529","CA",53.667,-113.467,688,1982,40,-22,-26,-15,"temp"
"1530","CA",53.667,-113.467,688,1982,41,-11.7,-17,-9,"temp"
"1531","CA",53.667,-113.467,688,1982,42,-13.3,-14.1,-9.3,"temp"
"1532","CA",53.667,-113.467,688,1982,43,-19.6,-26.1,-11.9,"temp"
"1533","CA",53.667,-113.467,688,1982,44,-18.6,-24.1,-16,"temp"
"1534","CA",53.667,-113.467,688,1982,45,-16.5,-21,-15.7,"temp"
"1535","CA",53.667,-113.467,688,1982,46,-17.8,-23.4,-11,"temp"
"1536","CA",53.667,-113.467,688,1982,47,-14.2,-23.4,-10.4,"temp"
"1537","CA",53.667,-113.467,688,1982,48,-6.9,-18.2,3,"temp"
"1538","CA",53.667,-113.467,688,1982,49,-2.1,-12,3.9,"temp"
"1539","CA",53.667,-113.467,688,1982,50,-0.6,-7.3,6,"temp"
"1540","CA",53.667,-113.467,688,1982,51,-0.8,-5.8,5.9,"temp"
"1541","CA",53.667,-113.467,688,1982,52,-4.7,-7.5,1.9,"temp"
"1542","CA",53.667,-113.467,688,1982,53,-9.4,-14.4,-2.8,"temp"
"1543","CA",53.667,-113.467,688,1982,54,-12.1,-20,-5.6,"temp"
"1544","CA",53.667,-113.467,688,1982,55,-21.8,-24,-20,"temp"
"1545","CA",53.667,-113.467,688,1982,56,-25.3,-28.3,-20.3,"temp"
"1546","CA",53.667,-113.467,688,1982,57,-19.8,-28.3,-16,"temp"
"1547","CA",53.667,-113.467,688,1982,58,-15.1,-22.4,-14,"temp"
"1548","CA",53.667,-113.467,688,1982,59,-17.3,-21.1,-14.1,"temp"
"1549","CA",53.667,-113.467,688,1982,60,-18.3,-21.1,-14.4,"temp"
"1550","CA",53.667,-113.467,688,1982,61,-17.9,-20,-16,"temp"
"1551","CA",53.667,-113.467,688,1982,62,-17.6,-24,-15.3,"temp"
"1552","CA",53.667,-113.467,688,1982,63,-17.6,-23.6,-11,"temp"
"1553","CA",53.667,-113.467,688,1982,64,-11.7,-23.2,-3,"temp"
"1554","CA",53.667,-113.467,688,1982,65,-10.4,-17.5,-2.9,"temp"
"1555","CA",53.667,-113.467,688,1982,66,-12,-15.3,-3.2,"temp"
"1556","CA",53.667,-113.467,688,1982,67,-14.1,-20.3,-5,"temp"
"1557","CA",53.667,-113.467,688,1982,68,-3.9,-7,1,"temp"
"1558","CA",53.667,-113.467,688,1982,69,-5.4,-9.3,1.6,"temp"
"1559","CA",53.667,-113.467,688,1982,70,-3.4,-9.3,1.5,"temp"
"1560","CA",53.667,-113.467,688,1982,71,-6.2,-12.4,0.1,"temp"
"1561","CA",53.667,-113.467,688,1982,72,-5.8,-12.4,2,"temp"
"1562","CA",53.667,-113.467,688,1982,73,-5,-10.9,3.1,"temp"
"1563","CA",53.667,-113.467,688,1982,74,-7.4,-14.5,0,"temp"
"1564","CA",53.667,-113.467,688,1982,75,-9.1,-16.5,1.7,"temp"
"1565","CA",53.667,-113.467,688,1982,76,-9.5,-16.5,-7,"temp"
"1566","CA",53.667,-113.467,688,1982,77,-11,-16.2,-5.9,"temp"
"1567","CA",53.667,-113.467,688,1982,78,-7.6,-16.2,-2,"temp"
"1568","CA",53.667,-113.467,688,1982,79,-3.7,-11,1,"temp"
"1569","CA",53.667,-113.467,688,1982,80,-2.2,-7.5,3,"temp"
"1570","CA",53.667,-113.467,688,1982,81,-1.8,-7.6,5,"temp"
"1571","CA",53.667,-113.467,688,1982,82,0.1,-7.6,5.4,"temp"
"1572","CA",53.667,-113.467,688,1982,83,-2.8,-9,1.6,"temp"
"1573","CA",53.667,-113.467,688,1982,84,-4.8,-12.3,1.3,"temp"
"1574","CA",53.667,-113.467,688,1982,85,-2.7,-12.3,2,"temp"
"1575","CA",53.667,-113.467,688,1982,86,-0.2,-6.7,3,"temp"
"1576","CA",53.667,-113.467,688,1982,87,-2.1,-7.4,3,"temp"
"1577","CA",53.667,-113.467,688,1982,88,1.1,-7.4,3,"temp"
"1578","CA",53.667,-113.467,688,1982,89,-10.1,-15.6,3.4,"temp"
"1579","CA",53.667,-113.467,688,1982,90,-15.1,-20.6,-8.5,"temp"
"1580","CA",53.667,-113.467,688,1982,91,-12.4,-20.6,-10.9,"temp"
"1581","CA",53.667,-113.467,688,1982,92,-16.9,-21.9,-11,"temp"
"1582","CA",53.667,-113.467,688,1982,93,-17.9,-23.3,-12,"temp"
"1583","CA",53.667,-113.467,688,1982,94,-15.9,-23.3,-10,"temp"
"1584","CA",53.667,-113.467,688,1982,95,-11.8,-21.8,-7,"temp"
"1585","CA",53.667,-113.467,688,1982,96,-9.8,-16,-5,"temp"
"1586","CA",53.667,-113.467,688,1982,97,-8.8,-15.3,-2,"temp"
"1587","CA",53.667,-113.467,688,1982,98,-2.3,-15.3,4,"temp"
"1588","CA",53.667,-113.467,688,1982,99,-4.1,-9.2,4,"temp"
"1589","CA",53.667,-113.467,688,1982,100,1.6,-9.2,7,"temp"
"1590","CA",53.667,-113.467,688,1982,101,1.4,-2,7.3,"temp"
"1591","CA",53.667,-113.467,688,1982,102,0.4,-4.3,4.6,"temp"
"1592","CA",53.667,-113.467,688,1982,103,2.3,-4.3,5,"temp"
"1593","CA",53.667,-113.467,688,1982,104,0.6,-3.6,5.3,"temp"
"1594","CA",53.667,-113.467,688,1982,105,0.7,-3.6,6,"temp"
"1595","CA",53.667,-113.467,688,1982,106,1.6,-3,8,"temp"
"1596","CA",53.667,-113.467,688,1982,107,3.1,-3,9,"temp"
"1597","CA",53.667,-113.467,688,1982,108,2.2,-2.9,9.1,"temp"
"1598","CA",53.667,-113.467,688,1982,109,0.3,-3.7,7,"temp"
"1599","CA",53.667,-113.467,688,1982,110,3.9,-3.7,11,"temp"
"1600","CA",53.667,-113.467,688,1982,111,7.9,-1.7,17,"temp"
"1601","CA",53.667,-113.467,688,1982,112,10.8,1.6,19,"temp"
"1602","CA",53.667,-113.467,688,1982,113,10.1,2.2,19.2,"temp"
"1603","CA",53.667,-113.467,688,1982,114,3.3,0.8,14.4,"temp"
"1604","CA",53.667,-113.467,688,1982,115,4.9,0.3,11,"temp"
"1605","CA",53.667,-113.467,688,1982,116,8.1,0.3,16,"temp"
"1606","CA",53.667,-113.467,688,1982,117,11.1,1,19,"temp"
"1607","CA",53.667,-113.467,688,1982,118,11.8,2,19.5,"temp"
"1608","CA",53.667,-113.467,688,1982,119,8.1,3.4,18.1,"temp"
"1609","CA",53.667,-113.467,688,1982,120,6.5,-0.5,13,"temp"
"1610","CA",53.667,-113.467,688,1982,121,10.4,-0.5,20,"temp"
"1611","CA",53.667,-113.467,688,1982,122,12.6,1.6,20.4,"temp"
"1612","CA",53.667,-113.467,688,1982,123,10.9,3.4,20.3,"temp"
"1613","CA",53.667,-113.467,688,1982,124,4.3,0,13.6,"temp"
"1614","CA",53.667,-113.467,688,1982,125,1.9,-1.5,6,"temp"
"1615","CA",53.667,-113.467,688,1982,126,2.6,-1.5,9,"temp"
"1616","CA",53.667,-113.467,688,1982,127,1.9,-4,10.1,"temp"
"1617","CA",53.667,-113.467,688,1982,128,3.3,-4,9,"temp"
"1618","CA",53.667,-113.467,688,1982,129,5.9,-1.6,12,"temp"
"1619","CA",53.667,-113.467,688,1982,130,7.4,-0.4,15,"temp"
"1620","CA",53.667,-113.467,688,1982,131,13.1,-0.4,20,"temp"
"1621","CA",53.667,-113.467,688,1982,132,13.9,6,20.7,"temp"
"1622","CA",53.667,-113.467,688,1982,133,11.7,6.5,18.2,"temp"
"1623","CA",53.667,-113.467,688,1982,134,13.9,6.5,21,"temp"
"1624","CA",53.667,-113.467,688,1982,135,18.2,7.3,23,"temp"
"1625","CA",53.667,-113.467,688,1982,136,12.9,8.2,24.5,"temp"
"1626","CA",53.667,-113.467,688,1982,137,13.2,2.6,21,"temp"
"1627","CA",53.667,-113.467,688,1982,138,14.9,2.6,22.2,"temp"
"1628","CA",53.667,-113.467,688,1982,139,8.2,5.5,18.1,"temp"
"1629","CA",53.667,-113.467,688,1982,140,11.9,4.1,19,"temp"
"1630","CA",53.667,-113.467,688,1982,141,14.6,4.1,21,"temp"
"1631","CA",53.667,-113.467,688,1982,142,17.7,8.2,25,"temp"
"1632","CA",53.667,-113.467,688,1982,143,11.4,6.5,24.8,"temp"
"1633","CA",53.667,-113.467,688,1982,144,14.9,6.5,26,"temp"
"1634","CA",53.667,-113.467,688,1982,145,13.4,6.5,26.4,"temp"
"1635","CA",53.667,-113.467,688,1982,146,8.1,3.9,15.2,"temp"
"1636","CA",53.667,-113.467,688,1982,147,8.9,3.9,13.8,"temp"
"1637","CA",53.667,-113.467,688,1982,148,7.3,0.5,15,"temp"
"1638","CA",53.667,-113.467,688,1982,149,10.2,0.5,18,"temp"
"1639","CA",53.667,-113.467,688,1982,150,12.8,2.4,19,"temp"
"1640","CA",53.667,-113.467,688,1982,151,14.8,5.3,22,"temp"
"1641","CA",53.667,-113.467,688,1982,152,14.1,5.3,22.6,"temp"
"1642","CA",53.667,-113.467,688,1982,153,16.7,5.3,24,"temp"
"1643","CA",53.667,-113.467,688,1982,154,16.2,7.7,24.6,"temp"
"1644","CA",53.667,-113.467,688,1982,155,17.4,8.2,25,"temp"
"1645","CA",53.667,-113.467,688,1982,156,11.3,7,24.3,"temp"
"1646","CA",53.667,-113.467,688,1982,157,7.1,2.8,12.4,"temp"
"1647","CA",53.667,-113.467,688,1982,158,9.4,2.8,16,"temp"
"1648","CA",53.667,-113.467,688,1982,159,12.2,4.8,18,"temp"
"1649","CA",53.667,-113.467,688,1982,160,9.8,3.8,18.2,"temp"
"1650","CA",53.667,-113.467,688,1982,161,13.5,12,15,"temp"
"1651","CA",53.667,-113.467,688,1982,162,18.6,10,26,"temp"
"1652","CA",53.667,-113.467,688,1982,163,21.4,12,28,"temp"
"1653","CA",53.667,-113.467,688,1982,164,22.3,11.5,29,"temp"
"1654","CA",53.667,-113.467,688,1982,165,19.9,11.5,29.6,"temp"
"1655","CA",53.667,-113.467,688,1982,166,19.9,12.3,26.6,"temp"
"1656","CA",53.667,-113.467,688,1982,167,17.8,9,24.6,"temp"
"1657","CA",53.667,-113.467,688,1982,168,16.5,6.6,24.1,"temp"
"1658","CA",53.667,-113.467,688,1982,169,19.8,6.6,27,"temp"
"1659","CA",53.667,-113.467,688,1982,170,21.1,11.5,28,"temp"
"1660","CA",53.667,-113.467,688,1982,171,21.9,12.7,29,"temp"
"1661","CA",53.667,-113.467,688,1982,172,23.8,15.1,30.5,"temp"
"1662","CA",53.667,-113.467,688,1982,173,20.5,15.1,30.4,"temp"
"1663","CA",53.667,-113.467,688,1982,174,14.3,7,23.6,"temp"
"1664","CA",53.667,-113.467,688,1982,175,15.1,7.4,21,"temp"
"1665","CA",53.667,-113.467,688,1982,176,13.9,7.2,21,"temp"
"1666","CA",53.667,-113.467,688,1982,177,17.3,7.2,23,"temp"
"1667","CA",53.667,-113.467,688,1982,178,17.3,9.4,23.7,"temp"
"1668","CA",53.667,-113.467,688,1982,179,14.6,12.3,18.9,"temp"
"1669","CA",53.667,-113.467,688,1982,187,20.8,20,21,"temp"
"1670","CA",53.667,-113.467,688,1982,188,17.7,9.6,22,"temp"
"1671","CA",53.667,-113.467,688,1982,189,15.6,9.6,22.4,"temp"
"1672","CA",53.667,-113.467,688,1982,190,15.8,9,22,"temp"
"1673","CA",53.667,-113.467,688,1982,191,19.3,9,25,"temp"
"1674","CA",53.667,-113.467,688,1982,192,20.6,13.7,25,"temp"
"1675","CA",53.667,-113.467,688,1982,193,18,13.7,24.9,"temp"
"1676","CA",53.667,-113.467,688,1982,194,18.9,13,24.5,"temp"
"1677","CA",53.667,-113.467,688,1982,195,17.7,13.1,24.5,"temp"
"1678","CA",53.667,-113.467,688,1982,196,11.8,7.4,20,"temp"
"1679","CA",53.667,-113.467,688,1982,197,12.7,7.4,18,"temp"
"1680","CA",53.667,-113.467,688,1982,198,16.6,8.2,23,"temp"
"1681","CA",53.667,-113.467,688,1982,199,17.1,10.6,23.8,"temp"
"1682","CA",53.667,-113.467,688,1982,200,16.2,12,22.5,"temp"
"1683","CA",53.667,-113.467,688,1982,201,12.3,7.6,19.5,"temp"
"1684","CA",53.667,-113.467,688,1982,202,14.5,7.6,20,"temp"
"1685","CA",53.667,-113.467,688,1982,203,12.8,9,20.4,"temp"
"1686","CA",53.667,-113.467,688,1982,204,14.4,9,21,"temp"
"1687","CA",53.667,-113.467,688,1982,205,16.1,10.3,22.5,"temp"
"1688","CA",53.667,-113.467,688,1982,206,18.6,10.3,23,"temp"
"1689","CA",53.667,-113.467,688,1982,207,17.5,11,24,"temp"
"1690","CA",53.667,-113.467,688,1982,208,20.1,11.1,24.8,"temp"
"1691","CA",53.667,-113.467,688,1982,209,16.7,10.6,24.4,"temp"
"1692","CA",53.667,-113.467,688,1982,210,20.6,10.6,27,"temp"
"1693","CA",53.667,-113.467,688,1982,211,21.9,13.5,29,"temp"
"1694","CA",53.667,-113.467,688,1982,212,19.9,12.9,29.3,"temp"
"1695","CA",53.667,-113.467,688,1982,213,19.3,12.9,25.1,"temp"
"1696","CA",53.667,-113.467,688,1982,214,15.3,11.3,22.9,"temp"
"1697","CA",53.667,-113.467,688,1982,215,11.5,8.3,17.9,"temp"
"1698","CA",53.667,-113.467,688,1982,216,11.5,6.4,20,"temp"
"1699","CA",53.667,-113.467,688,1982,217,14.4,6.4,23,"temp"
"1700","CA",53.667,-113.467,688,1982,218,18.3,8.8,24,"temp"
"1701","CA",53.667,-113.467,688,1982,219,15.4,8.9,22.1,"temp"
"1702","CA",53.667,-113.467,688,1982,220,17,8.9,23,"temp"
"1703","CA",53.667,-113.467,688,1982,221,18.3,10.6,23.5,"temp"
"1704","CA",53.667,-113.467,688,1982,222,18.7,12.1,25,"temp"
"1705","CA",53.667,-113.467,688,1982,223,16.9,12.1,25.8,"temp"
"1706","CA",53.667,-113.467,688,1982,224,11.3,7,18,"temp"
"1707","CA",53.667,-113.467,688,1982,225,13.7,7.2,20,"temp"
"1708","CA",53.667,-113.467,688,1982,226,12.3,8.7,20.4,"temp"
"1709","CA",53.667,-113.467,688,1982,227,9.8,5,15.3,"temp"
"1710","CA",53.667,-113.467,688,1982,228,11.4,5.4,20,"temp"
"1711","CA",53.667,-113.467,688,1982,229,15.8,7.5,22,"temp"
"1712","CA",53.667,-113.467,688,1982,230,16.6,9.1,22.8,"temp"
"1713","CA",53.667,-113.467,688,1982,231,15.4,9.4,21.5,"temp"
"1714","CA",53.667,-113.467,688,1982,232,16.5,9.4,22,"temp"
"1715","CA",53.667,-113.467,688,1982,233,15.8,10.2,22.5,"temp"
"1716","CA",53.667,-113.467,688,1982,234,12.9,7.9,22.2,"temp"
"1717","CA",53.667,-113.467,688,1982,235,13.6,7.9,19.3,"temp"
"1718","CA",53.667,-113.467,688,1982,236,13.1,9,20.6,"temp"
"1719","CA",53.667,-113.467,688,1982,237,8.9,6.8,18.4,"temp"
"1720","CA",53.667,-113.467,688,1982,238,5.6,0.9,10.5,"temp"
"1721","CA",53.667,-113.467,688,1982,239,8.9,0.9,13,"temp"
"1722","CA",53.667,-113.467,688,1982,240,11,5.5,15,"temp"
"1723","CA",53.667,-113.467,688,1982,241,8.1,3.8,15.4,"temp"
"1724","CA",53.667,-113.467,688,1982,242,8.7,3.8,10.9,"temp"
"1725","CA",53.667,-113.467,688,1982,243,10.5,6.6,17,"temp"
"1726","CA",53.667,-113.467,688,1982,244,13.4,6.6,18,"temp"
"1727","CA",53.667,-113.467,688,1982,245,17.3,9.8,25,"temp"
"1728","CA",53.667,-113.467,688,1982,246,17.7,9.4,25.4,"temp"
"1729","CA",53.667,-113.467,688,1982,247,10.3,6.6,23,"temp"
"1730","CA",53.667,-113.467,688,1982,248,8.3,6.3,13.2,"temp"
"1731","CA",53.667,-113.467,688,1982,249,12.6,6.3,21,"temp"
"1732","CA",53.667,-113.467,688,1982,250,16.4,6.7,24,"temp"
"1733","CA",53.667,-113.467,688,1982,251,16.1,10,24.7,"temp"
"1734","CA",53.667,-113.467,688,1982,252,14.9,9.8,21,"temp"
"1735","CA",53.667,-113.467,688,1982,253,10.9,6.4,21.3,"temp"
"1736","CA",53.667,-113.467,688,1982,254,7.7,3.6,14.6,"temp"
"1737","CA",53.667,-113.467,688,1982,255,5.8,1,13,"temp"
"1738","CA",53.667,-113.467,688,1982,256,3.9,-1.9,10,"temp"
"1739","CA",53.667,-113.467,688,1982,257,6.3,-1.9,14,"temp"
"1740","CA",53.667,-113.467,688,1982,258,10.9,0.8,17,"temp"
"1741","CA",53.667,-113.467,688,1982,259,10.1,4,19,"temp"
"1742","CA",53.667,-113.467,688,1982,260,13.2,4,23,"temp"
"1743","CA",53.667,-113.467,688,1982,261,14.3,5.1,23.8,"temp"
"1744","CA",53.667,-113.467,688,1982,262,14,5.6,21.1,"temp"
"1745","CA",53.667,-113.467,688,1982,263,14.8,5.6,23,"temp"
"1746","CA",53.667,-113.467,688,1982,264,12.9,3.2,23,"temp"
"1747","CA",53.667,-113.467,688,1982,265,14.2,3.2,21.3,"temp"
"1748","CA",53.667,-113.467,688,1982,266,14.7,8.1,22,"temp"
"1749","CA",53.667,-113.467,688,1982,267,15.7,8,23,"temp"
"1750","CA",53.667,-113.467,688,1982,268,15.1,8.3,23.3,"temp"
"1751","CA",53.667,-113.467,688,1982,269,8.2,5.4,17.6,"temp"
"1752","CA",53.667,-113.467,688,1982,270,5.6,3.5,9.3,"temp"
"1753","CA",53.667,-113.467,688,1982,271,4.7,1.8,9.3,"temp"
"1754","CA",53.667,-113.467,688,1982,272,4.1,1.5,7,"temp"
"1755","CA",53.667,-113.467,688,1982,273,5.8,-1,15,"temp"
"1756","CA",53.667,-113.467,688,1982,274,8.8,-0.8,15,"temp"
"1757","CA",53.667,-113.467,688,1982,275,8.9,3.1,15.5,"temp"
"1758","CA",53.667,-113.467,688,1982,276,5.6,1.5,12.5,"temp"
"1759","CA",53.667,-113.467,688,1982,277,3.2,-1.5,10,"temp"
"1760","CA",53.667,-113.467,688,1982,278,4.9,-1.5,12,"temp"
"1761","CA",53.667,-113.467,688,1982,279,5.9,-0.8,12,"temp"
"1762","CA",53.667,-113.467,688,1982,280,8.6,2,13,"temp"
"1763","CA",53.667,-113.467,688,1982,281,5.4,0.1,13.8,"temp"
"1764","CA",53.667,-113.467,688,1982,282,4.9,-1.6,14,"temp"
"1765","CA",53.667,-113.467,688,1982,283,11.6,-1.6,21,"temp"
"1766","CA",53.667,-113.467,688,1982,284,12.9,4.7,21.8,"temp"
"1767","CA",53.667,-113.467,688,1982,285,7.8,0.4,17.3,"temp"
"1768","CA",53.667,-113.467,688,1982,286,14.9,9,24,"temp"
"1769","CA",53.667,-113.467,688,1982,287,14.4,9,24.3,"temp"
"1770","CA",53.667,-113.467,688,1982,288,8.3,1.7,16.7,"temp"
"1771","CA",53.667,-113.467,688,1982,289,6.6,1.7,14.9,"temp"
"1772","CA",53.667,-113.467,688,1982,290,1.2,-3,9.9,"temp"
"1773","CA",53.667,-113.467,688,1982,291,-4,-5.3,3.9,"temp"
"1774","CA",53.667,-113.467,688,1982,292,-4.4,-7.4,1,"temp"
"1775","CA",53.667,-113.467,688,1982,293,-1.4,-7.4,6,"temp"
"1776","CA",53.667,-113.467,688,1982,294,0.8,-6,9,"temp"
"1777","CA",53.667,-113.467,688,1982,295,4.9,-5,14,"temp"
"1778","CA",53.667,-113.467,688,1982,296,10,-0.6,15,"temp"
"1779","CA",53.667,-113.467,688,1982,297,8.1,3,15.4,"temp"
"1780","CA",53.667,-113.467,688,1982,298,7.4,-0.2,15.6,"temp"
"1781","CA",53.667,-113.467,688,1982,299,6.7,-0.2,15,"temp"
"1782","CA",53.667,-113.467,688,1982,300,6.8,0.4,16,"temp"
"1783","CA",53.667,-113.467,688,1982,301,3.9,0,13,"temp"
"1784","CA",53.667,-113.467,688,1982,302,-1.4,-6.3,4,"temp"
"1785","CA",53.667,-113.467,688,1982,303,1.4,-6.3,8,"temp"
"1786","CA",53.667,-113.467,688,1982,304,3.7,-2.5,8.3,"temp"
"1787","CA",53.667,-113.467,688,1982,305,2.3,-1,8.9,"temp"
"1788","CA",53.667,-113.467,688,1982,306,-3.8,-7,4.9,"temp"
"1789","CA",53.667,-113.467,688,1982,307,-4.9,-11.5,2,"temp"
"1790","CA",53.667,-113.467,688,1982,308,0.8,-2,5,"temp"
"1791","CA",53.667,-113.467,688,1982,309,1.1,-3,8,"temp"
"1792","CA",53.667,-113.467,688,1982,310,-1.1,-5.8,8,"temp"
"1793","CA",53.667,-113.467,688,1982,311,-5.1,-10.4,2.4,"temp"
"1794","CA",53.667,-113.467,688,1982,312,-4.6,-10.4,-2.3,"temp"
"1795","CA",53.667,-113.467,688,1982,313,-6,-10,-2,"temp"
"1796","CA",53.667,-113.467,688,1982,314,-3.8,-9.8,1,"temp"
"1797","CA",53.667,-113.467,688,1982,315,-8.6,-12.9,1.7,"temp"
"1798","CA",53.667,-113.467,688,1982,316,-10.8,-13.5,-6.5,"temp"
"1799","CA",53.667,-113.467,688,1982,317,-11.7,-15,-6,"temp"
"1800","CA",53.667,-113.467,688,1982,318,-4.2,-14.8,2,"temp"
"1801","CA",53.667,-113.467,688,1982,319,-1.4,-7.1,2,"temp"
"1802","CA",53.667,-113.467,688,1982,320,-6.6,-12,2.5,"temp"
"1803","CA",53.667,-113.467,688,1982,321,-4.2,-11.7,3.4,"temp"
"1804","CA",53.667,-113.467,688,1982,322,-9.7,-15,-2.1,"temp"
"1805","CA",53.667,-113.467,688,1982,323,-17.5,-19,-15,"temp"
"1806","CA",53.667,-113.467,688,1982,324,-21.2,-24.6,-16.3,"temp"
"1807","CA",53.667,-113.467,688,1982,325,-22.1,-25,-18,"temp"
"1808","CA",53.667,-113.467,688,1982,326,-16.8,-24.4,-10,"temp"
"1809","CA",53.667,-113.467,688,1982,327,-14.1,-19.2,-8,"temp"
"1810","CA",53.667,-113.467,688,1982,328,-12.7,-19,-4,"temp"
"1811","CA",53.667,-113.467,688,1982,329,-20.4,-23.2,-18,"temp"
"1812","CA",53.667,-113.467,688,1982,330,-17,-23.2,-12,"temp"
"1813","CA",53.667,-113.467,688,1982,331,-10.3,-19.5,-5,"temp"
"1814","CA",53.667,-113.467,688,1982,332,-5.1,-12,-1.7,"temp"
"1815","CA",53.667,-113.467,688,1982,333,-11.6,-16,-3.1,"temp"
"1816","CA",53.667,-113.467,688,1982,334,-12.4,-16.1,-8.2,"temp"
"1817","CA",53.667,-113.467,688,1982,335,-9.3,-16.1,-5,"temp"
"1818","CA",53.667,-113.467,688,1982,336,-5.1,-12.6,-4,"temp"
"1819","CA",53.667,-113.467,688,1982,337,-5.8,-7,-4,"temp"
"1820","CA",53.667,-113.467,688,1982,338,-4.8,-6.8,-2,"temp"
"1821","CA",53.667,-113.467,688,1982,339,-6.2,-12.1,-1.8,"temp"
"1822","CA",53.667,-113.467,688,1982,340,-13.6,-20,-2.1,"temp"
"1823","CA",53.667,-113.467,688,1982,341,-20,-25,-7.9,"temp"
"1824","CA",53.667,-113.467,688,1982,342,-16.7,-25.2,-3,"temp"
"1825","CA",53.667,-113.467,688,1982,343,-2.6,-6,-0.4,"temp"
"1826","CA",53.667,-113.467,688,1982,344,-14.4,-17.2,-0.4,"temp"
"1827","CA",53.667,-113.467,688,1982,345,-12.1,-17.2,-8,"temp"
"1828","CA",53.667,-113.467,688,1982,346,-9.1,-15,-5,"temp"
"1829","CA",53.667,-113.467,688,1982,347,-8.3,-12.5,-4.6,"temp"
"1830","CA",53.667,-113.467,688,1982,348,-8.6,-12.4,-6,"temp"
"1831","CA",53.667,-113.467,688,1982,349,-5.1,-10.6,0,"temp"
"1832","CA",53.667,-113.467,688,1982,350,-5.4,-8.3,-0.1,"temp"
"1833","CA",53.667,-113.467,688,1982,351,-6.5,-10.2,-3.4,"temp"
"1834","CA",53.667,-113.467,688,1982,352,-6.2,-10.2,-4,"temp"
"1835","CA",53.667,-113.467,688,1982,353,-11.6,-15.5,-2.6,"temp"
"1836","CA",53.667,-113.467,688,1982,354,-10.8,-15.5,-9,"temp"
"1837","CA",53.667,-113.467,688,1982,355,-11.4,-13,-9,"temp"
"1838","CA",53.667,-113.467,688,1982,356,-12.6,-13,-10.1,"temp"
"1839","CA",53.667,-113.467,688,1982,357,-14.5,-19,-11.1,"temp"
"1840","CA",53.667,-113.467,688,1982,358,-13.2,-18.8,-6,"temp"
"1841","CA",53.667,-113.467,688,1982,359,-5,-8,-1.7,"temp"
"1842","CA",53.667,-113.467,688,1982,360,-7.3,-16,-1.7,"temp"
"1843","CA",53.667,-113.467,688,1982,361,-16.8,-20.4,-2.2,"temp"
"1844","CA",53.667,-113.467,688,1982,362,-6.1,-10.7,-2.8,"temp"
"1845","CA",53.667,-113.467,688,1982,363,-4.3,-7.6,-2.4,"temp"
"1846","CA",53.667,-113.467,688,1982,364,-1.9,-6.2,1,"temp"
"1847","CA",53.667,-113.467,688,1982,365,-1.2,-4.5,1.1,"temp"
"1848","CA",53.667,-113.467,688,1983,1,-3.8,-6.4,1.1,"temp"
"1849","CA",53.667,-113.467,688,1983,2,-7.4,-10.7,-2,"temp"
"1850","CA",53.667,-113.467,688,1983,3,-5.3,-10.7,0.4,"temp"
"1851","CA",53.667,-113.467,688,1983,4,-6,-10,0.4,"temp"
"1852","CA",53.667,-113.467,688,1983,5,-6.2,-9.9,-2,"temp"
"1853","CA",53.667,-113.467,688,1983,6,-5.3,-9.5,-1.7,"temp"
"1854","CA",53.667,-113.467,688,1983,7,-5.7,-9.6,1,"temp"
"1855","CA",53.667,-113.467,688,1983,8,1.9,0,4,"temp"
"1856","CA",53.667,-113.467,688,1983,9,-4,-9,3.8,"temp"
"1857","CA",53.667,-113.467,688,1983,10,-14.2,-24,-0.9,"temp"
"1858","CA",53.667,-113.467,688,1983,11,-20.2,-24.3,-6.5,"temp"
"1859","CA",53.667,-113.467,688,1983,12,-1.7,-12,2,"temp"
"1860","CA",53.667,-113.467,688,1983,13,-1.6,-5.2,2.6,"temp"
"1861","CA",53.667,-113.467,688,1983,14,-5.6,-9.2,0.1,"temp"
"1862","CA",53.667,-113.467,688,1983,15,-5.4,-9.2,-2,"temp"
"1863","CA",53.667,-113.467,688,1983,16,-8.4,-13.1,-1.3,"temp"
"1864","CA",53.667,-113.467,688,1983,17,-13.3,-17.2,-4.8,"temp"
"1865","CA",53.667,-113.467,688,1983,18,-10.5,-17.2,-6,"temp"
"1866","CA",53.667,-113.467,688,1983,19,-7.6,-14,-2,"temp"
"1867","CA",53.667,-113.467,688,1983,20,-11.6,-16.9,-2,"temp"
"1868","CA",53.667,-113.467,688,1983,21,-12.4,-16.9,-7,"temp"
"1869","CA",53.667,-113.467,688,1983,22,-12.5,-16.4,-7.9,"temp"
"1870","CA",53.667,-113.467,688,1983,23,-18.9,-22,-9,"temp"
"1871","CA",53.667,-113.467,688,1983,24,-27.1,-31.7,-17.3,"temp"
"1872","CA",53.667,-113.467,688,1983,25,-25.7,-31.7,-22,"temp"
"1873","CA",53.667,-113.467,688,1983,26,-21.1,-27.3,-16,"temp"
"1874","CA",53.667,-113.467,688,1983,27,-16.7,-24.5,-14,"temp"
"1875","CA",53.667,-113.467,688,1983,28,-11.4,-17.6,-5,"temp"
"1876","CA",53.667,-113.467,688,1983,29,-6.8,-15.4,-2,"temp"
"1877","CA",53.667,-113.467,688,1983,30,-4.8,-12.1,-0.6,"temp"
"1878","CA",53.667,-113.467,688,1983,31,-9.9,-13.2,-2.7,"temp"
"1879","CA",53.667,-113.467,688,1983,32,-8.9,-13.2,-3.6,"temp"
"1880","CA",53.667,-113.467,688,1983,33,-8.4,-10.2,-7,"temp"
"1881","CA",53.667,-113.467,688,1983,34,-12.7,-15,-6.9,"temp"
"1882","CA",53.667,-113.467,688,1983,35,-12.7,-16,-9.4,"temp"
"1883","CA",53.667,-113.467,688,1983,36,-15.9,-19,-10.8,"temp"
"1884","CA",53.667,-113.467,688,1983,37,-15.6,-20,-11.2,"temp"
"1885","CA",53.667,-113.467,688,1983,38,-16,-20,-12.9,"temp"
"1886","CA",53.667,-113.467,688,1983,39,-14.9,-18,-10,"temp"
"1887","CA",53.667,-113.467,688,1983,40,-14.9,-17.6,-9.5,"temp"
"1888","CA",53.667,-113.467,688,1983,41,-13.9,-17.9,-12,"temp"
"1889","CA",53.667,-113.467,688,1983,42,-13.7,-19,-7,"temp"
"1890","CA",53.667,-113.467,688,1983,43,-7.8,-18.5,-1,"temp"
"1891","CA",53.667,-113.467,688,1983,44,-1.3,-5,7,"temp"
"1892","CA",53.667,-113.467,688,1983,45,1.5,-4.7,7.1,"temp"
"1893","CA",53.667,-113.467,688,1983,46,0.4,-4.1,5.7,"temp"
"1894","CA",53.667,-113.467,688,1983,47,-10.6,-16,5.6,"temp"
"1895","CA",53.667,-113.467,688,1983,48,-14.2,-16,-8.5,"temp"
"1896","CA",53.667,-113.467,688,1983,49,-11.8,-15.7,-9,"temp"
"1897","CA",53.667,-113.467,688,1983,50,-8.9,-14.6,-4,"temp"
"1898","CA",53.667,-113.467,688,1983,51,-5.1,-11.7,-2.3,"temp"
"1899","CA",53.667,-113.467,688,1983,52,-1.3,-9.7,5,"temp"
"1900","CA",53.667,-113.467,688,1983,53,-2.2,-8.2,5.5,"temp"
"1901","CA",53.667,-113.467,688,1983,54,-2,-8.2,3,"temp"
"1902","CA",53.667,-113.467,688,1983,55,1.3,-8,4,"temp"
"1903","CA",53.667,-113.467,688,1983,56,0.8,-3.1,5.1,"temp"
"1904","CA",53.667,-113.467,688,1983,57,-2.3,-5,3.8,"temp"
"1905","CA",53.667,-113.467,688,1983,58,-8.3,-10.6,-1.4,"temp"
"1906","CA",53.667,-113.467,688,1983,59,-10.1,-11,-6.9,"temp"
"1907","CA",53.667,-113.467,688,1983,60,-8.2,-11,-7,"temp"
"1908","CA",53.667,-113.467,688,1983,61,-7.9,-10,-6,"temp"
"1909","CA",53.667,-113.467,688,1983,62,-6.2,-10,-4,"temp"
"1910","CA",53.667,-113.467,688,1983,63,-7.9,-12.3,-3.8,"temp"
"1911","CA",53.667,-113.467,688,1983,64,-8.4,-12.3,-5,"temp"
"1912","CA",53.667,-113.467,688,1983,65,-6.6,-9.4,-5,"temp"
"1913","CA",53.667,-113.467,688,1983,66,-6.7,-8.3,-5,"temp"
"1914","CA",53.667,-113.467,688,1983,67,-8.2,-11,-4.9,"temp"
"1915","CA",53.667,-113.467,688,1983,68,-3.7,-11.2,1,"temp"
"1916","CA",53.667,-113.467,688,1983,69,-1.6,-6.2,2,"temp"
"1917","CA",53.667,-113.467,688,1983,70,0.7,-6.2,5,"temp"
"1918","CA",53.667,-113.467,688,1983,71,2.1,-2.8,6,"temp"
"1919","CA",53.667,-113.467,688,1983,72,0.9,-2.5,7.9,"temp"
"1920","CA",53.667,-113.467,688,1983,73,0.3,-2.5,3,"temp"
"1921","CA",53.667,-113.467,688,1983,74,-1.4,-4,2.1,"temp"
"1922","CA",53.667,-113.467,688,1983,75,-4.1,-7.8,1.4,"temp"
"1923","CA",53.667,-113.467,688,1983,76,-4.4,-8,-1,"temp"
"1924","CA",53.667,-113.467,688,1983,77,-7.9,-14.3,-0.5,"temp"
"1925","CA",53.667,-113.467,688,1983,78,-10,-15.1,-5,"temp"
"1926","CA",53.667,-113.467,688,1983,79,-6.8,-15.1,-4.6,"temp"
"1927","CA",53.667,-113.467,688,1983,80,-8.3,-12.5,-4.4,"temp"
"1928","CA",53.667,-113.467,688,1983,81,-10.4,-13.8,-6.5,"temp"
"1929","CA",53.667,-113.467,688,1983,82,-10.8,-16.5,-6,"temp"
"1930","CA",53.667,-113.467,688,1983,83,-7.8,-16.5,-5.8,"temp"
"1931","CA",53.667,-113.467,688,1983,84,-7.3,-11.2,-3,"temp"
"1932","CA",53.667,-113.467,688,1983,85,-2.7,-11.2,2,"temp"
"1933","CA",53.667,-113.467,688,1983,86,-0.9,-6.7,5,"temp"
"1934","CA",53.667,-113.467,688,1983,87,1.1,-6,5.8,"temp"
"1935","CA",53.667,-113.467,688,1983,88,-0.9,-8,5,"temp"
"1936","CA",53.667,-113.467,688,1983,89,0.3,-8,5.9,"temp"
"1937","CA",53.667,-113.467,688,1983,90,1.9,-2.5,6,"temp"
"1938","CA",53.667,-113.467,688,1983,91,3.4,-1.6,11,"temp"
"1939","CA",53.667,-113.467,688,1983,92,3.6,-1.6,11.2,"temp"
"1940","CA",53.667,-113.467,688,1983,93,3.1,-1.1,8,"temp"
"1941","CA",53.667,-113.467,688,1983,94,3.9,-1.1,10,"temp"
"1942","CA",53.667,-113.467,688,1983,95,5.6,-0.4,12,"temp"
"1943","CA",53.667,-113.467,688,1983,96,7.6,-0.4,16,"temp"
"1944","CA",53.667,-113.467,688,1983,97,8.5,0.8,16.8,"temp"
"1945","CA",53.667,-113.467,688,1983,98,1.7,-2,10,"temp"
"1946","CA",53.667,-113.467,688,1983,99,-4.3,-8.4,3.4,"temp"
"1947","CA",53.667,-113.467,688,1983,100,-4.1,-8.4,0,"temp"
"1948","CA",53.667,-113.467,688,1983,101,-6.6,-11.1,-3,"temp"
"1949","CA",53.667,-113.467,688,1983,102,-3.3,-11.1,2,"temp"
"1950","CA",53.667,-113.467,688,1983,103,2.2,-6.9,11,"temp"
"1951","CA",53.667,-113.467,688,1983,104,5.4,-3.5,11.4,"temp"
"1952","CA",53.667,-113.467,688,1983,105,6.1,-3,13,"temp"
"1953","CA",53.667,-113.467,688,1983,106,7.8,-2.8,14.1,"temp"
"1954","CA",53.667,-113.467,688,1983,107,9.3,1.7,17,"temp"
"1955","CA",53.667,-113.467,688,1983,108,12.7,2.6,20,"temp"
"1956","CA",53.667,-113.467,688,1983,109,11.6,0.8,20.8,"temp"
"1957","CA",53.667,-113.467,688,1983,110,13.7,0.8,20.3,"temp"
"1958","CA",53.667,-113.467,688,1983,111,12.2,3.5,21,"temp"
"1959","CA",53.667,-113.467,688,1983,112,10.7,2,21.8,"temp"
"1960","CA",53.667,-113.467,688,1983,113,11.2,2.4,19,"temp"
"1961","CA",53.667,-113.467,688,1983,114,11.2,4,19.6,"temp"
"1962","CA",53.667,-113.467,688,1983,115,6.9,1.9,16.4,"temp"
"1963","CA",53.667,-113.467,688,1983,116,1.8,-1,9.1,"temp"
"1964","CA",53.667,-113.467,688,1983,117,0.9,-4.2,7,"temp"
"1965","CA",53.667,-113.467,688,1983,118,2.7,-4.2,10,"temp"
"1966","CA",53.667,-113.467,688,1983,119,7.8,-4.2,16,"temp"
"1967","CA",53.667,-113.467,688,1983,120,5.4,1.7,16.3,"temp"
"1968","CA",53.667,-113.467,688,1983,121,3.3,-3,10,"temp"
"1969","CA",53.667,-113.467,688,1983,122,7.8,-2.9,11,"temp"
"1970","CA",53.667,-113.467,688,1983,123,4.9,-1,13,"temp"
"1971","CA",53.667,-113.467,688,1983,124,10,-1,15,"temp"
"1972","CA",53.667,-113.467,688,1983,125,10.6,5,16,"temp"
"1973","CA",53.667,-113.467,688,1983,126,8.2,3.5,16,"temp"
"1974","CA",53.667,-113.467,688,1983,127,13.6,3.5,17.9,"temp"
"1975","CA",53.667,-113.467,688,1983,128,9.4,5,18.3,"temp"
"1976","CA",53.667,-113.467,688,1983,129,5.4,2,13,"temp"
"1977","CA",53.667,-113.467,688,1983,130,3.8,-4.5,11,"temp"
"1978","CA",53.667,-113.467,688,1983,131,8.1,-4.5,14,"temp"
"1979","CA",53.667,-113.467,688,1983,132,10.3,2,17,"temp"
"1980","CA",53.667,-113.467,688,1983,133,9.2,2.3,17.9,"temp"
"1981","CA",53.667,-113.467,688,1983,134,3,-5.4,12.5,"temp"
"1982","CA",53.667,-113.467,688,1983,135,7.1,4.8,10.3,"temp"
"1983","CA",53.667,-113.467,688,1983,136,8.6,1.8,15.6,"temp"
"1984","CA",53.667,-113.467,688,1983,137,10.1,1.8,17.7,"temp"
"1985","CA",53.667,-113.467,688,1983,138,11.2,3.6,17.9,"temp"
"1986","CA",53.667,-113.467,688,1983,139,11.3,6,16,"temp"
"1987","CA",53.667,-113.467,688,1983,140,12,6.7,16.1,"temp"
"1988","CA",53.667,-113.467,688,1983,141,9.8,5.6,16.2,"temp"
"1989","CA",53.667,-113.467,688,1983,142,12.8,5.6,18.3,"temp"
"1990","CA",53.667,-113.467,688,1983,143,8.2,4,18.6,"temp"
"1991","CA",53.667,-113.467,688,1983,144,9.4,-0.4,23,"temp"
"1992","CA",53.667,-113.467,688,1983,145,18.3,10,24,"temp"
"1993","CA",53.667,-113.467,688,1983,146,14.4,7.8,25.4,"temp"
"1994","CA",53.667,-113.467,688,1983,147,14.1,5.6,22,"temp"
"1995","CA",53.667,-113.467,688,1983,148,17.1,5.6,25,"temp"
"1996","CA",53.667,-113.467,688,1983,149,20.8,6.5,27,"temp"
"1997","CA",53.667,-113.467,688,1983,150,17.1,8,27.8,"temp"
"1998","CA",53.667,-113.467,688,1983,151,15.2,10,22.5,"temp"
"1999","CA",53.667,-113.467,688,1983,152,13,7.5,20.8,"temp"
"2000","CA",53.667,-113.467,688,1983,153,8.1,2.5,16,"temp"
"2001","CA",53.667,-113.467,688,1983,154,7.8,0.8,13,"temp"
"2002","CA",53.667,-113.467,688,1983,155,9.8,0.8,16,"temp"
"2003","CA",53.667,-113.467,688,1983,156,13.2,1.2,18,"temp"
"2004","CA",53.667,-113.467,688,1983,157,15.7,7.7,24,"temp"
"2005","CA",53.667,-113.467,688,1983,158,13.1,6.8,24.1,"temp"
"2006","CA",53.667,-113.467,688,1983,159,17,6.8,24,"temp"
"2007","CA",53.667,-113.467,688,1983,160,17.7,7.1,25.7,"temp"
"2008","CA",53.667,-113.467,688,1983,161,17,8.8,25,"temp"
"2009","CA",53.667,-113.467,688,1983,162,13.6,6.4,25,"temp"
"2010","CA",53.667,-113.467,688,1983,163,13.3,5.5,20.2,"temp"
"2011","CA",53.667,-113.467,688,1983,164,13.5,5.5,22,"temp"
"2012","CA",53.667,-113.467,688,1983,165,16.3,6.8,23,"temp"
"2013","CA",53.667,-113.467,688,1983,166,18.9,7.4,26,"temp"
"2014","CA",53.667,-113.467,688,1983,167,20,11.5,27.6,"temp"
"2015","CA",53.667,-113.467,688,1983,168,21,11.5,27.1,"temp"
"2016","CA",53.667,-113.467,688,1983,169,15.5,11.5,26.8,"temp"
"2017","CA",53.667,-113.467,688,1983,170,10.1,8,19.8,"temp"
"2018","CA",53.667,-113.467,688,1983,171,10.9,8.3,15,"temp"
"2019","CA",53.667,-113.467,688,1983,172,12.1,8.8,16.6,"temp"
"2020","CA",53.667,-113.467,688,1983,173,12,7,17.6,"temp"
"2021","CA",53.667,-113.467,688,1983,174,12.4,6.6,16.7,"temp"
"2022","CA",53.667,-113.467,688,1983,175,14.8,6.6,19,"temp"
"2023","CA",53.667,-113.467,688,1983,176,12.2,10,20,"temp"
"2024","CA",53.667,-113.467,688,1983,177,11.8,7.6,16,"temp"
"2025","CA",53.667,-113.467,688,1983,178,13.4,7.6,18.3,"temp"
"2026","CA",53.667,-113.467,688,1983,179,15.5,8,22,"temp"
"2027","CA",53.667,-113.467,688,1983,180,18.8,12.6,23,"temp"
"2028","CA",53.667,-113.467,688,1983,181,17.7,12.7,24.5,"temp"
"2029","CA",53.667,-113.467,688,1983,182,15.6,13.6,20,"temp"
"2030","CA",53.667,-113.467,688,1983,183,14.6,10.5,20.9,"temp"
"2031","CA",53.667,-113.467,688,1983,184,16.6,10.5,24,"temp"
"2032","CA",53.667,-113.467,688,1983,185,17.8,11.4,24.6,"temp"
"2033","CA",53.667,-113.467,688,1983,186,17.4,11.6,24,"temp"
"2034","CA",53.667,-113.467,688,1983,187,17.3,10.5,24.8,"temp"
"2035","CA",53.667,-113.467,688,1983,188,16.2,10.5,22,"temp"
"2036","CA",53.667,-113.467,688,1983,189,17.4,12.7,21.1,"temp"
"2037","CA",53.667,-113.467,688,1983,190,15.7,11.8,20,"temp"
"2038","CA",53.667,-113.467,688,1983,191,16.3,9.8,21.2,"temp"
"2039","CA",53.667,-113.467,688,1983,192,16.6,9.8,23,"temp"
"2040","CA",53.667,-113.467,688,1983,193,16.1,11.3,24,"temp"
"2041","CA",53.667,-113.467,688,1983,194,16.9,12.6,23,"temp"
"2042","CA",53.667,-113.467,688,1983,195,16.4,12.6,23.6,"temp"
"2043","CA",53.667,-113.467,688,1983,196,11,8.8,20,"temp"
"2044","CA",53.667,-113.467,688,1983,197,12,8.8,16,"temp"
"2045","CA",53.667,-113.467,688,1983,198,12.2,8.7,18,"temp"
"2046","CA",53.667,-113.467,688,1983,199,15.6,8.7,22,"temp"
"2047","CA",53.667,-113.467,688,1983,200,18.1,9.5,25,"temp"
"2048","CA",53.667,-113.467,688,1983,201,19.9,11.8,26,"temp"
"2049","CA",53.667,-113.467,688,1983,202,17.1,13.4,24.2,"temp"
"2050","CA",53.667,-113.467,688,1983,203,16.5,9,22,"temp"
"2051","CA",53.667,-113.467,688,1983,204,20.1,9,26,"temp"
"2052","CA",53.667,-113.467,688,1983,205,20.5,15.4,26.6,"temp"
"2053","CA",53.667,-113.467,688,1983,206,18.1,14.3,23.7,"temp"
"2054","CA",53.667,-113.467,688,1983,207,16,10.6,24,"temp"
"2055","CA",53.667,-113.467,688,1983,208,12.9,8.1,19,"temp"
"2056","CA",53.667,-113.467,688,1983,209,15.5,8.1,22,"temp"
"2057","CA",53.667,-113.467,688,1983,210,17.2,10.2,22.8,"temp"
"2058","CA",53.667,-113.467,688,1983,211,17.7,9.6,24.2,"temp"
"2059","CA",53.667,-113.467,688,1983,212,21.3,9.6,29,"temp"
"2060","CA",53.667,-113.467,688,1983,213,22.8,14.7,29.3,"temp"
"2061","CA",53.667,-113.467,688,1983,214,21.8,14.8,29,"temp"
"2062","CA",53.667,-113.467,688,1983,215,22.1,14.5,29.8,"temp"
"2063","CA",53.667,-113.467,688,1983,216,15.6,8.8,26.2,"temp"
"2064","CA",53.667,-113.467,688,1983,217,18.4,8.4,27,"temp"
"2065","CA",53.667,-113.467,688,1983,218,20.3,11.2,28.2,"temp"
"2066","CA",53.667,-113.467,688,1983,219,17.9,10,24.3,"temp"
"2067","CA",53.667,-113.467,688,1983,220,19.5,10,26,"temp"
"2068","CA",53.667,-113.467,688,1983,221,20.4,13.5,27.2,"temp"
"2069","CA",53.667,-113.467,688,1983,222,23.8,13.5,32,"temp"
"2070","CA",53.667,-113.467,688,1983,223,24.7,14.6,32.6,"temp"
"2071","CA",53.667,-113.467,688,1983,224,18.1,12.5,27.1,"temp"
"2072","CA",53.667,-113.467,688,1983,225,16.9,8.4,25,"temp"
"2073","CA",53.667,-113.467,688,1983,226,17.4,8.4,25.1,"temp"
"2074","CA",53.667,-113.467,688,1983,227,16.2,10.3,23,"temp"
"2075","CA",53.667,-113.467,688,1983,228,16.3,10.3,23.6,"temp"
"2076","CA",53.667,-113.467,688,1983,229,17,9.6,21,"temp"
"2077","CA",53.667,-113.467,688,1983,230,13,9,20.9,"temp"
"2078","CA",53.667,-113.467,688,1983,231,11.1,3.7,21,"temp"
"2079","CA",53.667,-113.467,688,1983,232,13.4,3.7,22.2,"temp"
"2080","CA",53.667,-113.467,688,1983,233,13.4,6.6,20,"temp"
"2081","CA",53.667,-113.467,688,1983,234,16.2,8,24,"temp"
"2082","CA",53.667,-113.467,688,1983,235,17.7,8.4,26,"temp"
"2083","CA",53.667,-113.467,688,1983,236,18.2,9.5,26.7,"temp"
"2084","CA",53.667,-113.467,688,1983,237,16.1,10.2,23.6,"temp"
"2085","CA",53.667,-113.467,688,1983,238,16.2,9.6,23,"temp"
"2086","CA",53.667,-113.467,688,1983,239,16.6,9.6,24.1,"temp"
"2087","CA",53.667,-113.467,688,1983,240,17.4,10.8,23.6,"temp"
"2088","CA",53.667,-113.467,688,1983,241,17.4,9.5,25,"temp"
"2089","CA",53.667,-113.467,688,1983,242,18.1,9.5,25.8,"temp"
"2090","CA",53.667,-113.467,688,1983,243,18.9,11.4,26,"temp"
"2091","CA",53.667,-113.467,688,1983,244,19.4,12.1,26.6,"temp"
"2092","CA",53.667,-113.467,688,1983,245,14.6,11.5,23.2,"temp"
"2093","CA",53.667,-113.467,688,1983,246,15.7,11.5,20,"temp"
"2094","CA",53.667,-113.467,688,1983,247,11.6,7,21,"temp"
"2095","CA",53.667,-113.467,688,1983,248,8.8,6.8,18.7,"temp"
"2096","CA",53.667,-113.467,688,1983,249,8,2.6,16,"temp"
"2097","CA",53.667,-113.467,688,1983,250,10.1,2.6,16.7,"temp"
"2098","CA",53.667,-113.467,688,1983,251,8.1,2.9,15.6,"temp"
"2099","CA",53.667,-113.467,688,1983,252,6.6,2.9,15.6,"temp"
"2100","CA",53.667,-113.467,688,1983,253,6.6,1,13,"temp"
"2101","CA",53.667,-113.467,688,1983,254,8.5,1.2,14.4,"temp"
"2102","CA",53.667,-113.467,688,1983,255,8.7,3.3,14.4,"temp"
"2103","CA",53.667,-113.467,688,1983,256,9.1,3,14.3,"temp"
"2104","CA",53.667,-113.467,688,1983,257,11.2,3.1,16,"temp"
"2105","CA",53.667,-113.467,688,1983,258,11,5.3,17.6,"temp"
"2106","CA",53.667,-113.467,688,1983,259,7.3,3,14.3,"temp"
"2107","CA",53.667,-113.467,688,1983,260,4.2,0,9.3,"temp"
"2108","CA",53.667,-113.467,688,1983,261,1.9,-1,8.2,"temp"
"2109","CA",53.667,-113.467,688,1983,262,1.3,-5,10,"temp"
"2110","CA",53.667,-113.467,688,1983,263,4.2,-5,11,"temp"
"2111","CA",53.667,-113.467,688,1983,264,8.5,-1.4,14,"temp"
"2112","CA",53.667,-113.467,688,1983,265,11.9,5.6,20,"temp"
"2113","CA",53.667,-113.467,688,1983,266,12.8,6,20.9,"temp"
"2114","CA",53.667,-113.467,688,1983,267,11.7,6,19.2,"temp"
"2115","CA",53.667,-113.467,688,1983,268,13.3,6.8,22,"temp"
"2116","CA",53.667,-113.467,688,1983,269,15.4,6.8,22.2,"temp"
"2117","CA",53.667,-113.467,688,1983,270,7.3,3,22.6,"temp"
"2118","CA",53.667,-113.467,688,1983,271,-1.4,-6.4,6,"temp"
"2119","CA",53.667,-113.467,688,1983,272,3.4,-6.4,10,"temp"
"2120","CA",53.667,-113.467,688,1983,273,4,-3.2,11,"temp"
"2121","CA",53.667,-113.467,688,1983,274,4.6,-3.2,14,"temp"
"2122","CA",53.667,-113.467,688,1983,275,9.1,7,14.8,"temp"
"2123","CA",53.667,-113.467,688,1983,276,7.1,2,15,"temp"
"2124","CA",53.667,-113.467,688,1983,277,8.6,2,16.4,"temp"
"2125","CA",53.667,-113.467,688,1983,278,4.2,-1.2,10,"temp"
"2126","CA",53.667,-113.467,688,1983,279,4.8,-1.2,11.6,"temp"
"2127","CA",53.667,-113.467,688,1983,280,5.4,1.8,12,"temp"
"2128","CA",53.667,-113.467,688,1983,281,6.1,-1.3,14,"temp"
"2129","CA",53.667,-113.467,688,1983,282,5.9,-1.3,14.7,"temp"
"2130","CA",53.667,-113.467,688,1983,283,2.8,-2,12.3,"temp"
"2131","CA",53.667,-113.467,688,1983,284,4.8,-1.9,15,"temp"
"2132","CA",53.667,-113.467,688,1983,285,8.4,-0.1,17,"temp"
"2133","CA",53.667,-113.467,688,1983,286,9.5,1.9,17.3,"temp"
"2134","CA",53.667,-113.467,688,1983,287,7.3,2.2,14.4,"temp"
"2135","CA",53.667,-113.467,688,1983,288,1.5,-2,8.4,"temp"
"2136","CA",53.667,-113.467,688,1983,289,-0.3,-2.5,2.3,"temp"
"2137","CA",53.667,-113.467,688,1983,290,-0.1,-5,6,"temp"
"2138","CA",53.667,-113.467,688,1983,291,2.9,-5,10,"temp"
"2139","CA",53.667,-113.467,688,1983,292,5.8,-2.4,14,"temp"
"2140","CA",53.667,-113.467,688,1983,293,6.2,-0.2,14.8,"temp"
"2141","CA",53.667,-113.467,688,1983,294,6.9,-0.2,15,"temp"
"2142","CA",53.667,-113.467,688,1983,295,8.4,-0.1,14.8,"temp"
"2143","CA",53.667,-113.467,688,1983,296,4.6,0.4,11.8,"temp"
"2144","CA",53.667,-113.467,688,1983,297,1.6,-3.7,8.5,"temp"
"2145","CA",53.667,-113.467,688,1983,298,6.2,-3.7,13,"temp"
"2146","CA",53.667,-113.467,688,1983,299,7.9,2.2,13.4,"temp"
"2147","CA",53.667,-113.467,688,1983,300,2.6,-0.1,11.8,"temp"
"2148","CA",53.667,-113.467,688,1983,301,1.5,-2.2,8,"temp"
"2149","CA",53.667,-113.467,688,1983,302,2.4,-2.9,11,"temp"
"2150","CA",53.667,-113.467,688,1983,303,5.6,-2.9,13,"temp"
"2151","CA",53.667,-113.467,688,1983,304,6.9,0.1,14.3,"temp"
"2152","CA",53.667,-113.467,688,1983,305,3.4,1.7,10.7,"temp"
"2153","CA",53.667,-113.467,688,1983,306,4.8,1.7,6,"temp"
"2154","CA",53.667,-113.467,688,1983,307,1.9,-2.2,7,"temp"
"2155","CA",53.667,-113.467,688,1983,308,4.4,-2.2,11,"temp"
"2156","CA",53.667,-113.467,688,1983,309,3.3,-1.1,11.6,"temp"
"2157","CA",53.667,-113.467,688,1983,310,2.4,-4,8.4,"temp"
"2158","CA",53.667,-113.467,688,1983,311,-1.2,-4,5.5,"temp"
"2159","CA",53.667,-113.467,688,1983,312,-2.9,-5.3,0.7,"temp"
"2160","CA",53.667,-113.467,688,1983,313,-4.1,-5.3,-2,"temp"
"2161","CA",53.667,-113.467,688,1983,314,-5.1,-8,-3,"temp"
"2162","CA",53.667,-113.467,688,1983,315,-2.3,-8,1,"temp"
"2163","CA",53.667,-113.467,688,1983,316,-0.2,-5.6,5,"temp"
"2164","CA",53.667,-113.467,688,1983,317,-3.8,-6,5.5,"temp"
"2165","CA",53.667,-113.467,688,1983,318,-3.9,-6,-2,"temp"
"2166","CA",53.667,-113.467,688,1983,319,-4.6,-8,0,"temp"
"2167","CA",53.667,-113.467,688,1983,320,-3.9,-8,0.2,"temp"
"2168","CA",53.667,-113.467,688,1983,321,-3.2,-5.6,-2,"temp"
"2169","CA",53.667,-113.467,688,1983,322,-2.2,-4.4,-1,"temp"
"2170","CA",53.667,-113.467,688,1983,323,-1.6,-2.8,-1,"temp"
"2171","CA",53.667,-113.467,688,1983,324,-1.9,-3,-0.5,"temp"
"2172","CA",53.667,-113.467,688,1983,325,-4.2,-6,-1.1,"temp"
"2173","CA",53.667,-113.467,688,1983,326,-7.3,-10.6,-2.4,"temp"
"2174","CA",53.667,-113.467,688,1983,327,-6.2,-10.6,-5.4,"temp"
"2175","CA",53.667,-113.467,688,1983,328,-9.7,-15,-5.7,"temp"
"2176","CA",53.667,-113.467,688,1983,329,-9.8,-15.2,-6,"temp"
"2177","CA",53.667,-113.467,688,1983,330,-12.4,-16.5,-6,"temp"
"2178","CA",53.667,-113.467,688,1983,331,-7.8,-16.5,-2,"temp"
"2179","CA",53.667,-113.467,688,1983,332,-3.2,-11.8,-0.5,"temp"
"2180","CA",53.667,-113.467,688,1983,333,-12.4,-14.5,-2.2,"temp"
"2181","CA",53.667,-113.467,688,1983,334,-13.3,-17.3,-11,"temp"
"2182","CA",53.667,-113.467,688,1983,335,-14.5,-17.3,-10.7,"temp"
"2183","CA",53.667,-113.467,688,1983,336,-15.4,-18.8,-11.6,"temp"
"2184","CA",53.667,-113.467,688,1983,337,-8.3,-18.8,-4.9,"temp"
"2185","CA",53.667,-113.467,688,1983,338,-12.8,-15.3,-4.9,"temp"
"2186","CA",53.667,-113.467,688,1983,339,-8.3,-15.3,-5,"temp"
"2187","CA",53.667,-113.467,688,1983,340,-8.4,-12.4,-4.2,"temp"
"2188","CA",53.667,-113.467,688,1983,341,-15.9,-24,-5.7,"temp"
"2189","CA",53.667,-113.467,688,1983,342,-26.8,-30,-24,"temp"
"2190","CA",53.667,-113.467,688,1983,343,-22.7,-29.9,-18.7,"temp"
"2191","CA",53.667,-113.467,688,1983,344,-19.4,-25.4,-18.6,"temp"
"2192","CA",53.667,-113.467,688,1983,345,-20.2,-23,-16,"temp"
"2193","CA",53.667,-113.467,688,1983,346,-18.1,-23,-9,"temp"
"2194","CA",53.667,-113.467,688,1983,347,-12.7,-23,-8.1,"temp"
"2195","CA",53.667,-113.467,688,1983,348,-21.7,-26,-8.4,"temp"
"2196","CA",53.667,-113.467,688,1983,349,-23.9,-27.8,-19.3,"temp"
"2197","CA",53.667,-113.467,688,1983,350,-25.5,-29,-22,"temp"
"2198","CA",53.667,-113.467,688,1983,351,-26.4,-29.3,-22,"temp"
"2199","CA",53.667,-113.467,688,1983,352,-25.1,-29.3,-21.6,"temp"
"2200","CA",53.667,-113.467,688,1983,353,-28.6,-36.2,-22,"temp"
"2201","CA",53.667,-113.467,688,1983,354,-28.5,-36.2,-25,"temp"
"2202","CA",53.667,-113.467,688,1983,355,-23.3,-30.9,-20,"temp"
"2203","CA",53.667,-113.467,688,1983,356,-24.9,-28,-19.7,"temp"
"2204","CA",53.667,-113.467,688,1983,357,-30.8,-36.3,-22.3,"temp"
"2205","CA",53.667,-113.467,688,1983,358,-31,-36.3,-23,"temp"
"2206","CA",53.667,-113.467,688,1983,359,-15.2,-23,-10,"temp"
"2207","CA",53.667,-113.467,688,1983,360,-11.9,-15.6,-9.5,"temp"
"2208","CA",53.667,-113.467,688,1983,361,-13.5,-16.2,-10.2,"temp"
"2209","CA",53.667,-113.467,688,1983,362,-18.6,-20.8,-11.9,"temp"
"2210","CA",53.667,-113.467,688,1983,363,-18.5,-21.7,-15.4,"temp"
"2211","CA",53.667,-113.467,688,1983,364,-16.7,-21.7,-11,"temp"
"2212","CA",53.667,-113.467,688,1983,365,-6.3,-19.6,2,"temp"
"2213","CA",53.667,-113.467,688,1984,1,-2.3,-11.1,2.5,"temp"
"2214","CA",53.667,-113.467,688,1984,2,0.5,-6.5,7,"temp"
"2215","CA",53.667,-113.467,688,1984,3,2.2,-4.3,7.5,"temp"
"2216","CA",53.667,-113.467,688,1984,4,1.8,-2.5,5,"temp"
"2217","CA",53.667,-113.467,688,1984,5,2.7,0.4,6.1,"temp"
"2218","CA",53.667,-113.467,688,1984,6,0.1,-2,4.6,"temp"
"2219","CA",53.667,-113.467,688,1984,7,-4.3,-8.2,1.1,"temp"
"2220","CA",53.667,-113.467,688,1984,8,-6.6,-11,-2.4,"temp"
"2221","CA",53.667,-113.467,688,1984,9,-12.9,-17.6,-3.6,"temp"
"2222","CA",53.667,-113.467,688,1984,10,-10.3,-17.6,-8.5,"temp"
"2223","CA",53.667,-113.467,688,1984,11,-11.4,-12.3,-8.6,"temp"
"2224","CA",53.667,-113.467,688,1984,12,-6,-12.3,-2.9,"temp"
"2225","CA",53.667,-113.467,688,1984,13,-15.6,-22.7,-2.3,"temp"
"2226","CA",53.667,-113.467,688,1984,14,-22,-25,-11.4,"temp"
"2227","CA",53.667,-113.467,688,1984,15,-9.8,-15,-6.9,"temp"
"2228","CA",53.667,-113.467,688,1984,16,-14.3,-19,-6.5,"temp"
"2229","CA",53.667,-113.467,688,1984,17,-23.2,-27,-12.7,"temp"
"2230","CA",53.667,-113.467,688,1984,18,-18.6,-27,-13,"temp"
"2231","CA",53.667,-113.467,688,1984,19,-19.7,-22.1,-13,"temp"
"2232","CA",53.667,-113.467,688,1984,20,-11.6,-21.5,-4.7,"temp"
"2233","CA",53.667,-113.467,688,1984,21,-11.3,-16.7,-4.7,"temp"
"2234","CA",53.667,-113.467,688,1984,22,-7.3,-13.7,-2.4,"temp"
"2235","CA",53.667,-113.467,688,1984,23,0,-10.9,6,"temp"
"2236","CA",53.667,-113.467,688,1984,24,-6,-13,6.4,"temp"
"2237","CA",53.667,-113.467,688,1984,25,-8.4,-12.6,-0.6,"temp"
"2238","CA",53.667,-113.467,688,1984,26,-18.3,-24,-1.7,"temp"
"2239","CA",53.667,-113.467,688,1984,27,1.4,-10,6.5,"temp"
"2240","CA",53.667,-113.467,688,1984,28,3.5,-5.2,7.1,"temp"
"2241","CA",53.667,-113.467,688,1984,29,-1.1,-5,5.6,"temp"
"2242","CA",53.667,-113.467,688,1984,30,0.2,-5,6,"temp"
"2243","CA",53.667,-113.467,688,1984,31,2.7,-2.3,6.2,"temp"
"2244","CA",53.667,-113.467,688,1984,32,1.5,-1,6.7,"temp"
"2245","CA",53.667,-113.467,688,1984,33,0.6,-2.3,5,"temp"
"2246","CA",53.667,-113.467,688,1984,34,-0.2,-3,5.3,"temp"
"2247","CA",53.667,-113.467,688,1984,35,-4.4,-11.5,3.5,"temp"
"2248","CA",53.667,-113.467,688,1984,36,-2.2,-11.6,7,"temp"
"2249","CA",53.667,-113.467,688,1984,37,-0.9,-8.1,8.3,"temp"
"2250","CA",53.667,-113.467,688,1984,38,-0.8,-4.7,4,"temp"
"2251","CA",53.667,-113.467,688,1984,39,1.6,-4,7,"temp"
"2252","CA",53.667,-113.467,688,1984,40,-0.8,-6.2,7.2,"temp"
"2253","CA",53.667,-113.467,688,1984,41,-3.1,-6.4,5,"temp"
"2254","CA",53.667,-113.467,688,1984,42,-1.9,-6.4,5.2,"temp"
"2255","CA",53.667,-113.467,688,1984,43,-2.6,-7,3,"temp"
"2256","CA",53.667,-113.467,688,1984,44,-0.2,-6.9,5,"temp"
"2257","CA",53.667,-113.467,688,1984,45,-1.4,-5.7,5.5,"temp"
"2258","CA",53.667,-113.467,688,1984,46,-2.7,-7.3,4.4,"temp"
"2259","CA",53.667,-113.467,688,1984,47,-3.7,-7.3,1.6,"temp"
"2260","CA",53.667,-113.467,688,1984,48,-4.1,-8.3,1.4,"temp"
"2261","CA",53.667,-113.467,688,1984,49,-4.5,-10.1,3,"temp"
"2262","CA",53.667,-113.467,688,1984,50,-1.3,-10.1,5,"temp"
"2263","CA",53.667,-113.467,688,1984,51,3.1,-4.8,8,"temp"
"2264","CA",53.667,-113.467,688,1984,52,2.1,-1.5,8,"temp"
"2265","CA",53.667,-113.467,688,1984,53,-0.2,-2.2,5.8,"temp"
"2266","CA",53.667,-113.467,688,1984,54,-1.6,-5.5,3,"temp"
"2267","CA",53.667,-113.467,688,1984,55,-3.2,-8,4,"temp"
"2268","CA",53.667,-113.467,688,1984,56,-4.3,-9,1.3,"temp"
"2269","CA",53.667,-113.467,688,1984,57,-4.7,-10.1,-0.8,"temp"
"2270","CA",53.667,-113.467,688,1984,58,-5.1,-10.1,0.2,"temp"
"2271","CA",53.667,-113.467,688,1984,59,-4.8,-9,-1,"temp"
"2272","CA",53.667,-113.467,688,1984,60,-3.1,-8.7,3,"temp"
"2273","CA",53.667,-113.467,688,1984,61,-2.4,-7.1,2.8,"temp"
"2274","CA",53.667,-113.467,688,1984,62,-1.9,-5.3,1,"temp"
"2275","CA",53.667,-113.467,688,1984,63,-1,-4,3,"temp"
"2276","CA",53.667,-113.467,688,1984,64,-2.3,-7.5,3.5,"temp"
"2277","CA",53.667,-113.467,688,1984,65,1.7,-7.5,4,"temp"
"2278","CA",53.667,-113.467,688,1984,66,0.1,-3.3,4.4,"temp"
"2279","CA",53.667,-113.467,688,1984,67,-8.9,-14.2,4.9,"temp"
"2280","CA",53.667,-113.467,688,1984,68,-7.3,-14.2,-4.5,"temp"
"2281","CA",53.667,-113.467,688,1984,69,-5.9,-11.2,6,"temp"
"2282","CA",53.667,-113.467,688,1984,70,-5,-11.2,6.7,"temp"
"2283","CA",53.667,-113.467,688,1984,71,-12.8,-14.3,-10.4,"temp"
"2284","CA",53.667,-113.467,688,1984,72,-14.4,-19.4,-11,"temp"
"2285","CA",53.667,-113.467,688,1984,73,-12.7,-19.4,-9.5,"temp"
"2286","CA",53.667,-113.467,688,1984,74,-14.6,-18.5,-9,"temp"
"2287","CA",53.667,-113.467,688,1984,75,-15.4,-23.1,-9.3,"temp"
"2288","CA",53.667,-113.467,688,1984,76,-10.8,-23.1,-4,"temp"
"2289","CA",53.667,-113.467,688,1984,77,-7.2,-14.2,-2.2,"temp"
"2290","CA",53.667,-113.467,688,1984,78,-4.5,-12.1,5,"temp"
"2291","CA",53.667,-113.467,688,1984,79,3.3,-8.1,7,"temp"
"2292","CA",53.667,-113.467,688,1984,80,2.2,-2.4,8,"temp"
"2293","CA",53.667,-113.467,688,1984,81,3.1,-2.4,8,"temp"
"2294","CA",53.667,-113.467,688,1984,82,2.4,-0.5,11,"temp"
"2295","CA",53.667,-113.467,688,1984,83,5.1,-0.5,11,"temp"
"2296","CA",53.667,-113.467,688,1984,84,4.5,1,11.5,"temp"
"2297","CA",53.667,-113.467,688,1984,85,3.6,-2.8,9.1,"temp"
"2298","CA",53.667,-113.467,688,1984,86,1.5,-2.8,9.1,"temp"
"2299","CA",53.667,-113.467,688,1984,87,0.7,-3.1,9,"temp"
"2300","CA",53.667,-113.467,688,1984,88,4.2,-3.1,9.6,"temp"
"2301","CA",53.667,-113.467,688,1984,89,4.6,-0.5,11,"temp"
"2302","CA",53.667,-113.467,688,1984,90,4.9,-1.2,11.4,"temp"
"2303","CA",53.667,-113.467,688,1984,91,3.3,-3.2,11.5,"temp"
"2304","CA",53.667,-113.467,688,1984,92,4.2,-3.2,10,"temp"
"2305","CA",53.667,-113.467,688,1984,93,4.6,-1.9,11,"temp"
"2306","CA",53.667,-113.467,688,1984,94,5.8,-1.9,11.9,"temp"
"2307","CA",53.667,-113.467,688,1984,95,6.6,-1.4,13,"temp"
"2308","CA",53.667,-113.467,688,1984,96,7.6,-0.2,13.6,"temp"
"2309","CA",53.667,-113.467,688,1984,97,4.9,-1,14,"temp"
"2310","CA",53.667,-113.467,688,1984,98,3.8,-1.2,13,"temp"
"2311","CA",53.667,-113.467,688,1984,99,5.1,-1.2,11.6,"temp"
"2312","CA",53.667,-113.467,688,1984,100,5.2,-2,12.2,"temp"
"2313","CA",53.667,-113.467,688,1984,101,6.5,-1.7,12.6,"temp"
"2314","CA",53.667,-113.467,688,1984,102,5.3,-1,11.5,"temp"
"2315","CA",53.667,-113.467,688,1984,103,5.2,-2,12,"temp"
"2316","CA",53.667,-113.467,688,1984,104,6.4,-1.6,14,"temp"
"2317","CA",53.667,-113.467,688,1984,105,10.7,-0.5,18,"temp"
"2318","CA",53.667,-113.467,688,1984,106,16.1,3.4,26,"temp"
"2319","CA",53.667,-113.467,688,1984,107,17.7,7.6,27.5,"temp"
"2320","CA",53.667,-113.467,688,1984,108,9.3,2,25.4,"temp"
"2321","CA",53.667,-113.467,688,1984,109,5.8,1,13.5,"temp"
"2322","CA",53.667,-113.467,688,1984,110,4.4,1.1,8.9,"temp"
"2323","CA",53.667,-113.467,688,1984,111,6.2,-0.4,17,"temp"
"2324","CA",53.667,-113.467,688,1984,112,13.1,-0.4,19,"temp"
"2325","CA",53.667,-113.467,688,1984,113,11.4,4.9,20.3,"temp"
"2326","CA",53.667,-113.467,688,1984,114,6.8,0.5,14.5,"temp"
"2327","CA",53.667,-113.467,688,1984,115,4.2,-1,12.4,"temp"
"2328","CA",53.667,-113.467,688,1984,116,2.3,-2,7.1,"temp"
"2329","CA",53.667,-113.467,688,1984,117,3,-1.5,7.4,"temp"
"2330","CA",53.667,-113.467,688,1984,118,1.8,-5,9,"temp"
"2331","CA",53.667,-113.467,688,1984,119,4.6,-5,10,"temp"
"2332","CA",53.667,-113.467,688,1984,120,3.2,-4.1,11.1,"temp"
"2333","CA",53.667,-113.467,688,1984,121,5,-4.1,11,"temp"
"2334","CA",53.667,-113.467,688,1984,122,7.4,-1.7,14,"temp"
"2335","CA",53.667,-113.467,688,1984,123,10.3,0.3,15,"temp"
"2336","CA",53.667,-113.467,688,1984,124,8.8,2.6,15.4,"temp"
"2337","CA",53.667,-113.467,688,1984,125,6,2.2,12,"temp"
"2338","CA",53.667,-113.467,688,1984,126,6.7,2,12.2,"temp"
"2339","CA",53.667,-113.467,688,1984,127,5.2,1,12.6,"temp"
"2340","CA",53.667,-113.467,688,1984,128,3.5,-1.2,10,"temp"
"2341","CA",53.667,-113.467,688,1984,129,8.2,-1,14,"temp"
"2342","CA",53.667,-113.467,688,1984,130,6.1,1.6,14.7,"temp"
"2343","CA",53.667,-113.467,688,1984,131,4.3,0.8,9,"temp"
"2344","CA",53.667,-113.467,688,1984,132,4.4,-0.1,11,"temp"
"2345","CA",53.667,-113.467,688,1984,133,7.2,-0.1,12.3,"temp"
"2346","CA",53.667,-113.467,688,1984,134,10.7,2.6,19,"temp"
"2347","CA",53.667,-113.467,688,1984,135,14.3,3.5,19.3,"temp"
"2348","CA",53.667,-113.467,688,1984,136,12,9.1,18.6,"temp"
"2349","CA",53.667,-113.467,688,1984,137,9.7,8.4,13.5,"temp"
"2350","CA",53.667,-113.467,688,1984,138,6.6,3.9,12,"temp"
"2351","CA",53.667,-113.467,688,1984,139,10.9,3.9,17,"temp"
"2352","CA",53.667,-113.467,688,1984,140,12.8,6.6,17.6,"temp"
"2353","CA",53.667,-113.467,688,1984,141,11.6,4.8,18.3,"temp"
"2354","CA",53.667,-113.467,688,1984,142,7.7,4.5,16.3,"temp"
"2355","CA",53.667,-113.467,688,1984,143,7.7,4,13,"temp"
"2356","CA",53.667,-113.467,688,1984,144,8.3,4,13.3,"temp"
"2357","CA",53.667,-113.467,688,1984,145,3.3,0.1,10.1,"temp"
"2358","CA",53.667,-113.467,688,1984,146,7,0.1,13,"temp"
"2359","CA",53.667,-113.467,688,1984,147,9.2,1,15,"temp"
"2360","CA",53.667,-113.467,688,1984,148,9.9,3.4,15.6,"temp"
"2361","CA",53.667,-113.467,688,1984,149,11.7,5.2,20,"temp"
"2362","CA",53.667,-113.467,688,1984,150,15.3,5.2,20.9,"temp"
"2363","CA",53.667,-113.467,688,1984,151,15.3,8.8,20.6,"temp"
"2364","CA",53.667,-113.467,688,1984,152,10.7,5.7,19.3,"temp"
"2365","CA",53.667,-113.467,688,1984,153,9.1,5.7,15,"temp"
"2366","CA",53.667,-113.467,688,1984,154,12.4,6.2,18,"temp"
"2367","CA",53.667,-113.467,688,1984,155,13.7,7.1,19.1,"temp"
"2368","CA",53.667,-113.467,688,1984,156,14.8,7.4,20,"temp"
"2369","CA",53.667,-113.467,688,1984,157,15.1,7.8,21.2,"temp"
"2370","CA",53.667,-113.467,688,1984,158,12.4,11,20.7,"temp"
"2371","CA",53.667,-113.467,688,1984,159,11.3,10,13.7,"temp"
"2372","CA",53.667,-113.467,688,1984,160,11.6,9,15,"temp"
"2373","CA",53.667,-113.467,688,1984,161,9.3,3.9,16.4,"temp"
"2374","CA",53.667,-113.467,688,1984,162,11.3,4.1,18,"temp"
"2375","CA",53.667,-113.467,688,1984,163,15.2,5.8,22,"temp"
"2376","CA",53.667,-113.467,688,1984,164,16.9,7.9,22.9,"temp"
"2377","CA",53.667,-113.467,688,1984,165,16.6,10.9,24,"temp"
"2378","CA",53.667,-113.467,688,1984,166,19.9,11.2,26,"temp"
"2379","CA",53.667,-113.467,688,1984,167,18.1,13,26.7,"temp"
"2380","CA",53.667,-113.467,688,1984,168,15.8,10.2,21.5,"temp"
"2381","CA",53.667,-113.467,688,1984,169,11.2,3.4,18.4,"temp"
"2382","CA",53.667,-113.467,688,1984,170,10.1,3.4,15.8,"temp"
"2383","CA",53.667,-113.467,688,1984,171,9.8,5,16.1,"temp"
"2384","CA",53.667,-113.467,688,1984,172,11.2,4.8,18,"temp"
"2385","CA",53.667,-113.467,688,1984,173,14.9,4.8,21,"temp"
"2386","CA",53.667,-113.467,688,1984,174,16.2,7.6,21.5,"temp"
"2387","CA",53.667,-113.467,688,1984,175,17.5,9.1,24,"temp"
"2388","CA",53.667,-113.467,688,1984,176,18.6,10.4,25.4,"temp"
"2389","CA",53.667,-113.467,688,1984,177,14.3,10.1,25.7,"temp"
"2390","CA",53.667,-113.467,688,1984,178,15.9,8.5,23,"temp"
"2391","CA",53.667,-113.467,688,1984,179,18.9,8.5,24.1,"temp"
"2392","CA",53.667,-113.467,688,1984,180,18.4,12,24,"temp"
"2393","CA",53.667,-113.467,688,1984,181,18.8,12,28,"temp"
"2394","CA",53.667,-113.467,688,1984,182,13.4,8.9,19,"temp"
"2395","CA",53.667,-113.467,688,1984,183,14.4,7.7,19.8,"temp"
"2396","CA",53.667,-113.467,688,1984,184,15.8,7.7,20.8,"temp"
"2397","CA",53.667,-113.467,688,1984,185,15.4,9.4,21,"temp"
"2398","CA",53.667,-113.467,688,1984,186,16.3,9.4,22,"temp"
"2399","CA",53.667,-113.467,688,1984,187,15.6,8.7,24,"temp"
"2400","CA",53.667,-113.467,688,1984,188,13.6,8.7,24.3,"temp"
"2401","CA",53.667,-113.467,688,1984,189,11.3,7.4,16.4,"temp"
"2402","CA",53.667,-113.467,688,1984,190,14.3,7.4,20,"temp"
"2403","CA",53.667,-113.467,688,1984,191,15.3,10.3,20.2,"temp"
"2404","CA",53.667,-113.467,688,1984,192,17.9,10.1,25,"temp"
"2405","CA",53.667,-113.467,688,1984,193,18.1,10.1,26.3,"temp"
"2406","CA",53.667,-113.467,688,1984,194,18.6,10.8,24.5,"temp"
"2407","CA",53.667,-113.467,688,1984,195,14.1,11.8,23.6,"temp"
"2408","CA",53.667,-113.467,688,1984,196,15.7,10.2,21,"temp"
"2409","CA",53.667,-113.467,688,1984,197,17.3,10.2,23,"temp"
"2410","CA",53.667,-113.467,688,1984,198,17.2,9.3,24,"temp"
"2411","CA",53.667,-113.467,688,1984,199,19.5,9.3,25.2,"temp"
"2412","CA",53.667,-113.467,688,1984,200,16.7,9.5,23.9,"temp"
"2413","CA",53.667,-113.467,688,1984,201,14.9,7.9,23.3,"temp"
"2414","CA",53.667,-113.467,688,1984,202,13.9,7.9,20.8,"temp"
"2415","CA",53.667,-113.467,688,1984,203,11.9,7.2,16.4,"temp"
"2416","CA",53.667,-113.467,688,1984,204,12.8,6.5,21,"temp"
"2417","CA",53.667,-113.467,688,1984,205,18.1,6.5,26,"temp"
"2418","CA",53.667,-113.467,688,1984,206,20.4,9.8,28,"temp"
"2419","CA",53.667,-113.467,688,1984,207,22.5,13.2,29,"temp"
"2420","CA",53.667,-113.467,688,1984,208,23.1,14,31,"temp"
"2421","CA",53.667,-113.467,688,1984,209,22.4,14.8,31.5,"temp"
"2422","CA",53.667,-113.467,688,1984,210,21.4,13.8,27.3,"temp"
"2423","CA",53.667,-113.467,688,1984,211,21,13.8,28.7,"temp"
"2424","CA",53.667,-113.467,688,1984,212,21.6,14.7,27,"temp"
"2425","CA",53.667,-113.467,688,1984,213,21.9,13.7,29,"temp"
"2426","CA",53.667,-113.467,688,1984,214,23.2,13.7,29.7,"temp"
"2427","CA",53.667,-113.467,688,1984,215,21.6,14.8,30,"temp"
"2428","CA",53.667,-113.467,688,1984,216,22,14.8,29.4,"temp"
"2429","CA",53.667,-113.467,688,1984,217,20.4,14.6,26,"temp"
"2430","CA",53.667,-113.467,688,1984,218,20.1,12,28,"temp"
"2431","CA",53.667,-113.467,688,1984,219,20.2,12,28.1,"temp"
"2432","CA",53.667,-113.467,688,1984,220,16.7,11.2,23.4,"temp"
"2433","CA",53.667,-113.467,688,1984,221,17.8,11.2,24,"temp"
"2434","CA",53.667,-113.467,688,1984,222,21.2,12.7,30,"temp"
"2435","CA",53.667,-113.467,688,1984,223,20.5,11.3,31.4,"temp"
"2436","CA",53.667,-113.467,688,1984,224,18.2,11.3,25.4,"temp"
"2437","CA",53.667,-113.467,688,1984,225,19.6,12.4,27,"temp"
"2438","CA",53.667,-113.467,688,1984,226,17.8,12.4,29.3,"temp"
"2439","CA",53.667,-113.467,688,1984,227,12.7,9.5,21.7,"temp"
"2440","CA",53.667,-113.467,688,1984,228,14.7,9.1,21,"temp"
"2441","CA",53.667,-113.467,688,1984,229,17,9.1,26,"temp"
"2442","CA",53.667,-113.467,688,1984,230,20.4,9.8,30,"temp"
"2443","CA",53.667,-113.467,688,1984,231,20.5,10.9,31,"temp"
"2444","CA",53.667,-113.467,688,1984,232,13.8,8.6,23.5,"temp"
"2445","CA",53.667,-113.467,688,1984,233,12.4,8.6,20.4,"temp"
"2446","CA",53.667,-113.467,688,1984,234,13.5,6.9,22,"temp"
"2447","CA",53.667,-113.467,688,1984,235,18.2,6.9,27,"temp"
"2448","CA",53.667,-113.467,688,1984,236,19.4,12.9,28.3,"temp"
"2449","CA",53.667,-113.467,688,1984,237,16.1,9,22,"temp"
"2450","CA",53.667,-113.467,688,1984,238,14.7,8.6,23.7,"temp"
"2451","CA",53.667,-113.467,688,1984,239,19.3,8.6,24,"temp"
"2452","CA",53.667,-113.467,688,1984,240,16.1,10,24.5,"temp"
"2453","CA",53.667,-113.467,688,1984,241,9.7,4.5,20.8,"temp"
"2454","CA",53.667,-113.467,688,1984,242,10.6,4.5,17.1,"temp"
"2455","CA",53.667,-113.467,688,1984,243,8.7,1.6,15.4,"temp"
"2456","CA",53.667,-113.467,688,1984,244,11.7,1.6,17,"temp"
"2457","CA",53.667,-113.467,688,1984,245,12.3,6.5,18,"temp"
"2458","CA",53.667,-113.467,688,1984,246,8.6,2.4,15.7,"temp"
"2459","CA",53.667,-113.467,688,1984,247,6.9,2.4,14.6,"temp"
"2460","CA",53.667,-113.467,688,1984,248,9.3,2.5,21,"temp"
"2461","CA",53.667,-113.467,688,1984,249,16.4,11,23,"temp"
"2462","CA",53.667,-113.467,688,1984,250,12.4,9,23.4,"temp"
"2463","CA",53.667,-113.467,688,1984,251,7.1,5,13.5,"temp"
"2464","CA",53.667,-113.467,688,1984,252,4.7,2.9,9,"temp"
"2465","CA",53.667,-113.467,688,1984,253,7.7,2.9,11,"temp"
"2466","CA",53.667,-113.467,688,1984,254,7,4.2,11.4,"temp"
"2467","CA",53.667,-113.467,688,1984,255,7.9,4.2,11,"temp"
"2468","CA",53.667,-113.467,688,1984,256,6.4,4.7,11.8,"temp"
"2469","CA",53.667,-113.467,688,1984,257,7.6,4.7,11,"temp"
"2470","CA",53.667,-113.467,688,1984,258,7.9,2,15,"temp"
"2471","CA",53.667,-113.467,688,1984,259,11.4,2,19,"temp"
"2472","CA",53.667,-113.467,688,1984,260,12.7,5.1,22,"temp"
"2473","CA",53.667,-113.467,688,1984,261,14.4,5.2,22.9,"temp"
"2474","CA",53.667,-113.467,688,1984,262,13.5,7.8,18.6,"temp"
"2475","CA",53.667,-113.467,688,1984,263,9.9,4.3,17.2,"temp"
"2476","CA",53.667,-113.467,688,1984,264,8.3,4.3,15.8,"temp"
"2477","CA",53.667,-113.467,688,1984,265,5.6,4,10.8,"temp"
"2478","CA",53.667,-113.467,688,1984,266,0.9,-0.7,6.1,"temp"
"2479","CA",53.667,-113.467,688,1984,267,0.5,-1.6,3,"temp"
"2480","CA",53.667,-113.467,688,1984,268,1.6,-1.6,4,"temp"
"2481","CA",53.667,-113.467,688,1984,269,0.6,-2.2,4.7,"temp"
"2482","CA",53.667,-113.467,688,1984,270,-0.1,-4.2,4.7,"temp"
"2483","CA",53.667,-113.467,688,1984,271,1.2,-4.7,8,"temp"
"2484","CA",53.667,-113.467,688,1984,272,3.2,-4.7,12,"temp"
"2485","CA",53.667,-113.467,688,1984,273,5.1,-2.8,14,"temp"
"2486","CA",53.667,-113.467,688,1984,274,9.9,4,18,"temp"
"2487","CA",53.667,-113.467,688,1984,275,10.7,3.1,18.4,"temp"
"2488","CA",53.667,-113.467,688,1984,276,11.7,4.3,17.6,"temp"
"2489","CA",53.667,-113.467,688,1984,277,11.8,6.2,18,"temp"
"2490","CA",53.667,-113.467,688,1984,278,12.1,4,22,"temp"
"2491","CA",53.667,-113.467,688,1984,279,13.1,4,22.7,"temp"
"2492","CA",53.667,-113.467,688,1984,280,9.7,3.8,17.3,"temp"
"2493","CA",53.667,-113.467,688,1984,281,11.2,3.6,23,"temp"
"2494","CA",53.667,-113.467,688,1984,282,16.8,12,25,"temp"
"2495","CA",53.667,-113.467,688,1984,283,17,9,25.3,"temp"
"2496","CA",53.667,-113.467,688,1984,284,13.3,7.5,21,"temp"
"2497","CA",53.667,-113.467,688,1984,285,13.7,7.5,22,"temp"
"2498","CA",53.667,-113.467,688,1984,286,9.5,5.9,15.8,"temp"
"2499","CA",53.667,-113.467,688,1984,287,7.6,2.8,13.8,"temp"
"2500","CA",53.667,-113.467,688,1984,288,5.7,2.8,12.3,"temp"
"2501","CA",53.667,-113.467,688,1984,289,2.2,-2.5,8.7,"temp"
"2502","CA",53.667,-113.467,688,1984,290,-1.8,-3.5,5,"temp"
"2503","CA",53.667,-113.467,688,1984,291,-2.6,-4.4,0,"temp"
"2504","CA",53.667,-113.467,688,1984,292,-1.1,-4.4,1,"temp"
"2505","CA",53.667,-113.467,688,1984,293,-0.2,-3.8,1,"temp"
"2506","CA",53.667,-113.467,688,1984,294,-0.8,-2.2,1,"temp"
"2507","CA",53.667,-113.467,688,1984,295,-4.7,-8.3,0.6,"temp"
"2508","CA",53.667,-113.467,688,1984,296,-1.6,-8.3,1,"temp"
"2509","CA",53.667,-113.467,688,1984,297,-0.6,-4,2.4,"temp"
"2510","CA",53.667,-113.467,688,1984,298,-1.8,-4.9,3.1,"temp"
"2511","CA",53.667,-113.467,688,1984,299,0.6,-4.9,5,"temp"
"2512","CA",53.667,-113.467,688,1984,300,-4.9,-9.8,6.4,"temp"
"2513","CA",53.667,-113.467,688,1984,301,-11.7,-14,-0.9,"temp"
"2514","CA",53.667,-113.467,688,1984,302,-14.8,-17,-10,"temp"
"2515","CA",53.667,-113.467,688,1984,303,-17.7,-20.4,-13.1,"temp"
"2516","CA",53.667,-113.467,688,1984,304,-15.7,-20.4,-13.6,"temp"
"2517","CA",53.667,-113.467,688,1984,305,-20,-24.5,-14.4,"temp"
"2518","CA",53.667,-113.467,688,1984,306,-22,-26.5,-17,"temp"
"2519","CA",53.667,-113.467,688,1984,307,-16.6,-26.5,-15,"temp"
"2520","CA",53.667,-113.467,688,1984,308,-14.1,-18.6,-12,"temp"
"2521","CA",53.667,-113.467,688,1984,309,-11.5,-15.2,-9,"temp"
"2522","CA",53.667,-113.467,688,1984,310,-5.9,-14.1,1,"temp"
"2523","CA",53.667,-113.467,688,1984,311,-5.4,-12,1.5,"temp"
"2524","CA",53.667,-113.467,688,1984,312,-6.6,-12,-3,"temp"
"2525","CA",53.667,-113.467,688,1984,313,-6.5,-10,-2.9,"temp"
"2526","CA",53.667,-113.467,688,1984,314,-11,-15.1,-1,"temp"
"2527","CA",53.667,-113.467,688,1984,315,-8.6,-14.7,-4,"temp"
"2528","CA",53.667,-113.467,688,1984,316,-11.3,-14,-3.1,"temp"
"2529","CA",53.667,-113.467,688,1984,317,-10.3,-13.9,-8.4,"temp"
"2530","CA",53.667,-113.467,688,1984,318,-15,-19.7,-9,"temp"
"2531","CA",53.667,-113.467,688,1984,319,-15.6,-20.3,-13,"temp"
"2532","CA",53.667,-113.467,688,1984,320,-12.3,-20.3,-3,"temp"
"2533","CA",53.667,-113.467,688,1984,321,-10.2,-18.1,-2.8,"temp"
"2534","CA",53.667,-113.467,688,1984,322,-15.4,-18.2,-8,"temp"
"2535","CA",53.667,-113.467,688,1984,323,-14.5,-18.2,-10,"temp"
"2536","CA",53.667,-113.467,688,1984,324,-8.2,-18.1,-5,"temp"
"2537","CA",53.667,-113.467,688,1984,325,-7.9,-14.1,0,"temp"
"2538","CA",53.667,-113.467,688,1984,326,-5.6,-12.3,0.6,"temp"
"2539","CA",53.667,-113.467,688,1984,327,-7.1,-10.4,0,"temp"
"2540","CA",53.667,-113.467,688,1984,328,4.1,1,8.3,"temp"
"2541","CA",53.667,-113.467,688,1984,329,0.1,-3.1,8.3,"temp"
"2542","CA",53.667,-113.467,688,1984,330,-8.1,-12.2,2.2,"temp"
"2543","CA",53.667,-113.467,688,1984,331,-10.2,-13.3,-5,"temp"
"2544","CA",53.667,-113.467,688,1984,332,-8.6,-14,-2,"temp"
"2545","CA",53.667,-113.467,688,1984,333,-6.3,-14.4,-1.8,"temp"
"2546","CA",53.667,-113.467,688,1984,334,-10.2,-14.2,-5.1,"temp"
"2547","CA",53.667,-113.467,688,1984,335,-9.9,-13.2,-6.2,"temp"
"2548","CA",53.667,-113.467,688,1984,336,-11.3,-13.3,-8,"temp"
"2549","CA",53.667,-113.467,688,1984,337,-15.6,-20.4,-10.3,"temp"
"2550","CA",53.667,-113.467,688,1984,338,-14.3,-20.4,-10,"temp"
"2551","CA",53.667,-113.467,688,1984,339,-8,-17.8,-4.5,"temp"
"2552","CA",53.667,-113.467,688,1984,340,-11.3,-15.6,-4.4,"temp"
"2553","CA",53.667,-113.467,688,1984,341,-1.8,-15.5,7,"temp"
"2554","CA",53.667,-113.467,688,1984,342,4.1,2,7.3,"temp"
"2555","CA",53.667,-113.467,688,1984,343,1,-1.2,5.8,"temp"
"2556","CA",53.667,-113.467,688,1984,344,-3.3,-7.4,4.7,"temp"
"2557","CA",53.667,-113.467,688,1984,345,-6.2,-19,-0.3,"temp"
"2558","CA",53.667,-113.467,688,1984,346,-20.8,-24.8,-16,"temp"
"2559","CA",53.667,-113.467,688,1984,347,-17.2,-24.8,-15,"temp"
"2560","CA",53.667,-113.467,688,1984,348,-12.5,-20.2,-7,"temp"
"2561","CA",53.667,-113.467,688,1984,349,-4,-14.9,0,"temp"
"2562","CA",53.667,-113.467,688,1984,350,-21.2,-25.6,NA,"temp"
"2563","CA",53.667,-113.467,688,1984,351,-25.3,-27.3,-21.8,"temp"
"2564","CA",53.667,-113.467,688,1984,352,-27.3,-30.2,-23,"temp"
"2565","CA",53.667,-113.467,688,1984,353,-17.1,-30.2,-4,"temp"
"2566","CA",53.667,-113.467,688,1984,354,-4.3,-6,-2.5,"temp"
"2567","CA",53.667,-113.467,688,1984,355,-2.8,-13,0.5,"temp"
"2568","CA",53.667,-113.467,688,1984,356,-23.2,-28.1,-15.1,"temp"
"2569","CA",53.667,-113.467,688,1984,357,-21.9,-28.1,-19.6,"temp"
"2570","CA",53.667,-113.467,688,1984,358,-27.3,-31.2,-19.6,"temp"
"2571","CA",53.667,-113.467,688,1984,359,-22.9,-31.2,-18,"temp"
"2572","CA",53.667,-113.467,688,1984,360,-22.9,-27.1,-17.9,"temp"
"2573","CA",53.667,-113.467,688,1984,361,-26.1,-29.2,-19.5,"temp"
"2574","CA",53.667,-113.467,688,1984,362,-29.8,-31.1,-24.3,"temp"
"2575","CA",53.667,-113.467,688,1984,363,-29.1,-31.1,-27.5,"temp"
"2576","CA",53.667,-113.467,688,1984,364,-31.8,-35.3,-27.5,"temp"
"2577","CA",53.667,-113.467,688,1984,365,-28.6,-35.3,-24,"temp"
"2578","CA",53.667,-113.467,688,1984,366,-22.4,-31.9,-14,"temp"
"2579","MX",25.733,-100.3,515,2022,1,24.7,16.8,34.4,"strop"
"2580","MX",25.733,-100.3,515,2022,3,12,4.2,17.6,"strop"
"2581","MX",25.733,-100.3,515,2022,4,13.6,6.4,22,"strop"
"2582","MX",25.733,-100.3,515,2022,5,19.9,10,30,"strop"
"2583","MX",25.733,-100.3,515,2022,6,21.9,8.8,31,"strop"
"2584","MX",25.733,-100.3,515,2022,7,17.2,11.2,27.2,"strop"
"2585","MX",25.733,-100.3,515,2022,8,14.8,10.2,23,"strop"
"2586","MX",25.733,-100.3,515,2022,9,20.7,13,28.2,"strop"
"2587","MX",25.733,-100.3,515,2022,10,15.7,9.2,29.4,"strop"
"2588","MX",25.733,-100.3,515,2022,11,12.8,11,15.6,"strop"
"2589","MX",25.733,-100.3,515,2022,12,11.7,7,17.6,"strop"
"2590","MX",25.733,-100.3,515,2022,13,17,9.6,26,"strop"
"2591","MX",25.733,-100.3,515,2022,14,19.9,10.8,28.4,"strop"
"2592","MX",25.733,-100.3,515,2022,15,19.2,9.4,29.2,"strop"
"2593","MX",25.733,-100.3,515,2022,16,14.5,7,20.4,"strop"
"2594","MX",25.733,-100.3,515,2022,18,19.9,12.4,27,"strop"
"2595","MX",25.733,-100.3,515,2022,19,22.5,6.2,31.4,"strop"
"2596","MX",25.733,-100.3,515,2022,20,16.2,11,31.6,"strop"
"2597","MX",25.733,-100.3,515,2022,23,7.1,6.4,8.2,"strop"
"2598","MX",25.733,-100.3,515,2022,24,9.4,8,12.4,"strop"
"2599","MX",25.733,-100.3,515,2022,25,15.3,9.2,24.2,"strop"
"2600","MX",25.733,-100.3,515,2022,26,15.5,8.4,25.6,"strop"
"2601","MX",25.733,-100.3,515,2022,27,13.1,8.4,15.8,"strop"
"2602","MX",25.733,-100.3,515,2022,28,12,9,14,"strop"
"2603","MX",25.733,-100.3,515,2022,29,10.4,7,17,"strop"
"2604","MX",25.733,-100.3,515,2022,31,19.7,13.8,27.2,"strop"
"2605","MX",25.733,-100.3,515,2022,32,22.3,11,28.2,"strop"
"2606","MX",25.733,-100.3,515,2022,33,21.4,11,27.8,"strop"
"2607","MX",25.733,-100.3,515,2022,34,16.1,7,25,"strop"
"2608","MX",25.733,-100.3,515,2022,35,4.3,0.6,9.2,"strop"
"2609","MX",25.733,-100.3,515,2022,36,7.6,3,12.8,"strop"
"2610","MX",25.733,-100.3,515,2022,37,10.4,4.6,17.2,"strop"
"2611","MX",25.733,-100.3,515,2022,38,13.5,3.8,20,"strop"
"2612","MX",25.733,-100.3,515,2022,39,13.2,6.6,19.6,"strop"
"2613","MX",25.733,-100.3,515,2022,40,15.3,7,23,"strop"
"2614","MX",25.733,-100.3,515,2022,41,16.6,6.2,24,"strop"
"2615","MX",25.733,-100.3,515,2022,42,18.6,14.2,25,"strop"
"2616","MX",25.733,-100.3,515,2022,43,19.3,12.4,25.8,"strop"
"2617","MX",25.733,-100.3,515,2022,45,14.9,8.2,21.2,"strop"
"2618","MX",25.733,-100.3,515,2022,46,17.6,9,23.8,"strop"
"2619","MX",25.733,-100.3,515,2022,47,18.4,8.2,25.4,"strop"
"2620","MX",25.733,-100.3,515,2022,48,24.6,11.2,30.4,"strop"
"2621","MX",25.733,-100.3,515,2022,49,17.4,9.4,30.4,"strop"
"2622","MX",25.733,-100.3,515,2022,50,15.6,9.2,21.4,"strop"
"2623","MX",25.733,-100.3,515,2022,51,17.3,11,23.6,"strop"
"2624","MX",25.733,-100.3,515,2022,52,24.4,19.4,31,"strop"
"2625","MX",25.733,-100.3,515,2022,53,27.8,18,36.4,"strop"
"2626","MX",25.733,-100.3,515,2022,54,24.4,17.2,37.2,"strop"
"2627","MX",25.733,-100.3,515,2022,55,14.1,7.2,26.2,"strop"
"2628","MX",25.733,-100.3,515,2022,56,13.1,7.2,21.6,"strop"
"2629","MX",25.733,-100.3,515,2022,58,11.2,6.8,19,"strop"
"2630","MX",25.733,-100.3,515,2022,59,16.6,5.8,21.4,"strop"
"2631","MX",25.733,-100.3,515,2022,60,15.9,8.8,23.4,"strop"
"2632","MX",25.733,-100.3,515,2022,61,18.3,8,24.4,"strop"
"2633","MX",25.733,-100.3,515,2022,62,18.8,10.8,24.2,"strop"
"2634","MX",25.733,-100.3,515,2022,63,21.4,15.8,24.2,"strop"
"2635","MX",25.733,-100.3,515,2022,64,23.8,16.2,27.6,"strop"
"2636","MX",25.733,-100.3,515,2022,65,26.6,16.2,31.6,"strop"
"2637","MX",25.733,-100.3,515,2022,66,25.1,18,32.4,"strop"
"2638","MX",25.733,-100.3,515,2022,67,17.4,9.2,23.8,"strop"
"2639","MX",25.733,-100.3,515,2022,68,16.3,9,24,"strop"
"2640","MX",25.733,-100.3,515,2022,69,17.6,10,25.6,"strop"
"2641","MX",25.733,-100.3,515,2022,70,22.9,9.2,29.4,"strop"
"2642","MX",25.733,-100.3,515,2022,71,12.8,8.2,20.4,"strop"
"2643","MX",25.733,-100.3,515,2022,72,13.3,6,20.8,"strop"
"2644","MX",25.733,-100.3,515,2022,73,17.9,5.2,24.6,"strop"
"2645","MX",25.733,-100.3,515,2022,74,23.3,17,30.8,"strop"
"2646","MX",25.733,-100.3,515,2022,75,24,14.6,30.2,"strop"
"2647","MX",25.733,-100.3,515,2022,76,26.8,15.4,36.4,"strop"
"2648","MX",25.733,-100.3,515,2022,77,28.8,14.4,37,"strop"
"2649","MX",25.733,-100.3,515,2022,79,22.2,13.2,30,"strop"
"2650","MX",25.733,-100.3,515,2022,80,24.7,18.2,34.4,"strop"
"2651","MX",25.733,-100.3,515,2022,81,26.5,18,35.6,"strop"
"2652","MX",25.733,-100.3,515,2022,82,20.2,13.4,33.6,"strop"
"2653","MX",25.733,-100.3,515,2022,83,20.8,12.4,28.2,"strop"
"2654","MX",25.733,-100.3,515,2022,84,24.7,13.8,33.4,"strop"
"2655","MX",25.733,-100.3,515,2022,86,26.5,14,34,"strop"
"2656","MX",25.733,-100.3,515,2022,87,25.4,16,32.2,"strop"
"2657","MX",25.733,-100.3,515,2022,88,26.6,17.8,34.4,"strop"
"2658","MX",25.733,-100.3,515,2022,89,29.3,17,35.4,"strop"
"2659","MX",25.733,-100.3,515,2022,90,27.4,18.2,35.6,"strop"
"2660","MX",25.733,-100.3,515,2022,91,24.9,16,32.8,"strop"
"2661","MX",25.733,-100.3,515,2022,93,27.1,19,32,"strop"
"2662","MX",25.733,-100.3,515,2022,94,25.6,20.2,31,"strop"
"2663","MX",25.733,-100.3,515,2022,95,30.7,22.4,39.2,"strop"
"2664","MX",25.733,-100.3,515,2022,96,32.6,20,39.4,"strop"
"2665","MX",25.733,-100.3,515,2022,97,24.8,19,31,"strop"
"2666","MX",25.733,-100.3,515,2022,98,22.7,14.8,29,"strop"
"2667","MX",25.733,-100.3,515,2022,100,31.4,26,36.4,"strop"
"2668","MX",25.733,-100.3,515,2022,101,31.4,19,39,"strop"
"2669","MX",25.733,-100.3,515,2022,102,31.9,19,38.8,"strop"
"2670","MX",25.733,-100.3,515,2022,103,30.7,21,38.2,"strop"
"2671","MX",25.733,-100.3,515,2022,109,24.8,21,28,"strop"
"2672","MX",25.733,-100.3,515,2022,111,26.6,21,31.8,"strop"
"2673","MX",25.733,-100.3,515,2022,112,27.1,22,32.8,"strop"
"2674","MX",25.733,-100.3,515,2022,115,26.2,21,30,"strop"
"2675","MX",25.733,-100.3,515,2022,116,24,18,31,"strop"
"2676","MX",25.733,-100.3,515,2022,117,21.9,18.8,27.4,"strop"
"2677","MX",25.733,-100.3,515,2022,118,23.7,18,28.6,"strop"
"2678","MX",25.733,-100.3,515,2022,119,26.2,18.4,33.6,"strop"
"2679","MX",25.733,-100.3,515,2022,122,26.9,22.2,33.4,"strop"
"2680","MX",25.733,-100.3,515,2022,123,29.3,22.8,37,"strop"
"2681","MX",25.733,-100.3,515,2022,124,29.7,23.6,36,"strop"
"2682","MX",25.733,-100.3,515,2022,125,31.1,24.8,37.2,"strop"
"2683","MX",25.733,-100.3,515,2022,126,32.7,24.8,38.4,"strop"
"2684","MX",25.733,-100.3,515,2022,128,37.1,33.2,40.4,"strop"
"2685","MX",25.733,-100.3,515,2022,129,32.1,24.8,41,"strop"
"2686","MX",25.733,-100.3,515,2022,130,30.1,24.8,36.6,"strop"
"2687","MX",25.733,-100.3,515,2022,131,29.4,24.2,35.4,"strop"
"2688","MX",25.733,-100.3,515,2022,132,29.7,22.6,36.4,"strop"
"2689","MX",25.733,-100.3,515,2022,133,30.6,22,37,"strop"
"2690","MX",25.733,-100.3,515,2022,135,33.5,22.6,37,"strop"
"2691","MX",25.733,-100.3,515,2022,136,32.2,22,39.6,"strop"
"2692","MX",25.733,-100.3,515,2022,137,31.8,22,38.8,"strop"
"2693","MX",25.733,-100.3,515,2022,138,30.9,22.4,39.4,"strop"
"2694","MX",25.733,-100.3,515,2022,139,32,23.4,38.6,"strop"
"2695","MX",25.733,-100.3,515,2022,140,34.8,25.2,42.4,"strop"
"2696","MX",25.733,-100.3,515,2022,142,33.4,24.6,41,"strop"
"2697","MX",25.733,-100.3,515,2022,143,23.9,22,26.2,"strop"
"2698","MX",25.733,-100.3,515,2022,144,23.1,20.6,25.8,"strop"
"2699","MX",25.733,-100.3,515,2022,145,25,22.2,27.2,"strop"
"2700","MX",25.733,-100.3,515,2022,146,28.1,23.4,34.2,"strop"
"2701","MX",25.733,-100.3,515,2022,147,30.6,24.6,35.4,"strop"
"2702","MX",25.733,-100.3,515,2022,149,34.5,31.4,37.6,"strop"
"2703","MX",25.733,-100.3,515,2022,150,33.8,23,37,"strop"
"2704","MX",25.733,-100.3,515,2022,151,32.7,23,38,"strop"
"2705","MX",25.733,-100.3,515,2022,152,29.6,24.4,35.6,"strop"
"2706","MX",25.733,-100.3,515,2022,153,30.4,24.4,37,"strop"
"2707","MX",25.733,-100.3,515,2022,154,31.2,23,36,"strop"
"2708","MX",25.733,-100.3,515,2022,157,32.8,24,41,"strop"
"2709","MX",25.733,-100.3,515,2022,158,34.4,24,42.6,"strop"
"2710","MX",25.733,-100.3,515,2022,159,34.3,23.4,41,"strop"
"2711","MX",25.733,-100.3,515,2022,160,33.8,22.4,39,"strop"
"2712","MX",25.733,-100.3,515,2022,163,37.1,34.4,40,"strop"
"2713","MX",25.733,-100.3,515,2022,164,30.9,24.8,36.2,"strop"
"2714","MX",25.733,-100.3,515,2022,165,32.6,28,38,"strop"
"2715","MX",25.733,-100.3,515,2022,166,31.8,24.6,37,"strop"
"2716","MX",25.733,-100.3,515,2022,167,31.8,24,37.4,"strop"
"2717","MX",25.733,-100.3,515,2022,168,33.9,24,37.4,"strop"
"2718","MX",25.733,-100.3,515,2022,170,31.3,27.2,35.8,"strop"
"2719","MX",25.733,-100.3,515,2022,172,32.8,23.2,37.2,"strop"
"2720","MX",25.733,-100.3,515,2022,175,31.8,23,37.8,"strop"
"2721","MX",25.733,-100.3,515,2022,177,34.2,31,37.4,"strop"
"2722","MX",25.733,-100.3,515,2022,180,28.9,22,34.6,"strop"
"2723","MX",25.733,-100.3,515,2022,181,30.5,25,34.4,"strop"
"2724","MX",25.733,-100.3,515,2022,182,30.8,24.6,38.2,"strop"
"2725","MX",25.733,-100.3,515,2022,185,30.3,24.2,37.8,"strop"
"2726","MX",25.733,-100.3,515,2022,186,32.1,24,38.4,"strop"
"2727","MX",25.733,-100.3,515,2022,188,32.2,24.2,38.2,"strop"
"2728","MX",25.733,-100.3,515,2022,189,32.5,25,39,"strop"
"2729","MX",25.733,-100.3,515,2022,191,37.8,35.2,40.2,"strop"
"2730","MX",25.733,-100.3,515,2022,192,34,26.4,41,"strop"
"2731","MX",25.733,-100.3,515,2022,195,32.1,23.6,40,"strop"
"2732","MX",25.733,-100.3,515,2022,196,31.2,24.4,38.8,"strop"
"2733","MX",25.733,-100.3,515,2022,200,36.6,33.4,38.4,"strop"
"2734","MX",25.733,-100.3,515,2022,201,33.3,25.4,39.4,"strop"
"2735","MX",25.733,-100.3,515,2022,202,33.6,26.2,38.6,"strop"
"2736","MX",25.733,-100.3,515,2022,203,33,27.6,38.6,"strop"
"2737","MX",25.733,-100.3,515,2022,213,29.8,24,38.6,"strop"
"2738","MX",25.733,-100.3,515,2022,214,31.4,23.6,38.6,"strop"
"2739","MX",25.733,-100.3,515,2022,215,32.3,25.2,40,"strop"
"2740","MX",25.733,-100.3,515,2022,217,33.8,25,40,"strop"
"2741","MX",25.733,-100.3,515,2022,219,34.3,30.8,37,"strop"
"2742","MX",25.733,-100.3,515,2022,220,30.4,24.6,37.8,"strop"
"2743","MX",25.733,-100.3,515,2022,221,31.3,25,38.2,"strop"
"2744","MX",25.733,-100.3,515,2022,222,32.8,24.6,38.2,"strop"
"2745","MX",25.733,-100.3,515,2022,223,33.3,24.6,39.6,"strop"
"2746","MX",25.733,-100.3,515,2022,224,36.2,34.4,38,"strop"
"2747","MX",25.733,-100.3,515,2022,226,31.3,27.6,35,"strop"
"2748","MX",25.733,-100.3,515,2022,227,26.8,23.6,32.8,"strop"
"2749","MX",25.733,-100.3,515,2022,228,28.9,25.6,33.4,"strop"
"2750","MX",25.733,-100.3,515,2022,229,30.3,24.6,35.2,"strop"
"2751","MX",25.733,-100.3,515,2022,230,31.6,25.2,35.4,"strop"
"2752","MX",25.733,-100.3,515,2022,231,31.9,25.2,37,"strop"
"2753","MX",25.733,-100.3,515,2022,233,34.6,32.4,36.8,"strop"
"2754","MX",25.733,-100.3,515,2022,234,32.5,25,38.8,"strop"
"2755","MX",25.733,-100.3,515,2022,235,32.1,26,37.4,"strop"
"2756","MX",25.733,-100.3,515,2022,236,32.1,26,37.4,"strop"
"2757","MX",25.733,-100.3,515,2022,237,30.4,25.4,38.8,"strop"
"2758","MX",25.733,-100.3,515,2022,238,28.3,24.6,36.9,"strop"
"2759","MX",25.733,-100.3,515,2022,239,25.7,24,34.8,"strop"
"2760","MX",25.733,-100.3,515,2022,241,30.3,24,37.1,"strop"
"2761","MX",25.733,-100.3,515,2022,242,31.1,25.6,34.6,"strop"
"2762","MX",25.733,-100.3,515,2022,243,27,23,35.7,"strop"
"2763","MX",25.733,-100.3,515,2022,244,28.9,24,32.8,"strop"
"2764","MX",25.733,-100.3,515,2022,245,29.1,24.2,34.4,"strop"
"2765","MX",25.733,-100.3,515,2022,248,22.9,20.8,30,"strop"
"2766","MX",25.733,-100.3,515,2022,249,23.9,21.2,27.6,"strop"
"2767","MX",25.733,-100.3,515,2022,250,26.7,21.8,33.2,"strop"
"2768","MX",25.733,-100.3,515,2022,251,27,20.8,34.4,"strop"
"2769","MX",25.733,-100.3,515,2022,252,30.3,21.4,35.6,"strop"
"2770","MX",25.733,-100.3,515,2022,255,29.5,23,35.2,"strop"
"2771","MX",25.733,-100.3,515,2022,256,29.3,22.8,34.8,"strop"
"2772","MX",25.733,-100.3,515,2022,257,28.8,23.2,33,"strop"
"2773","MX",25.733,-100.3,515,2022,258,27.7,22.8,33.8,"strop"
"2774","MX",25.733,-100.3,515,2022,259,27.4,22.6,31.4,"strop"
"2775","MX",25.733,-100.3,515,2022,262,28.8,23.4,33.2,"strop"
"2776","MX",25.733,-100.3,515,2022,263,28.1,22.8,34,"strop"
"2777","MX",25.733,-100.3,515,2022,264,27.9,23.2,34.4,"strop"
"2778","MX",25.733,-100.3,515,2022,265,29.7,26,34,"strop"
"2779","MX",25.733,-100.3,515,2022,266,28,22.2,34.8,"strop"
"2780","MX",25.733,-100.3,515,2022,267,25.3,22.8,34.4,"strop"
"2781","MX",25.733,-100.3,515,2022,268,27.2,22.8,34.4,"strop"
"2782","MX",25.733,-100.3,515,2022,269,27.4,22.6,31,"strop"
"2783","MX",25.733,-100.3,515,2022,270,23.4,21,32.8,"strop"
"2784","MX",25.733,-100.3,515,2022,271,26.8,24,30.2,"strop"
"2785","MX",25.733,-100.3,515,2022,272,24.7,20,31.4,"strop"
"2786","MX",25.733,-100.3,515,2022,276,23.7,19.8,27.2,"strop"
"2787","MX",25.733,-100.3,515,2022,277,24.2,21.4,26,"strop"
"2788","MX",25.733,-100.3,515,2022,278,23.9,22,28.6,"strop"
"2789","MX",25.733,-100.3,515,2022,279,23.7,21.8,25,"strop"
"2790","MX",25.733,-100.3,515,2022,280,21.6,17,25.4,"strop"
"2791","MX",25.733,-100.3,515,2022,283,24.7,23.6,26.6,"strop"
"2792","MX",25.733,-100.3,515,2022,284,23.1,19.8,26,"strop"
"2793","MX",25.733,-100.3,515,2022,285,26.4,20,33,"strop"
"2794","MX",25.733,-100.3,515,2022,286,29.3,21.6,35,"strop"
"2795","MX",25.733,-100.3,515,2022,287,27.1,21,36.2,"strop"
"2796","MX",25.733,-100.3,515,2022,288,27.1,22.6,31.6,"strop"
"2797","MX",25.733,-100.3,515,2022,291,14.6,14,15.4,"strop"
"2798","MX",25.733,-100.3,515,2022,292,18.3,14.2,22.2,"strop"
"2799","MX",25.733,-100.3,515,2022,293,21.2,17,27.4,"strop"
"2800","MX",25.733,-100.3,515,2022,294,21.2,12,28.8,"strop"
"2801","MX",25.733,-100.3,515,2022,296,23.7,18,31,"strop"
"2802","MX",25.733,-100.3,515,2022,297,26.3,20.6,34,"strop"
"2803","MX",25.733,-100.3,515,2022,298,23.9,19.6,27.8,"strop"
"2804","MX",25.733,-100.3,515,2022,299,21.3,14.2,29.2,"strop"
"2805","MX",25.733,-100.3,515,2022,300,21.3,14.2,27.8,"strop"
"2806","MX",25.733,-100.3,515,2022,301,24.1,15,29.2,"strop"
"2807","MX",25.733,-100.3,515,2022,302,24.5,15,30.2,"strop"
"2808","MX",25.733,-100.3,515,2022,304,20.1,14.8,27.6,"strop"
"2809","MX",25.733,-100.3,515,2022,306,20.9,17.6,25,"strop"
"2810","MX",25.733,-100.3,515,2022,307,22.6,20,28.4,"strop"
"2811","MX",25.733,-100.3,515,2022,308,26.3,21.2,32.4,"strop"
"2812","MX",25.733,-100.3,515,2022,311,26,14.8,32,"strop"
"2813","MX",25.733,-100.3,515,2022,312,24.6,21.4,28.2,"strop"
"2814","MX",25.733,-100.3,515,2022,313,25.3,20.2,27.2,"strop"
"2815","MX",25.733,-100.3,515,2022,314,24.6,20.8,29.4,"strop"
"2816","MX",25.733,-100.3,515,2022,315,25.4,20.8,32.6,"strop"
"2817","MX",25.733,-100.3,515,2022,316,18.1,12.8,28.2,"strop"
"2818","MX",25.733,-100.3,515,2022,319,18.6,10,29.8,"strop"
"2819","MX",25.733,-100.3,515,2022,320,13,10.2,17.4,"strop"
"2820","MX",25.733,-100.3,515,2022,322,10.4,9.4,11.6,"strop"
"2821","MX",25.733,-100.3,515,2022,326,10.7,4,13.2,"strop"
"2822","MX",25.733,-100.3,515,2022,327,14.1,12.2,16.4,"strop"
"2823","MX",25.733,-100.3,515,2022,328,19.9,15.4,27.4,"strop"
"2824","MX",25.733,-100.3,515,2022,329,17.3,14.8,22,"strop"
"2825","MX",25.733,-100.3,515,2022,332,22.9,9,31.4,"strop"
"2826","MX",25.733,-100.3,515,2022,333,24,17.4,32.4,"strop"
"2827","MX",25.733,-100.3,515,2022,334,20.1,15,33,"strop"
"2828","MX",25.733,-100.3,515,2022,335,12.9,10.4,22.4,"strop"
"2829","MX",25.733,-100.3,515,2022,336,15.2,13,22.2,"strop"
"2830","MX",25.733,-100.3,515,2022,337,18.3,12.6,23.2,"strop"
"2831","MX",25.733,-100.3,515,2022,338,18.8,17,21,"strop"
"2832","MX",25.733,-100.3,515,2022,339,21.2,19,26.8,"strop"
"2833","MX",25.733,-100.3,515,2022,340,21.4,17,27.4,"strop"
"2834","MX",25.733,-100.3,515,2022,341,21.4,17,27.8,"strop"
"2835","MX",25.733,-100.3,515,2022,342,20.2,18.2,25,"strop"
"2836","MX",25.733,-100.3,515,2022,343,20.6,17.6,24,"strop"
"2837","MX",25.733,-100.3,515,2022,345,20.6,18.6,26.6,"strop"
"2838","MX",25.733,-100.3,515,2022,347,19.2,15.6,25.2,"strop"
"2839","MX",25.733,-100.3,515,2022,348,21.3,15,32.2,"strop"
"2840","MX",25.733,-100.3,515,2022,353,14.1,9.6,21.4,"strop"
"2841","MX",25.733,-100.3,515,2022,354,15.6,9.8,25.2,"strop"
"2842","MX",25.733,-100.3,515,2022,355,13.1,9,26.2,"strop"
"2843","MX",25.733,-100.3,515,2022,356,14.2,9,24,"strop"
"2844","MX",25.733,-100.3,515,2022,357,7.6,-1.4,23.4,"strop"
"2845","MX",25.733,-100.3,515,2022,358,2.4,-0.4,7.6,"strop"
"2846","MX",25.733,-100.3,515,2022,361,14.2,2.8,25.2,"strop"
"2847","MX",25.733,-100.3,515,2022,362,19.3,11.6,29.6,"strop"
"2848","MX",25.733,-100.3,515,2022,364,19.5,13.4,30.2,"strop"
"2849","MX",25.733,-100.3,515,2022,365,21.6,11.8,27.6,"strop"
"2850","MX",25.733,-100.3,515,2023,3,23.3,15.2,32.6,"strop"
"2851","MX",25.733,-100.3,515,2023,4,23.5,12.6,30,"strop"
"2852","MX",25.733,-100.3,515,2023,5,22.4,11.8,28.6,"strop"
"2853","MX",25.733,-100.3,515,2023,6,21.6,11.8,28.4,"strop"
"2854","MX",25.733,-100.3,515,2023,7,23.2,16.6,29,"strop"
"2855","MX",25.733,-100.3,515,2023,9,21,16,24.6,"strop"
"2856","MX",25.733,-100.3,515,2023,10,20.8,13.6,28,"strop"
"2857","MX",25.733,-100.3,515,2023,11,22.6,15,32.6,"strop"
"2858","MX",25.733,-100.3,515,2023,12,22,14.4,33.2,"strop"
"2859","MX",25.733,-100.3,515,2023,13,16.3,12,21.4,"strop"
"2860","MX",25.733,-100.3,515,2023,14,17.7,12,22,"strop"
"2861","MX",25.733,-100.3,515,2023,16,24.7,16.6,34.2,"strop"
"2862","MX",25.733,-100.3,515,2023,17,25.5,20.2,30,"strop"
"2863","MX",25.733,-100.3,515,2023,18,22.2,15,31,"strop"
"2864","MX",25.733,-100.3,515,2023,19,20.7,15.8,29.2,"strop"
"2865","MX",25.733,-100.3,515,2023,20,17,14.6,22.8,"strop"
"2866","MX",25.733,-100.3,515,2023,21,21.6,18.4,25.4,"strop"
"2867","MX",25.733,-100.3,515,2023,23,16.1,11.6,25.8,"strop"
"2868","MX",25.733,-100.3,515,2023,24,16.9,12.4,24.8,"strop"
"2869","MX",25.733,-100.3,515,2023,25,17.4,9,26.4,"strop"
"2870","MX",25.733,-100.3,515,2023,26,12.6,6,22.2,"strop"
"2871","MX",25.733,-100.3,515,2023,27,10.7,7.8,13.8,"strop"
"2872","MX",25.733,-100.3,515,2023,28,14,8.6,22,"strop"
"2873","MX",25.733,-100.3,515,2023,30,24.3,13.4,31,"strop"
"2874","MX",25.733,-100.3,515,2023,31,13.1,8.8,24.8,"strop"
"2875","MX",25.733,-100.3,515,2023,32,6.1,4,8.4,"strop"
"2876","MX",25.733,-100.3,515,2023,33,8.1,5.4,15.8,"strop"
"2877","MX",25.733,-100.3,515,2023,34,12.3,6.4,19,"strop"
"2878","MX",25.733,-100.3,515,2023,35,12.8,7,21.8,"strop"
"2879","MX",25.733,-100.3,515,2023,36,19.3,10,26.4,"strop"
"2880","MX",25.733,-100.3,515,2023,37,19.2,12.2,29.6,"strop"
"2881","MX",25.733,-100.3,515,2023,38,22.9,14.6,29.8,"strop"
"2882","MX",25.733,-100.3,515,2023,39,21.3,14,31,"strop"
"2883","MX",25.733,-100.3,515,2023,40,19.4,14.8,24.6,"strop"
"2884","MX",25.733,-100.3,515,2023,41,17,11.2,25.6,"strop"
"2885","MX",25.733,-100.3,515,2023,42,12.2,7.6,19.6,"strop"
"2886","MX",25.733,-100.3,515,2023,43,16.8,11.2,22.6,"strop"
"2887","MX",25.733,-100.3,515,2023,44,17.8,11.4,24.4,"strop"
"2888","MX",25.733,-100.3,515,2023,45,23.3,11.2,31.4,"strop"
"2889","MX",25.733,-100.3,515,2023,46,25.8,14,35.8,"strop"
"2890","MX",25.733,-100.3,515,2023,47,22.2,16.6,32.6,"strop"
"2891","MX",25.733,-100.3,515,2023,48,13.3,8.6,25,"strop"
"2892","MX",25.733,-100.3,515,2023,49,12.7,7,18,"strop"
"2893","MX",25.733,-100.3,515,2023,51,21.8,16.2,28.2,"strop"
"2894","MX",25.733,-100.3,515,2023,52,24.9,15.6,32,"strop"
"2895","MX",25.733,-100.3,515,2023,53,28,18.6,35.6,"strop"
"2896","MX",25.733,-100.3,515,2023,61,32.4,21,40,"strop"
"2897","MX",25.733,-100.3,515,2023,62,23.3,18.2,28.6,"strop"
"2898","MX",25.733,-100.3,515,2023,63,21.7,14.4,30.2,"strop"
"2899","MX",25.733,-100.3,515,2023,64,22.4,13.6,31.2,"strop"
"2900","MX",25.733,-100.3,515,2023,65,27.3,21.4,32.2,"strop"
"2901","MX",25.733,-100.3,515,2023,66,25.6,20,33,"strop"
"2902","MX",25.733,-100.3,515,2023,67,24.3,19.2,33,"strop"
"2903","MX",25.733,-100.3,515,2023,68,24.1,18.8,31,"strop"
"2904","MX",25.733,-100.3,515,2023,69,24.4,18.8,29.8,"strop"
"2905","MX",25.733,-100.3,515,2023,70,23.6,19.2,31.4,"strop"
"2906","MX",25.733,-100.3,515,2023,71,27.8,20.8,35.6,"strop"
"2907","MX",25.733,-100.3,515,2023,73,18.4,15.2,22,"strop"
"2908","MX",25.733,-100.3,515,2023,75,24.8,18.4,33.2,"strop"
"2909","MX",25.733,-100.3,515,2023,76,22,16,34.6,"strop"
"2910","MX",25.733,-100.3,515,2023,77,14.1,11.4,22.8,"strop"
"2911","MX",25.733,-100.3,515,2023,78,5.7,5.2,6,"strop"
"2912","MX",25.733,-100.3,515,2023,80,20.1,14.2,29.2,"strop"
"2913","MX",25.733,-100.3,515,2023,81,24.1,16.6,31.4,"strop"
"2914","MX",25.733,-100.3,515,2023,82,27.3,20,34.4,"strop"
"2915","MX",25.733,-100.3,515,2023,83,30.2,20,38.4,"strop"
"2916","MX",25.733,-100.3,515,2023,84,27.7,19.6,39.2,"strop"
"2917","MX",25.733,-100.3,515,2023,85,25.9,20.2,33.4,"strop"
"2918","MX",25.733,-100.3,515,2023,86,28.3,19.6,34.6,"strop"
"2919","MX",25.733,-100.3,515,2023,87,23.9,17.6,30.4,"strop"
"2920","MX",25.733,-100.3,515,2023,89,15.9,13.6,21.2,"strop"
"2921","MX",25.733,-100.3,515,2023,90,22.3,18,31.8,"strop"
"2922","MX",25.733,-100.3,515,2023,93,32.3,26.8,37.8,"strop"
"2923","MX",25.733,-100.3,515,2023,94,30.2,21.2,38.8,"strop"
"2924","MX",25.733,-100.3,515,2023,95,29.1,22,34,"strop"
"2925","MX",25.733,-100.3,515,2023,96,20.4,15.6,29,"strop"
"2926","MX",25.733,-100.3,515,2023,97,14.7,12.8,17.8,"strop"
"2927","MX",25.733,-100.3,515,2023,98,16.6,14.2,20.2,"strop"
"2928","MX",25.733,-100.3,515,2023,99,18.8,16.6,21.2,"strop"
"2929","MX",25.733,-100.3,515,2023,100,20.2,13,22,"strop"
"2930","MX",25.733,-100.3,515,2023,101,20.8,17,26.8,"strop"
"2931","MX",25.733,-100.3,515,2023,151,24.7,22.8,27.4,"strop"
"2932","MX",25.733,-100.3,515,2023,152,27.9,25,31,"strop"
"2933","MX",25.733,-100.3,515,2023,153,26.3,23,32,"strop"
"2934","MX",25.733,-100.3,515,2023,154,25.9,22.8,30,"strop"
"2935","MX",25.733,-100.3,515,2023,156,26.4,21.6,32,"strop"
"2936","MX",25.733,-100.3,515,2023,157,30.1,23.6,33.8,"strop"
"2937","MX",25.733,-100.3,515,2023,158,31,21.8,34.8,"strop"
"2938","MX",25.733,-100.3,515,2023,159,30.1,23,35,"strop"
"2939","MX",25.733,-100.3,515,2023,160,33.2,25.4,38.2,"strop"
"2940","MX",25.733,-100.3,515,2023,161,27.4,25,31.6,"strop"
"2941","MX",25.733,-100.3,515,2023,163,36.2,32.4,37.8,"strop"
"2942","MX",25.733,-100.3,515,2023,164,34.9,26.8,40.8,"strop"
"2943","MX",25.733,-100.3,515,2023,165,35.3,25.8,41.4,"strop"
"2944","MX",25.733,-100.3,515,2023,166,35.9,26,42,"strop"
"2945","MX",25.733,-100.3,515,2023,167,34.7,26.4,41,"strop"
"2946","MX",25.733,-100.3,515,2023,168,31.4,26.4,39.6,"strop"
"2947","MX",25.733,-100.3,515,2023,171,37.8,28.8,43,"strop"
"2948","MX",25.733,-100.3,515,2023,172,38.4,28.4,44,"strop"
"2949","MX",25.733,-100.3,515,2023,173,33.7,26.2,44.8,"strop"
"2950","MX",25.733,-100.3,515,2023,174,34.8,27.4,39.8,"strop"
"2951","MX",25.733,-100.3,515,2023,175,31.7,25.6,40.4,"strop"
"2952","MX",25.733,-100.3,515,2023,177,33.4,25.4,40,"strop"
"2953","MX",25.733,-100.3,515,2023,178,32.9,25.8,39.6,"strop"
"2954","MX",25.733,-100.3,515,2023,179,33.4,25,39.2,"strop"
"2955","MX",25.733,-100.3,515,2023,180,29.1,24.6,39.8,"strop"
"2956","MX",25.733,-100.3,515,2023,181,29.9,25.6,34,"strop"
"2957","MX",25.733,-100.3,515,2023,183,28.3,24.8,33,"strop"
"2958","MX",25.733,-100.3,515,2023,184,32.1,31.6,32.4,"strop"
"2959","MX",25.733,-100.3,515,2023,185,32.8,29.8,36.4,"strop"
"2960","MX",25.733,-100.3,515,2023,186,32.9,23.8,37,"strop"
"2961","MX",25.733,-100.3,515,2023,187,34.1,24.2,37,"strop"
"2962","MX",25.733,-100.3,515,2023,188,30.7,24.4,34,"strop"
"2963","MX",25.733,-100.3,515,2023,190,34.6,31,36.8,"strop"
"2964","MX",25.733,-100.3,515,2023,191,35.5,24.2,37.6,"strop"
"2965","MX",25.733,-100.3,515,2023,192,32.7,26.6,38.4,"strop"
"2966","MX",25.733,-100.3,515,2023,193,33.4,25.4,39.4,"strop"
"2967","MX",25.733,-100.3,515,2023,194,34.4,26,40,"strop"
"2968","MX",25.733,-100.3,515,2023,195,33.2,25.4,40,"strop"
"2969","MX",25.733,-100.3,515,2023,196,29.9,25.4,40,"strop"
"2970","MX",25.733,-100.3,515,2023,197,28.9,25.2,39.8,"strop"
"2971","MX",25.733,-100.3,515,2023,198,32.8,24.8,39,"strop"
"2972","MX",25.733,-100.3,515,2023,199,33.6,24.8,40,"strop"
"2973","MX",25.733,-100.3,515,2023,200,33.9,25,40.2,"strop"
"2974","MX",25.733,-100.3,515,2023,201,33.3,25,40.6,"strop"
"2975","MX",25.733,-100.3,515,2023,202,33.2,24.6,40.2,"strop"
"2976","MX",25.733,-100.3,515,2023,203,33.1,24.6,40,"strop"
"2977","MX",25.733,-100.3,515,2023,204,31.1,25.2,39,"strop"
"2978","MX",25.733,-100.3,515,2023,205,32.6,26.2,37.8,"strop"
"2979","MX",25.733,-100.3,515,2023,206,31.8,24,36.8,"strop"
"2980","MX",25.733,-100.3,515,2023,207,31.9,24.8,38.4,"strop"
"2981","MX",25.733,-100.3,515,2023,208,33.8,24,38.8,"strop"
"2982","MX",25.733,-100.3,515,2023,209,31.5,23.6,39,"strop"
"2983","MX",25.733,-100.3,515,2023,210,30.6,22.6,38,"strop"
"2984","MX",25.733,-100.3,515,2023,212,32.7,26,38.6,"strop"
"2985","MX",25.733,-100.3,515,2023,213,35.4,29.4,39,"strop"
"2986","MX",25.733,-100.3,515,2023,214,33.8,24.4,39.6,"strop"
"2987","MX",25.733,-100.3,515,2023,215,33.3,25.4,39.2,"strop"
"2988","MX",25.733,-100.3,515,2023,216,34.8,26,40.2,"strop"
"2989","MX",25.733,-100.3,515,2023,217,29.1,24.8,35,"strop"
"2990","MX",25.733,-100.3,515,2023,218,31.5,25.6,40.8,"strop"
"2991","MX",25.733,-100.3,515,2023,219,35.8,25.4,40.6,"strop"
"2992","MX",25.733,-100.3,515,2023,220,33.3,25.4,36.2,"strop"
"2993","MX",25.733,-100.3,515,2023,224,34.9,28.2,39.6,"strop"
"2994","MX",25.733,-100.3,515,2023,225,28.2,26.4,30.8,"strop"
"2995","MX",25.733,-100.3,515,2023,226,31.6,26.8,37.8,"strop"
"2996","MX",25.733,-100.3,515,2023,227,29.6,25.6,39.8,"strop"
"2997","MX",25.733,-100.3,515,2023,228,38.1,37,38.2,"strop"
"2998","MX",25.733,-100.3,515,2023,229,36.3,27.4,39.6,"strop"
"2999","MX",25.733,-100.3,515,2023,230,32.9,26.4,40.4,"strop"
"3000","MX",25.733,-100.3,515,2023,231,31.6,26.4,36.4,"strop"
"3001","MX",25.733,-100.3,515,2023,232,32.4,25.4,36.2,"strop"
"3002","MX",25.733,-100.3,515,2023,233,32.6,25.4,36.6,"strop"
"3003","MX",25.733,-100.3,515,2023,234,30.6,27.4,35.8,"strop"
"3004","MX",25.733,-100.3,515,2023,235,30.4,26,33.8,"strop"
"3005","MX",25.733,-100.3,515,2023,236,32.6,24.4,36.6,"strop"
"3006","MX",25.733,-100.3,515,2023,237,33.9,26.2,37.6,"strop"
"3007","MX",25.733,-100.3,515,2023,238,32.9,26,36.6,"strop"
"3008","MX",25.733,-100.3,515,2023,239,32.7,25.4,38,"strop"
"3009","MX",25.733,-100.3,515,2023,240,35.3,26.8,39.8,"strop"
"3010","MX",25.733,-100.3,515,2023,241,33.9,26,41,"strop"
"3011","MX",25.733,-100.3,515,2023,242,31.1,25.2,37.8,"strop"
"3012","MX",25.733,-100.3,515,2023,243,34.3,25.4,39,"strop"
"3013","MX",25.733,-100.3,515,2023,244,34.2,25,40,"strop"
"3014","MX",25.733,-100.3,515,2023,246,34.9,24.8,39,"strop"
"3015","MX",25.733,-100.3,515,2023,247,34.4,24.8,39,"strop"
"3016","MX",25.733,-100.3,515,2023,248,33.3,26.2,40.4,"strop"
"3017","MX",25.733,-100.3,515,2023,249,33.7,26.2,41,"strop"
"3018","MX",25.733,-100.3,515,2023,250,33.8,27.4,38.2,"strop"
"3019","MX",25.733,-100.3,515,2023,251,33.3,26.4,39.2,"strop"
"3020","MX",25.733,-100.3,515,2023,252,28.8,25.4,37.6,"strop"
"3021","MX",25.733,-100.3,515,2023,253,36,25,40,"strop"
"3022","MX",25.733,-100.3,515,2023,254,33.9,25,40.6,"strop"
"3023","MX",25.733,-100.3,515,2023,255,34.6,25,39.8,"strop"
"3024","MX",25.733,-100.3,515,2023,256,32.6,25.2,39,"strop"
"3025","MX",25.733,-100.3,515,2023,257,33.5,25.2,38.8,"strop"
"3026","MX",25.733,-100.3,515,2023,258,34.6,25.6,39.6,"strop"
"3027","MX",25.733,-100.3,515,2023,260,30.6,22.2,36,"strop"
"3028","MX",25.733,-100.3,515,2023,261,26.6,23,36,"strop"
"3029","MX",25.733,-100.3,515,2023,262,28.4,23,36,"strop"
"3030","MX",25.733,-100.3,515,2023,263,31.2,23.8,37,"strop"
"3031","MX",25.733,-100.3,515,2023,264,31.5,24,37.8,"strop"
"3032","MX",25.733,-100.3,515,2023,265,31.7,24,37.6,"strop"
"3033","MX",25.733,-100.3,515,2023,268,33.1,25.4,39.6,"strop"
"3034","MX",25.733,-100.3,515,2023,269,31.7,24.6,38.4,"strop"
"3035","MX",25.733,-100.3,515,2023,270,32.1,24.6,37,"strop"
"3036","MX",25.733,-100.3,515,2023,271,25.6,21.4,38.2,"strop"
"3037","MX",25.733,-100.3,515,2023,272,28.5,21.4,36.4,"strop"
"3038","MX",25.733,-100.3,515,2023,274,30.8,24,35.4,"strop"
"3039","MX",25.733,-100.3,515,2023,275,29.6,22.4,34.8,"strop"
"3040","MX",25.733,-100.3,515,2023,276,30,24.4,33,"strop"
"3041","MX",25.733,-100.3,515,2023,277,30,24.8,34.2,"strop"
"3042","MX",25.733,-100.3,515,2023,278,29.6,23.4,33.6,"strop"
"3043","MX",25.733,-100.3,515,2023,279,22.9,21.4,24.2,"strop"
"3044","MX",25.733,-100.3,515,2023,280,21.4,19.8,24.2,"strop"
"3045","MX",25.733,-100.3,515,2023,281,18.6,16.8,24.8,"strop"
"3046","MX",25.733,-100.3,515,2023,282,19.9,17.6,23.2,"strop"
"3047","MX",25.733,-100.3,515,2023,283,20.3,16.6,24.8,"strop"
"3048","MX",25.733,-100.3,515,2023,284,19.9,18.8,21.2,"strop"
"3049","MX",25.733,-100.3,515,2023,285,26.4,20.2,32.4,"strop"
"3050","MX",25.733,-100.3,515,2023,286,29.6,22.4,35.8,"strop"
"3051","MX",25.733,-100.3,515,2023,288,18.1,17.6,26.2,"strop"
"3052","MX",25.733,-100.3,515,2023,289,21.8,19,24.4,"strop"
"3053","MX",25.733,-100.3,515,2023,290,18.8,14.6,26,"strop"
"3054","MX",25.733,-100.3,515,2023,291,18.4,14.4,27.4,"strop"
"3055","MX",25.733,-100.3,515,2023,292,21.4,17.4,29.8,"strop"
"3056","MX",25.733,-100.3,515,2023,293,24.4,19.4,32.2,"strop"
"3057","MX",25.733,-100.3,515,2023,294,25.7,19.6,33.4,"strop"
"3058","MX",25.733,-100.3,515,2023,295,25.6,19.6,32.6,"strop"
"3059","MX",25.733,-100.3,515,2023,296,24.3,21.6,30.2,"strop"
"3060","MX",25.733,-100.3,515,2023,297,24.8,22.8,29.2,"strop"
"3061","MX",25.733,-100.3,515,2023,298,26.2,23.4,32,"strop"
"3062","MX",25.733,-100.3,515,2023,299,25.1,23.4,30.8,"strop"
"3063","MX",25.733,-100.3,515,2023,300,25.6,23,29.6,"strop"
"3064","MX",25.733,-100.3,515,2023,301,25.1,21.4,30.4,"strop"
"3065","MX",25.733,-100.3,515,2023,302,24.6,21,30.6,"strop"
"3066","MX",25.733,-100.3,515,2023,303,10.4,8.2,NA,"strop"
"3067","MX",25.733,-100.3,515,2023,304,8.9,7.6,11.8,"strop"
"3068","MX",25.733,-100.3,515,2023,305,13.8,11.2,18,"strop"
"3069","MX",25.733,-100.3,515,2023,306,11.4,8.8,18.8,"strop"
"3070","MX",25.733,-100.3,515,2023,307,17.1,13,24.6,"strop"
"3071","MX",25.733,-100.3,515,2023,308,18.5,13,26.4,"strop"
"3072","MX",25.733,-100.3,515,2023,309,21.8,16,28.2,"strop"
"3073","MX",25.733,-100.3,515,2023,310,22.6,15,29.2,"strop"
"3074","MX",25.733,-100.3,515,2023,311,24.2,19,30,"strop"
"3075","MX",25.733,-100.3,515,2023,312,26.6,19.4,31.4,"strop"
"3076","MX",25.733,-100.3,515,2023,313,24.3,18.8,32.2,"strop"
"3077","MX",25.733,-100.3,515,2023,314,20.6,16,25.4,"strop"
"3078","MX",25.733,-100.3,515,2023,315,14.5,13.8,20.6,"strop"
"3079","MX",25.733,-100.3,515,2023,316,14.7,13,16,"strop"
"3080","MX",25.733,-100.3,515,2023,317,16.1,13,17.4,"strop"
"3081","MX",25.733,-100.3,515,2023,318,15.6,14,18,"strop"
"3082","MX",25.733,-100.3,515,2023,319,16.4,15.4,18.6,"strop"
"3083","MX",25.733,-100.3,515,2023,320,16.4,15.4,17.8,"strop"
"3084","MX",25.733,-100.3,515,2023,321,20.4,15,28.8,"strop"
"3085","MX",25.733,-100.3,515,2023,322,20.9,15,31.4,"strop"
"3086","MX",25.733,-100.3,515,2023,323,19.9,18.2,23.2,"strop"
"3087","MX",25.733,-100.3,515,2023,324,22.9,18,32,"strop"
"3088","MX",25.733,-100.3,515,2023,325,18.4,16,24.4,"strop"
"3089","MX",25.733,-100.3,515,2023,326,14.6,13.6,16.6,"strop"
"3090","MX",25.733,-100.3,515,2023,327,11.6,9.8,15.6,"strop"
"3091","MX",25.733,-100.3,515,2023,328,13.7,9,21,"strop"
"3092","MX",25.733,-100.3,515,2023,329,16.9,15.4,20,"strop"
"3093","MX",25.733,-100.3,515,2023,330,18.3,16.8,20.2,"strop"
"3094","MX",25.733,-100.3,515,2023,331,12.2,8.4,21.4,"strop"
"3095","MX",25.733,-100.3,515,2023,332,9.8,8,14,"strop"
"3096","MX",25.733,-100.3,515,2023,333,11.1,8,13,"strop"
"3097","MX",25.733,-100.3,515,2023,334,18.6,12.2,27,"strop"
"3098","MX",25.733,-100.3,515,2023,335,18.1,12,28,"strop"
"3099","MX",25.733,-100.3,515,2023,336,19.1,14.4,25.2,"strop"
"3100","MX",25.733,-100.3,515,2023,337,19,14,26,"strop"
"3101","MX",25.733,-100.3,515,2023,338,18.6,15,24.6,"strop"
"3102","MX",25.733,-100.3,515,2023,339,19.6,14,26,"strop"
"3103","MX",25.733,-100.3,515,2023,340,17.7,14,24,"strop"
"3104","MX",25.733,-100.3,515,2023,341,17.1,16,21,"strop"
"3105","MX",25.733,-100.3,515,2023,342,20.9,14.4,30.6,"strop"
"3106","MX",25.733,-100.3,515,2023,343,23.1,17,32,"strop"
"3107","MX",25.733,-100.3,515,2023,344,17.2,10.6,26,"strop"
"3108","MX",25.733,-100.3,515,2023,345,14.9,10,19,"strop"
"3109","MX",25.733,-100.3,515,2023,346,13.7,8.6,19,"strop"
"3110","MX",25.733,-100.3,515,2023,347,14.9,9.2,17.6,"strop"
"3111","MX",25.733,-100.3,515,2023,348,17,16.2,19,"strop"
"3112","MX",25.733,-100.3,515,2023,349,17.8,16.4,20.4,"strop"
"3113","MX",25.733,-100.3,515,2023,350,18.7,15.8,23,"strop"
"3114","MX",25.733,-100.3,515,2023,351,16.6,10.6,24,"strop"
"3115","MX",25.733,-100.3,515,2023,352,17.7,10,25,"strop"
"3116","MX",25.733,-100.3,515,2023,353,16.2,11.4,25,"strop"
"3117","MX",25.733,-100.3,515,2023,354,15.2,11,21.4,"strop"
"3118","MX",25.733,-100.3,515,2023,355,17.3,14.2,21.2,"strop"
"3119","MX",25.733,-100.3,515,2023,356,18.2,14,23,"strop"
"3120","MX",25.733,-100.3,515,2023,357,18.2,16.6,21.6,"strop"
"3121","MX",25.733,-100.3,515,2023,358,20.7,15.8,27.4,"strop"
"3122","MX",25.733,-100.3,515,2023,359,18.7,14.6,28.4,"strop"
"3123","MX",25.733,-100.3,515,2023,360,14.4,12.2,19,"strop"
"3124","MX",25.733,-100.3,515,2023,361,16.9,10.4,22.4,"strop"
"3125","MX",25.733,-100.3,515,2023,362,16,9.8,23.4,"strop"
"3126","MX",25.733,-100.3,515,2023,363,14.5,8.4,20.6,"strop"
"3127","MX",25.733,-100.3,515,2023,364,13.2,8.2,21.8,"strop"
"3128","MX",25.733,-100.3,515,2023,365,14.2,9.4,24.6,"strop"
"3129","MX",25.733,-100.3,515,2024,2,15.8,8.6,25,"strop"
"3130","MX",25.733,-100.3,515,2024,3,15.6,11.8,21,"strop"
"3131","MX",25.733,-100.3,515,2024,4,12.5,8.4,22.2,"strop"
"3132","MX",25.733,-100.3,515,2024,5,12.7,8,20.2,"strop"
"3133","MX",25.733,-100.3,515,2024,6,15.8,9.4,24,"strop"
"3134","MX",25.733,-100.3,515,2024,7,15.7,9.4,23.4,"strop"
"3135","MX",25.733,-100.3,515,2024,8,19.9,13.2,30,"strop"
"3136","MX",25.733,-100.3,515,2024,9,15.1,9.8,31,"strop"
"3137","MX",25.733,-100.3,515,2024,10,12.8,7.4,21.6,"strop"
"3138","MX",25.733,-100.3,515,2024,11,15.4,7.4,29,"strop"
"3139","MX",25.733,-100.3,515,2024,12,19.9,10.2,31,"strop"
"3140","MX",25.733,-100.3,515,2024,13,14.4,9.2,26,"strop"
"3141","MX",25.733,-100.3,515,2024,14,16.1,9.4,24.8,"strop"
"3142","MX",25.733,-100.3,515,2024,15,13.4,1.1,26,"strop"
"3143","MX",25.733,-100.3,515,2024,16,2.8,-2.4,7.4,"strop"
"3144","MX",25.733,-100.3,515,2024,17,3.3,-0.6,9.4,"strop"
"3145","MX",25.733,-100.3,515,2024,18,7.7,-1,21.2,"strop"
"3146","MX",25.733,-100.3,515,2024,19,16.4,3.8,29,"strop"
"3147","MX",25.733,-100.3,515,2024,20,10.7,7.8,23.8,"strop"
"3148","MX",25.733,-100.3,515,2024,21,6.5,5,9,"strop"
"3149","MX",25.733,-100.3,515,2024,22,13.9,8,21.6,"strop"
"3150","MX",25.733,-100.3,515,2024,23,18.4,15,23.2,"strop"
"3151","MX",25.733,-100.3,515,2024,24,19.3,14.4,24.8,"strop"
"3152","MX",25.733,-100.3,515,2024,25,17.3,15,23.2,"strop"
"3153","MX",25.733,-100.3,515,2024,26,19.1,15,26,"strop"
"3154","MX",25.733,-100.3,515,2024,27,20.7,16,28,"strop"
"3155","MX",25.733,-100.3,515,2024,28,18.2,11.4,25,"strop"
"3156","MX",25.733,-100.3,515,2024,29,16.3,9.2,23.8,"strop"
"3157","MX",25.733,-100.3,515,2024,30,17.8,9.2,23.8,"strop"
"3158","MX",25.733,-100.3,515,2024,31,18.5,12.2,23.6,"strop"
"3159","MX",25.733,-100.3,515,2024,32,20,14.8,25.2,"strop"
"3160","MX",25.733,-100.3,515,2024,33,23.8,15.6,32,"strop"
"3161","MX",25.733,-100.3,515,2024,34,24.9,15,33,"strop"
"3162","MX",25.733,-100.3,515,2024,35,18.9,14.2,30.4,"strop"
"3163","MX",25.733,-100.3,515,2024,36,20.3,14,29,"strop"
"3164","MX",25.733,-100.3,515,2024,37,23.2,14,26.4,"strop"
"3165","MX",25.733,-100.3,515,2024,38,18.3,10.8,25,"strop"
"3166","MX",25.733,-100.3,515,2024,39,19.1,14.6,27.2,"strop"
"3167","MX",25.733,-100.3,515,2024,40,20.2,14,28.4,"strop"
"3168","MX",25.733,-100.3,515,2024,41,23.1,16.6,30,"strop"
"3169","MX",25.733,-100.3,515,2024,42,21.4,16.6,28.8,"strop"
"3170","MX",25.733,-100.3,515,2024,43,21.3,19.6,22.6,"strop"
"3171","MX",25.733,-100.3,515,2024,44,16.2,6.6,23.6,"strop"
"3172","MX",25.733,-100.3,515,2024,45,17.9,12.6,22,"strop"
"3173","MX",25.733,-100.3,515,2024,46,17.2,13,21.4,"strop"
"3174","MX",25.733,-100.3,515,2024,47,17.3,14,20,"strop"
"3175","MX",25.733,-100.3,515,2024,48,13.5,10,17.6,"strop"
"3176","MX",25.733,-100.3,515,2024,49,9.4,6.8,14.8,"strop"
"3177","MX",25.733,-100.3,515,2024,50,12.5,6.4,24.4,"strop"
"3178","MX",25.733,-100.3,515,2024,51,18.8,12,29.8,"strop"
"3179","MX",25.733,-100.3,515,2024,52,21.9,11.2,30.8,"strop"
"3180","MX",25.733,-100.3,515,2024,53,25.3,17.2,36,"strop"
"3181","MX",25.733,-100.3,515,2024,54,22.4,20,25.2,"strop"
"3182","MX",25.733,-100.3,515,2024,55,20.1,15,27,"strop"
"3183","MX",25.733,-100.3,515,2024,56,21.6,15.2,32,"strop"
"3184","MX",25.733,-100.3,515,2024,57,25.7,18.2,35.6,"strop"
"3185","MX",25.733,-100.3,515,2024,58,28.9,20.6,38.4,"strop"
"3186","MX",25.733,-100.3,515,2024,59,26.9,17.8,39.4,"strop"
"3187","MX",25.733,-100.3,515,2024,60,17.1,12.6,26.4,"strop"
"3188","MX",25.733,-100.3,515,2024,61,16.3,11.2,26.4,"strop"
"3189","MX",25.733,-100.3,515,2024,62,21.3,14,30.6,"strop"
"3190","MX",25.733,-100.3,515,2024,63,23.3,13.2,31.8,"strop"
"3191","MX",25.733,-100.3,515,2024,64,25.8,17,32.2,"strop"
"3192","MX",25.733,-100.3,515,2024,65,25.2,19.4,34,"strop"
"3193","MX",25.733,-100.3,515,2024,66,23.1,18.6,35.2,"strop"
"3194","MX",25.733,-100.3,515,2024,67,21.4,21.2,22,"strop"
"3195","MX",25.733,-100.3,515,2024,68,23.2,18.4,32.6,"strop"
"3196","MX",25.733,-100.3,515,2024,69,18.8,15.4,22.2,"strop"
"3197","MX",25.733,-100.3,515,2024,70,16.2,13,23.4,"strop"
"3198","MX",25.733,-100.3,515,2024,71,18.4,13.2,23.2,"strop"
"3199","MX",25.733,-100.3,515,2024,72,20.6,17.4,28.2,"strop"
"3200","MX",25.733,-100.3,515,2024,73,25.6,18.2,34,"strop"
"3201","MX",25.733,-100.3,515,2024,74,24.1,17,36.4,"strop"
"3202","MX",25.733,-100.3,515,2024,75,25.6,17,36.2,"strop"
"3203","MX",25.733,-100.3,515,2024,76,20.5,20.2,21.6,"strop"
"3204","MX",25.733,-100.3,515,2024,77,24.5,20.6,29.2,"strop"
"3205","MX",25.733,-100.3,515,2024,78,16.4,14.4,25.8,"strop"
"3206","MX",25.733,-100.3,515,2024,79,13.4,11,22,"strop"
"3207","MX",25.733,-100.3,515,2024,80,15.8,13.2,21.6,"strop"
"3208","MX",25.733,-100.3,515,2024,81,21.2,16,27.8,"strop"
"3209","MX",25.733,-100.3,515,2024,82,21.5,15,30,"strop"
"3210","MX",25.733,-100.3,515,2024,83,21.4,15,32.8,"strop"
"3211","MX",25.733,-100.3,515,2024,84,20.6,17,29,"strop"
"3212","MX",25.733,-100.3,515,2024,85,27.8,16.8,33,"strop"
"3213","MX",25.733,-100.3,515,2024,86,21.8,16.4,33.4,"strop"
"3214","MX",25.733,-100.3,515,2024,87,17.5,15.2,28.4,"strop"
"3215","MX",25.733,-100.3,515,2024,92,33.1,31.8,33.8,"strop"
"3216","MX",25.733,-100.3,515,2024,93,30.4,23,35,"strop"
"3217","MX",25.733,-100.3,515,2024,94,22.4,17,30,"strop"
"3218","MX",25.733,-100.3,515,2024,95,23.4,17,29.6,"strop"
"3219","MX",25.733,-100.3,515,2024,96,23.5,16,31.4,"strop"
"3220","MX",25.733,-100.3,515,2024,97,25.5,18.2,36.2,"strop"
"3221","MX",25.733,-100.3,515,2024,98,27.2,17.6,37,"strop"
"3222","MX",25.733,-100.3,515,2024,99,26.1,21,33.4,"strop"
"3223","MX",25.733,-100.3,515,2024,100,28.2,23.2,35.6,"strop"
"3224","MX",25.733,-100.3,515,2024,101,27.1,18.6,36.4,"strop"
"3225","MX",25.733,-100.3,515,2024,102,26,18.4,33,"strop"
"3226","MX",25.733,-100.3,515,2024,103,24.3,17.8,32,"strop"
"3227","MX",25.733,-100.3,515,2024,104,23.6,17.2,31.8,"strop"
"3228","MX",25.733,-100.3,515,2024,105,25.5,19,34.2,"strop"
"3229","MX",25.733,-100.3,515,2024,106,25.2,18.2,35.4,"strop"
"3230","MX",25.733,-100.3,515,2024,107,28.2,23,35,"strop"
"3231","MX",25.733,-100.3,515,2024,108,28.7,23,35,"strop"
"3232","MX",25.733,-100.3,515,2024,109,27.6,23.4,34,"strop"
"3233","MX",25.733,-100.3,515,2024,110,27.9,22.4,33,"strop"
"3234","MX",25.733,-100.3,515,2024,111,26.6,22,34,"strop"
"3235","MX",25.733,-100.3,515,2024,112,22.5,16,30.6,"strop"
"3236","MX",25.733,-100.3,515,2024,113,15.3,14.8,17,"strop"
"3237","MX",25.733,-100.3,515,2024,114,21.9,15,26,"strop"
"3238","MX",25.733,-100.3,515,2024,115,25.6,22,29.8,"strop"
"3239","MX",25.733,-100.3,515,2024,116,27.9,22.4,31.6,"strop"
"3240","MX",25.733,-100.3,515,2024,118,29.6,23.8,35.4,"strop"
"3241","MX",25.733,-100.3,515,2024,119,28.9,23.2,36,"strop"
"3242","MX",25.733,-100.3,515,2024,120,29.4,23.2,35,"strop"
"3243","MX",25.733,-100.3,515,2024,121,27.2,23.6,34.6,"strop"
"3244","MX",25.733,-100.3,515,2024,123,30.5,25,40,"strop"
"3245","MX",25.733,-100.3,515,2024,124,30.4,24,41.4,"strop"
"3246","MX",25.733,-100.3,515,2024,125,28.6,24,34.6,"strop"
"3247","MX",25.733,-100.3,515,2024,126,29.2,24,34.2,"strop"
"3248","MX",25.733,-100.3,515,2024,127,27.7,24,35.4,"strop"
"3249","MX",25.733,-100.3,515,2024,128,33.2,26.4,39.6,"strop"
"3250","MX",25.733,-100.3,515,2024,129,29.5,25.2,41,"strop"
"3251","MX",25.733,-100.3,515,2024,130,35.4,25.2,42.8,"strop"
"3252","MX",25.733,-100.3,515,2024,131,34.6,26.2,44.8,"strop"
"3253","MX",25.733,-100.3,515,2024,132,27,23.8,32,"strop"
"3254","MX",25.733,-100.3,515,2024,133,28.7,23.6,33.6,"strop"
"3255","MX",25.733,-100.3,515,2024,134,30.7,25.4,39.8,"strop"
"3256","MX",25.733,-100.3,515,2024,135,29.7,24.6,41.4,"strop"
"3257","MX",25.733,-100.3,515,2024,136,28.6,23,36.2,"strop"
"3258","MX",25.733,-100.3,515,2024,137,30.6,25.4,38.4,"strop"
"3259","MX",25.733,-100.3,515,2024,138,29.6,23,40,"strop"
"3260","MX",25.733,-100.3,515,2024,139,26.1,23,32.2,"strop"
"3261","MX",25.733,-100.3,515,2024,140,31.9,24.2,39.6,"strop"
"3262","MX",25.733,-100.3,515,2024,141,31.8,25,40,"strop"
"3263","MX",25.733,-100.3,515,2024,142,31.4,25,40.2,"strop"
"3264","MX",25.733,-100.3,515,2024,143,32.5,27,40,"strop"
"3265","MX",25.733,-100.3,515,2024,144,33.6,26,41,"strop"
"3266","MX",25.733,-100.3,515,2024,145,34.6,27,43,"strop"
"3267","MX",25.733,-100.3,515,2024,146,33.9,27,45,"strop"
"3268","MX",25.733,-100.3,515,2024,147,31.9,27,41,"strop"
"3269","MX",25.733,-100.3,515,2024,148,33,27,44,"strop"
"3270","MX",25.733,-100.3,515,2024,149,30.5,24.8,39,"strop"
"3271","MX",25.733,-100.3,515,2024,150,28.1,21.2,40,"strop"
"3272","MX",25.733,-100.3,515,2024,151,28.9,21.2,35.8,"strop"
"3273","MX",25.733,-100.3,515,2024,152,29.9,24.6,37,"strop"
"3274","MX",25.733,-100.3,515,2024,153,30.1,26,35.8,"strop"
"3275","MX",25.733,-100.3,515,2024,154,30.4,26,36,"strop"
"3276","MX",25.733,-100.3,515,2024,155,30.9,26.6,36,"strop"
"3277","MX",25.733,-100.3,515,2024,156,31.8,26,37.8,"strop"
"3278","MX",25.733,-100.3,515,2024,157,32.8,25,42.6,"strop"
"3279","MX",25.733,-100.3,515,2024,158,31.8,24,43.2,"strop"
"3280","MX",25.733,-100.3,515,2024,159,28.9,22,37.2,"strop"
"3281","MX",25.733,-100.3,515,2024,160,29.6,23,37.2,"strop"
"3282","MX",25.733,-100.3,515,2024,161,30.3,25,36,"strop"
"3283","MX",25.733,-100.3,515,2024,162,28.6,25,36.8,"strop"
"3284","MX",25.733,-100.3,515,2024,163,31.2,25.2,38.4,"strop"
"3285","MX",25.733,-100.3,515,2024,164,31.7,24.8,40,"strop"
"3286","MX",25.733,-100.3,515,2024,165,31.9,25.2,38.2,"strop"
"3287","MX",25.733,-100.3,515,2024,166,31.4,25.2,38.6,"strop"
"3288","MX",25.733,-100.3,515,2024,167,31,24.6,38.6,"strop"
"3289","MX",25.733,-100.3,515,2024,168,30.6,24.6,38.2,"strop"
"3290","MX",25.733,-100.3,515,2024,169,30.6,24.6,39,"strop"
"3291","MX",25.733,-100.3,515,2024,170,30.6,25,38.8,"strop"
"3292","MX",25.733,-100.3,515,2024,171,28.4,25,36.2,"strop"
"3293","MX",25.733,-100.3,515,2024,172,23.9,23,31,"strop"
"3294","MX",25.733,-100.3,515,2024,173,24.2,22.2,35.4,"strop"
"3295","MX",25.733,-100.3,515,2024,174,23.7,22,26,"strop"
"3296","MX",25.733,-100.3,515,2024,175,24.2,22.4,28.2,"strop"
"3297","MX",25.733,-100.3,515,2024,176,25.3,23,31,"strop"
"3298","MX",25.733,-100.3,515,2024,177,30.9,27.8,33.8,"strop"
"3299","MX",25.733,-100.3,515,2024,178,32.2,25.2,34.4,"strop"
"3300","MX",25.733,-100.3,515,2024,179,29.5,25.4,34.6,"strop"
"3301","MX",25.733,-100.3,515,2024,180,28.9,25.6,34,"strop"
"3302","MX",25.733,-100.3,515,2024,181,29.7,25,35,"strop"
"3303","MX",25.733,-100.3,515,2024,182,25.9,22.7,34,"strop"
"3304","MX",25.733,-100.3,515,2024,183,25.3,22.2,29.4,"strop"
"3305","MX",25.733,-100.3,515,2024,184,26,22,30.2,"strop"
"3306","MX",25.733,-100.3,515,2024,185,28.1,24.4,34.2,"strop"
"3307","MX",25.733,-100.3,515,2024,186,29.1,25,33.8,"strop"
"3308","MX",25.733,-100.3,515,2024,187,28.9,24.6,34,"strop"
"3309","MX",25.733,-100.3,515,2024,188,29.9,25,35,"strop"
"3310","MX",25.733,-100.3,515,2024,189,29.9,25,35.8,"strop"
"3311","MX",25.733,-100.3,515,2024,190,31.2,25,36.6,"strop"
"3312","MX",25.733,-100.3,515,2024,191,30.7,25,37,"strop"
"3313","MX",25.733,-100.3,515,2024,192,28.5,25.2,33.8,"strop"
"3314","MX",25.733,-100.3,515,2024,193,27.1,23.8,31.6,"strop"
"3315","MX",25.733,-100.3,515,2024,194,25.1,22.6,32.8,"strop"
"3316","MX",25.733,-100.3,515,2024,195,25.2,23.2,29.6,"strop"
"3317","MX",25.733,-100.3,515,2024,196,28.1,23,32.6,"strop"
"3318","MX",25.733,-100.3,515,2024,197,28.7,24.4,33.6,"strop"
"3319","MX",25.733,-100.3,515,2024,198,28.1,23.8,34.2,"strop"
"3320","MX",25.733,-100.3,515,2024,199,27.9,24.8,31.2,"strop"
"3321","MX",25.733,-100.3,515,2024,200,27,23,33,"strop"
"3322","MX",25.733,-100.3,515,2024,201,27.7,24.2,33.8,"strop"
"3323","MX",25.733,-100.3,515,2024,202,28.5,25,33,"strop"
"3324","MX",25.733,-100.3,515,2024,203,29.5,24.8,34.2,"strop"
"3325","MX",25.733,-100.3,515,2024,204,28.1,24,33,"strop"
"3326","MX",25.733,-100.3,515,2024,205,27.9,23.4,33.6,"strop"
"3327","MX",25.733,-100.3,515,2024,206,27.2,23.4,34,"strop"
"3328","MX",25.733,-100.3,515,2024,207,25.3,23.6,28.2,"strop"
"3329","MX",25.733,-100.3,515,2024,208,25.4,23,34,"strop"
"3330","MX",25.733,-100.3,515,2024,209,26.6,23,31.6,"strop"
"3331","MX",25.733,-100.3,515,2024,210,26.5,24,33.2,"strop"
"3332","MX",25.733,-100.3,515,2024,211,28.2,25,33.6,"strop"
"3333","MX",25.733,-100.3,515,2024,212,28.3,24.4,33.8,"strop"
"3334","MX",25.733,-100.3,515,2024,213,28.3,24.4,35,"strop"
"3335","MX",25.733,-100.3,515,2024,214,28.2,21.9,33.4,"strop"
"3336","MX",25.733,-100.3,515,2024,215,26.7,24.4,34.4,"strop"
"3337","MX",25.733,-100.3,515,2024,216,29.8,24.8,35.2,"strop"
"3338","MX",25.733,-100.3,515,2024,217,30.9,24.4,36.2,"strop"
"3339","MX",25.733,-100.3,515,2024,218,31.5,24.6,36.8,"strop"
"3340","MX",25.733,-100.3,515,2024,219,30.1,24.6,35.6,"strop"
"3341","MX",25.733,-100.3,515,2024,220,31.5,26.2,37.4,"strop"
"3342","MX",25.733,-100.3,515,2024,221,32.9,27.2,38.6,"strop"
"3343","MX",25.733,-100.3,515,2024,222,31.4,26,39.6,"strop"
"3344","MX",25.733,-100.3,515,2024,223,28.8,24.4,34,"strop"
"3345","MX",25.733,-100.3,515,2024,224,28.1,24,35,"strop"
"3346","MX",25.733,-100.3,515,2024,226,28.9,23.8,36,"strop"
"3347","MX",25.733,-100.3,515,2024,227,29.6,24.6,34.4,"strop"
"3348","MX",25.733,-100.3,515,2024,228,29.9,25.2,34.2,"strop"
"3349","MX",25.733,-100.3,515,2024,229,30.6,25.4,34.8,"strop"
"3350","MX",25.733,-100.3,515,2024,230,30.2,25.4,35.4,"strop"
"3351","MX",25.733,-100.3,515,2024,231,32.3,24.8,36,"strop"
"3352","MX",25.733,-100.3,515,2024,232,29.4,25.2,34,"strop"
"3353","MX",25.733,-100.3,515,2024,233,30.4,24.8,36.2,"strop"
"3354","MX",25.733,-100.3,515,2024,234,31.8,25.6,37.8,"strop"
"3355","MX",25.733,-100.3,515,2024,235,32.4,24.8,38.8,"strop"
"3356","MX",25.733,-100.3,515,2024,236,31.4,25.6,38.6,"strop"
"3357","MX",25.733,-100.3,515,2024,237,31.1,24.6,36,"strop"
"3358","MX",25.733,-100.3,515,2024,238,30.5,25,34.6,"strop"
"3359","MX",25.733,-100.3,515,2024,239,30.3,25,35.6,"strop"
"3360","MX",25.733,-100.3,515,2024,240,29.4,24.6,35.4,"strop"
"3361","MX",25.733,-100.3,515,2024,241,27.4,23.6,34.2,"strop"
"3362","MX",25.733,-100.3,515,2024,242,30.6,25,33.8,"strop"
"3363","MX",25.733,-100.3,515,2024,243,29.2,25,35.4,"strop"
"3364","MX",25.733,-100.3,515,2024,244,28.6,25.8,33.6,"strop"
"3365","MX",25.733,-100.3,515,2024,245,28.1,24.6,30.2,"strop"
"3366","MX",25.733,-100.3,515,2024,246,27.4,24,31.4,"strop"
"3367","MX",25.733,-100.3,515,2024,247,26.7,23.6,32.4,"strop"
"3368","MX",25.733,-100.3,515,2024,248,26.5,23.6,33.2,"strop"
"3369","MX",25.733,-100.3,515,2024,249,24.6,23,32.4,"strop"
"3370","MX",25.733,-100.3,515,2024,250,24.7,23,31,"strop"
"3371","MX",25.733,-100.3,515,2024,251,25.9,22,30.2,"strop"
"3372","MX",25.733,-100.3,515,2024,252,25.6,21.8,30,"strop"
"3373","MX",25.733,-100.3,515,2024,253,25.8,21.2,28.6,"strop"
"3374","MX",25.733,-100.3,515,2024,254,26.8,24,31.4,"strop"
"3375","MX",25.733,-100.3,515,2024,255,27.9,24.2,33,"strop"
"3376","MX",25.733,-100.3,515,2024,256,28.2,24,34.4,"strop"
"3377","MX",25.733,-100.3,515,2024,257,28.7,26,32.2,"strop"
"3378","MX",25.733,-100.3,515,2024,258,28.2,25.8,31.4,"strop"
"3379","MX",25.733,-100.3,515,2024,259,25.7,22.2,29,"strop"
"3380","MX",25.733,-100.3,515,2024,260,23.9,21.8,28.4,"strop"
"3381","MX",25.733,-100.3,515,2024,261,25.3,23.6,30.2,"strop"
"3382","MX",25.733,-100.3,515,2024,262,26.6,24.4,30,"strop"
"3383","MX",25.733,-100.3,515,2024,263,28.3,25.4,33.4,"strop"
"3384","MX",25.733,-100.3,515,2024,264,28.8,26,33.4,"strop"
"3385","MX",25.733,-100.3,515,2024,265,27.3,24.8,33.4,"strop"
"3386","MX",25.733,-100.3,515,2024,266,27.9,24.4,32.4,"strop"
"3387","MX",25.733,-100.3,515,2024,267,28.8,24.6,32.6,"strop"
"3388","MX",25.733,-100.3,515,2024,268,28.3,24,33.6,"strop"
"3389","MX",25.733,-100.3,515,2024,269,29.3,22.6,35,"strop"
"3390","MX",25.733,-100.3,515,2024,270,27.6,23.4,32,"strop"
"3391","MX",25.733,-100.3,515,2024,271,25.3,22,30.8,"strop"
"3392","MX",25.733,-100.3,515,2024,272,25.7,21,33,"strop"
"3393","MX",25.733,-100.3,515,2024,273,27.9,21,35,"strop"
"3394","MX",25.733,-100.3,515,2024,274,29.8,21.8,34.8,"strop"
"3395","MX",25.733,-100.3,515,2024,275,30.6,21.8,35.6,"strop"
"3396","MX",25.733,-100.3,515,2024,276,32.3,30.8,33.2,"strop"
"3397","MX",25.733,-100.3,515,2024,277,28.7,21,34.2,"strop"
"3398","MX",25.733,-100.3,515,2024,278,27.4,21.8,34,"strop"
"3399","MX",25.733,-100.3,515,2024,279,23,21,31.2,"strop"
"3400","MX",25.733,-100.3,515,2024,280,26.2,21.4,30,"strop"
"3401","MX",25.733,-100.3,515,2024,281,25.5,22.4,28.6,"strop"
"3402","MX",25.733,-100.3,515,2024,282,27,20,32,"strop"
"3403","MX",25.733,-100.3,515,2024,283,28.9,20,33,"strop"
"3404","MX",25.733,-100.3,515,2024,284,28.1,19,34,"strop"
"3405","MX",25.733,-100.3,515,2024,285,28.4,19,33,"strop"
"3406","MX",25.733,-100.3,515,2024,286,26.7,19,32.4,"strop"
"3407","MX",25.733,-100.3,515,2024,287,22.8,18,32.6,"strop"
"3408","MX",25.733,-100.3,515,2024,288,26.3,19,33.4,"strop"
"3409","MX",25.733,-100.3,515,2024,289,24.8,18,34,"strop"
"3410","MX",25.733,-100.3,515,2024,290,24.3,19,33.6,"strop"
"3411","MX",25.733,-100.3,515,2024,291,21.3,18,32,"strop"
"3412","MX",25.733,-100.3,515,2024,292,20.3,19,22.8,"strop"
"3413","MX",25.733,-100.3,515,2024,293,21.3,18.6,23.4,"strop"
"3414","MX",25.733,-100.3,515,2024,294,21.8,20.2,25,"strop"
"3415","MX",25.733,-100.3,515,2024,295,21.8,20,29,"strop"
"3416","MX",25.733,-100.3,515,2024,296,24.3,21.2,27.6,"strop"
"3417","MX",25.733,-100.3,515,2024,297,25,21.2,29.2,"strop"
"3418","MX",25.733,-100.3,515,2024,298,23.9,19,30.6,"strop"
"3419","MX",25.733,-100.3,515,2024,299,24,18,30.2,"strop"
"3420","MX",25.733,-100.3,515,2024,300,23.8,18,31.6,"strop"
"3421","MX",25.733,-100.3,515,2024,301,21.7,19,31,"strop"
"3422","MX",25.733,-100.3,515,2024,302,22.8,18,31,"strop"
"3423","MX",25.733,-100.3,515,2024,303,22.8,18,30,"strop"
"3424","MX",25.733,-100.3,515,2024,304,24.6,21.4,30.6,"strop"
"3425","MX",25.733,-100.3,515,2024,305,23.9,20.2,31.8,"strop"
"3426","MX",25.733,-100.3,515,2024,306,24.8,23.2,28.2,"strop"
"3427","MX",25.733,-100.3,515,2024,307,27,23,29.8,"strop"
"3428","MX",25.733,-100.3,515,2024,308,26.7,22.2,30.6,"strop"
"3429","MX",25.733,-100.3,515,2024,309,26.1,22.4,33.8,"strop"
"3430","MX",25.733,-100.3,515,2024,310,25.1,20.8,30.2,"strop"
"3431","MX",25.733,-100.3,515,2024,311,21.8,16.8,29,"strop"
"3432","MX",25.733,-100.3,515,2024,312,24.5,18.8,30,"strop"
"3433","MX",25.733,-100.3,515,2024,313,26.6,23.2,30.4,"strop"
"3434","MX",25.733,-100.3,515,2024,314,22.2,18.4,27.6,"strop"
"3435","MX",25.733,-100.3,515,2024,315,21,19.4,24.8,"strop"
"3436","MX",25.733,-100.3,515,2024,316,23.2,19.8,26.6,"strop"
"3437","MX",25.733,-100.3,515,2024,317,23.1,19.4,28,"strop"
"3438","MX",25.733,-100.3,515,2024,318,24.7,21,31.6,"strop"
"3439","MX",25.733,-100.3,515,2024,319,24,20,28,"strop"
"3440","MX",25.733,-100.3,515,2024,320,21.6,17.8,25,"strop"
"3441","MX",25.733,-100.3,515,2024,321,22.4,18.6,26,"strop"
"3442","MX",25.733,-100.3,515,2024,322,22.3,19.8,26,"strop"
"3443","MX",25.733,-100.3,515,2024,327,19.9,14,26,"strop"
"3444","MX",25.733,-100.3,515,2024,328,20.6,13,27.4,"strop"
"3445","MX",25.733,-100.3,515,2024,329,21.4,15.8,27.2,"strop"
"3446","MX",25.733,-100.3,515,2024,330,23.1,17,31.4,"strop"
"3447","MX",25.733,-100.3,515,2024,331,19.7,16.2,32,"strop"
"3448","MX",25.733,-100.3,515,2024,332,19.3,14.6,29.8,"strop"
"3449","MX",25.733,-100.3,515,2024,333,20.7,14,31,"strop"
"3450","MX",25.733,-100.3,515,2024,334,15.3,13.2,18.8,"strop"
"3451","MX",25.733,-100.3,515,2024,337,18,16.6,19.6,"strop"
"3452","MX",25.733,-100.3,515,2024,338,13.7,13,15,"strop"
"3453","MX",25.733,-100.3,515,2024,339,15.3,12.8,19,"strop"
"3454","MX",25.733,-100.3,515,2024,340,17.1,15.2,20.8,"strop"
"3455","MX",25.733,-100.3,515,2024,341,15.1,13.4,17.6,"strop"
"3456","MX",25.733,-100.3,515,2024,342,11.8,9.4,13.4,"strop"
"3457","MX",25.733,-100.3,515,2024,343,12.1,9,15.4,"strop"
"3458","MX",25.733,-100.3,515,2024,344,21.4,14.6,28,"strop"
"3459","MX",25.733,-100.3,515,2024,345,20.6,14.6,31.2,"strop"
"3460","MX",25.733,-100.3,515,2024,346,12.8,8.8,17.6,"strop"
"3461","MX",25.733,-100.3,515,2024,347,12.4,7.6,19.4,"strop"
"3462","MX",25.733,-100.3,515,2024,348,15.4,11.8,22.7,"strop"
"3463","MX",25.733,-100.3,515,2024,349,17.4,11,24.4,"strop"
"3464","MX",25.733,-100.3,515,2024,350,24.3,21.4,26.6,"strop"
"3465","MX",25.733,-100.3,515,2024,351,22.4,13,27,"strop"
"3466","MX",25.733,-100.3,515,2024,352,21.6,17,25,"strop"
"3467","MX",25.733,-100.3,515,2024,353,23.3,18,25.6,"strop"
"3468","MX",25.733,-100.3,515,2024,354,21.3,18,27,"strop"
"3469","MX",25.733,-100.3,515,2024,355,17.9,15,23.8,"strop"
"3470","MX",25.733,-100.3,515,2024,356,15.9,14.9,17.2,"strop"
"3471","MX",25.733,-100.3,515,2024,357,17.3,14.4,19,"strop"
"3472","MX",25.733,-100.3,515,2024,358,23.6,17,25.2,"strop"
"3473","MX",25.733,-100.3,515,2024,359,21.8,15.7,27.2,"strop"
"3474","MX",25.733,-100.3,515,2024,360,23.7,22.6,24.6,"strop"
"3475","MX",25.733,-100.3,515,2024,361,23.2,18,29.6,"strop"
"3476","MX",25.733,-100.3,515,2024,362,22.6,14,30.6,"strop"
"3477","MX",25.733,-100.3,515,2024,363,23.9,16,31.8,"strop"
"3478","MX",25.733,-100.3,515,2024,364,23.3,15,29.2,"strop"
"3479","MX",25.733,-100.3,515,2024,365,24.1,15,32.8,"strop"
"3480","MX",25.733,-100.3,515,2024,366,25.4,13.8,34,"strop"
"3481","MX",25.733,-100.3,515,2022,1,24.7,16.8,34.4,"strop"
"3482","MX",25.733,-100.3,515,2022,3,12,4.2,17.6,"strop"
"3483","MX",25.733,-100.3,515,2022,4,13.6,6.4,22,"strop"
"3484","MX",25.733,-100.3,515,2022,5,19.9,10,30,"strop"
"3485","MX",25.733,-100.3,515,2022,6,21.9,8.8,31,"strop"
"3486","MX",25.733,-100.3,515,2022,7,17.2,11.2,27.2,"strop"
"3487","MX",25.733,-100.3,515,2022,8,14.8,10.2,23,"strop"
"3488","MX",25.733,-100.3,515,2022,9,20.7,13,28.2,"strop"
"3489","MX",25.733,-100.3,515,2022,10,15.7,9.2,29.4,"strop"
"3490","MX",25.733,-100.3,515,2022,11,12.8,11,15.6,"strop"
"3491","MX",25.733,-100.3,515,2022,12,11.7,7,17.6,"strop"
"3492","MX",25.733,-100.3,515,2022,13,17,9.6,26,"strop"
"3493","MX",25.733,-100.3,515,2022,14,19.9,10.8,28.4,"strop"
"3494","MX",25.733,-100.3,515,2022,15,19.2,9.4,29.2,"strop"
"3495","MX",25.733,-100.3,515,2022,16,14.5,7,20.4,"strop"
"3496","MX",25.733,-100.3,515,2022,18,19.9,12.4,27,"strop"
"3497","MX",25.733,-100.3,515,2022,19,22.5,6.2,31.4,"strop"
"3498","MX",25.733,-100.3,515,2022,20,16.2,11,31.6,"strop"
"3499","MX",25.733,-100.3,515,2022,23,7.1,6.4,8.2,"strop"
"3500","MX",25.733,-100.3,515,2022,24,9.4,8,12.4,"strop"
"3501","MX",25.733,-100.3,515,2022,25,15.3,9.2,24.2,"strop"
"3502","MX",25.733,-100.3,515,2022,26,15.5,8.4,25.6,"strop"
"3503","MX",25.733,-100.3,515,2022,27,13.1,8.4,15.8,"strop"
"3504","MX",25.733,-100.3,515,2022,28,12,9,14,"strop"
"3505","MX",25.733,-100.3,515,2022,29,10.4,7,17,"strop"
"3506","MX",25.733,-100.3,515,2022,31,19.7,13.8,27.2,"strop"
"3507","MX",25.733,-100.3,515,2022,32,22.3,11,28.2,"strop"
"3508","MX",25.733,-100.3,515,2022,33,21.4,11,27.8,"strop"
"3509","MX",25.733,-100.3,515,2022,34,16.1,7,25,"strop"
"3510","MX",25.733,-100.3,515,2022,35,4.3,0.6,9.2,"strop"
"3511","MX",25.733,-100.3,515,2022,36,7.6,3,12.8,"strop"
"3512","MX",25.733,-100.3,515,2022,37,10.4,4.6,17.2,"strop"
"3513","MX",25.733,-100.3,515,2022,38,13.5,3.8,20,"strop"
"3514","MX",25.733,-100.3,515,2022,39,13.2,6.6,19.6,"strop"
"3515","MX",25.733,-100.3,515,2022,40,15.3,7,23,"strop"
"3516","MX",25.733,-100.3,515,2022,41,16.6,6.2,24,"strop"
"3517","MX",25.733,-100.3,515,2022,42,18.6,14.2,25,"strop"
"3518","MX",25.733,-100.3,515,2022,43,19.3,12.4,25.8,"strop"
"3519","MX",25.733,-100.3,515,2022,45,14.9,8.2,21.2,"strop"
"3520","MX",25.733,-100.3,515,2022,46,17.6,9,23.8,"strop"
"3521","MX",25.733,-100.3,515,2022,47,18.4,8.2,25.4,"strop"
"3522","MX",25.733,-100.3,515,2022,48,24.6,11.2,30.4,"strop"
"3523","MX",25.733,-100.3,515,2022,49,17.4,9.4,30.4,"strop"
"3524","MX",25.733,-100.3,515,2022,50,15.6,9.2,21.4,"strop"
"3525","MX",25.733,-100.3,515,2022,51,17.3,11,23.6,"strop"
"3526","MX",25.733,-100.3,515,2022,52,24.4,19.4,31,"strop"
"3527","MX",25.733,-100.3,515,2022,53,27.8,18,36.4,"strop"
"3528","MX",25.733,-100.3,515,2022,54,24.4,17.2,37.2,"strop"
"3529","MX",25.733,-100.3,515,2022,55,14.1,7.2,26.2,"strop"
"3530","MX",25.733,-100.3,515,2022,56,13.1,7.2,21.6,"strop"
"3531","MX",25.733,-100.3,515,2022,58,11.2,6.8,19,"strop"
"3532","MX",25.733,-100.3,515,2022,59,16.6,5.8,21.4,"strop"
"3533","MX",25.733,-100.3,515,2022,60,15.9,8.8,23.4,"strop"
"3534","MX",25.733,-100.3,515,2022,61,18.3,8,24.4,"strop"
"3535","MX",25.733,-100.3,515,2022,62,18.8,10.8,24.2,"strop"
"3536","MX",25.733,-100.3,515,2022,63,21.4,15.8,24.2,"strop"
"3537","MX",25.733,-100.3,515,2022,64,23.8,16.2,27.6,"strop"
"3538","MX",25.733,-100.3,515,2022,65,26.6,16.2,31.6,"strop"
"3539","MX",25.733,-100.3,515,2022,66,25.1,18,32.4,"strop"
"3540","MX",25.733,-100.3,515,2022,67,17.4,9.2,23.8,"strop"
"3541","MX",25.733,-100.3,515,2022,68,16.3,9,24,"strop"
"3542","MX",25.733,-100.3,515,2022,69,17.6,10,25.6,"strop"
"3543","MX",25.733,-100.3,515,2022,70,22.9,9.2,29.4,"strop"
"3544","MX",25.733,-100.3,515,2022,71,12.8,8.2,20.4,"strop"
"3545","MX",25.733,-100.3,515,2022,72,13.3,6,20.8,"strop"
"3546","MX",25.733,-100.3,515,2022,73,17.9,5.2,24.6,"strop"
"3547","MX",25.733,-100.3,515,2022,74,23.3,17,30.8,"strop"
"3548","MX",25.733,-100.3,515,2022,75,24,14.6,30.2,"strop"
"3549","MX",25.733,-100.3,515,2022,76,26.8,15.4,36.4,"strop"
"3550","MX",25.733,-100.3,515,2022,77,28.8,14.4,37,"strop"
"3551","MX",25.733,-100.3,515,2022,79,22.2,13.2,30,"strop"
"3552","MX",25.733,-100.3,515,2022,80,24.7,18.2,34.4,"strop"
"3553","MX",25.733,-100.3,515,2022,81,26.5,18,35.6,"strop"
"3554","MX",25.733,-100.3,515,2022,82,20.2,13.4,33.6,"strop"
"3555","MX",25.733,-100.3,515,2022,83,20.8,12.4,28.2,"strop"
"3556","MX",25.733,-100.3,515,2022,84,24.7,13.8,33.4,"strop"
"3557","MX",25.733,-100.3,515,2022,86,26.5,14,34,"strop"
"3558","MX",25.733,-100.3,515,2022,87,25.4,16,32.2,"strop"
"3559","MX",25.733,-100.3,515,2022,88,26.6,17.8,34.4,"strop"
"3560","MX",25.733,-100.3,515,2022,89,29.3,17,35.4,"strop"
"3561","MX",25.733,-100.3,515,2022,90,27.4,18.2,35.6,"strop"
"3562","MX",25.733,-100.3,515,2022,91,24.9,16,32.8,"strop"
"3563","MX",25.733,-100.3,515,2022,93,27.1,19,32,"strop"
"3564","MX",25.733,-100.3,515,2022,94,25.6,20.2,31,"strop"
"3565","MX",25.733,-100.3,515,2022,95,30.7,22.4,39.2,"strop"
"3566","MX",25.733,-100.3,515,2022,96,32.6,20,39.4,"strop"
"3567","MX",25.733,-100.3,515,2022,97,24.8,19,31,"strop"
"3568","MX",25.733,-100.3,515,2022,98,22.7,14.8,29,"strop"
"3569","MX",25.733,-100.3,515,2022,100,31.4,26,36.4,"strop"
"3570","MX",25.733,-100.3,515,2022,101,31.4,19,39,"strop"
"3571","MX",25.733,-100.3,515,2022,102,31.9,19,38.8,"strop"
"3572","MX",25.733,-100.3,515,2022,103,30.7,21,38.2,"strop"
"3573","MX",25.733,-100.3,515,2022,109,24.8,21,28,"strop"
"3574","MX",25.733,-100.3,515,2022,111,26.6,21,31.8,"strop"
"3575","MX",25.733,-100.3,515,2022,112,27.1,22,32.8,"strop"
"3576","MX",25.733,-100.3,515,2022,115,26.2,21,30,"strop"
"3577","MX",25.733,-100.3,515,2022,116,24,18,31,"strop"
"3578","MX",25.733,-100.3,515,2022,117,21.9,18.8,27.4,"strop"
"3579","MX",25.733,-100.3,515,2022,118,23.7,18,28.6,"strop"
"3580","MX",25.733,-100.3,515,2022,119,26.2,18.4,33.6,"strop"
"3581","MX",25.733,-100.3,515,2022,122,26.9,22.2,33.4,"strop"
"3582","MX",25.733,-100.3,515,2022,123,29.3,22.8,37,"strop"
"3583","MX",25.733,-100.3,515,2022,124,29.7,23.6,36,"strop"
"3584","MX",25.733,-100.3,515,2022,125,31.1,24.8,37.2,"strop"
"3585","MX",25.733,-100.3,515,2022,126,32.7,24.8,38.4,"strop"
"3586","MX",25.733,-100.3,515,2022,128,37.1,33.2,40.4,"strop"
"3587","MX",25.733,-100.3,515,2022,129,32.1,24.8,41,"strop"
"3588","MX",25.733,-100.3,515,2022,130,30.1,24.8,36.6,"strop"
"3589","MX",25.733,-100.3,515,2022,131,29.4,24.2,35.4,"strop"
"3590","MX",25.733,-100.3,515,2022,132,29.7,22.6,36.4,"strop"
"3591","MX",25.733,-100.3,515,2022,133,30.6,22,37,"strop"
"3592","MX",25.733,-100.3,515,2022,135,33.5,22.6,37,"strop"
"3593","MX",25.733,-100.3,515,2022,136,32.2,22,39.6,"strop"
"3594","MX",25.733,-100.3,515,2022,137,31.8,22,38.8,"strop"
"3595","MX",25.733,-100.3,515,2022,138,30.9,22.4,39.4,"strop"
"3596","MX",25.733,-100.3,515,2022,139,32,23.4,38.6,"strop"
"3597","MX",25.733,-100.3,515,2022,140,34.8,25.2,42.4,"strop"
"3598","MX",25.733,-100.3,515,2022,142,33.4,24.6,41,"strop"
"3599","MX",25.733,-100.3,515,2022,143,23.9,22,26.2,"strop"
"3600","MX",25.733,-100.3,515,2022,144,23.1,20.6,25.8,"strop"
"3601","MX",25.733,-100.3,515,2022,145,25,22.2,27.2,"strop"
"3602","MX",25.733,-100.3,515,2022,146,28.1,23.4,34.2,"strop"
"3603","MX",25.733,-100.3,515,2022,147,30.6,24.6,35.4,"strop"
"3604","MX",25.733,-100.3,515,2022,149,34.5,31.4,37.6,"strop"
"3605","MX",25.733,-100.3,515,2022,150,33.8,23,37,"strop"
"3606","MX",25.733,-100.3,515,2022,151,32.7,23,38,"strop"
"3607","MX",25.733,-100.3,515,2022,152,29.6,24.4,35.6,"strop"
"3608","MX",25.733,-100.3,515,2022,153,30.4,24.4,37,"strop"
"3609","MX",25.733,-100.3,515,2022,154,31.2,23,36,"strop"
"3610","MX",25.733,-100.3,515,2022,157,32.8,24,41,"strop"
"3611","MX",25.733,-100.3,515,2022,158,34.4,24,42.6,"strop"
"3612","MX",25.733,-100.3,515,2022,159,34.3,23.4,41,"strop"
"3613","MX",25.733,-100.3,515,2022,160,33.8,22.4,39,"strop"
"3614","MX",25.733,-100.3,515,2022,163,37.1,34.4,40,"strop"
"3615","MX",25.733,-100.3,515,2022,164,30.9,24.8,36.2,"strop"
"3616","MX",25.733,-100.3,515,2022,165,32.6,28,38,"strop"
"3617","MX",25.733,-100.3,515,2022,166,31.8,24.6,37,"strop"
"3618","MX",25.733,-100.3,515,2022,167,31.8,24,37.4,"strop"
"3619","MX",25.733,-100.3,515,2022,168,33.9,24,37.4,"strop"
"3620","MX",25.733,-100.3,515,2022,170,31.3,27.2,35.8,"strop"
"3621","MX",25.733,-100.3,515,2022,172,32.8,23.2,37.2,"strop"
"3622","MX",25.733,-100.3,515,2022,175,31.8,23,37.8,"strop"
"3623","MX",25.733,-100.3,515,2022,177,34.2,31,37.4,"strop"
"3624","MX",25.733,-100.3,515,2022,180,28.9,22,34.6,"strop"
"3625","MX",25.733,-100.3,515,2022,181,30.5,25,34.4,"strop"
"3626","MX",25.733,-100.3,515,2022,182,30.8,24.6,38.2,"strop"
"3627","MX",25.733,-100.3,515,2022,185,30.3,24.2,37.8,"strop"
"3628","MX",25.733,-100.3,515,2022,186,32.1,24,38.4,"strop"
"3629","MX",25.733,-100.3,515,2022,188,32.2,24.2,38.2,"strop"
"3630","MX",25.733,-100.3,515,2022,189,32.5,25,39,"strop"
"3631","MX",25.733,-100.3,515,2022,191,37.8,35.2,40.2,"strop"
"3632","MX",25.733,-100.3,515,2022,192,34,26.4,41,"strop"
"3633","MX",25.733,-100.3,515,2022,195,32.1,23.6,40,"strop"
"3634","MX",25.733,-100.3,515,2022,196,31.2,24.4,38.8,"strop"
"3635","MX",25.733,-100.3,515,2022,200,36.6,33.4,38.4,"strop"
"3636","MX",25.733,-100.3,515,2022,201,33.3,25.4,39.4,"strop"
"3637","MX",25.733,-100.3,515,2022,202,33.6,26.2,38.6,"strop"
"3638","MX",25.733,-100.3,515,2022,203,33,27.6,38.6,"strop"
"3639","MX",25.733,-100.3,515,2022,213,29.8,24,38.6,"strop"
"3640","MX",25.733,-100.3,515,2022,214,31.4,23.6,38.6,"strop"
"3641","MX",25.733,-100.3,515,2022,215,32.3,25.2,40,"strop"
"3642","MX",25.733,-100.3,515,2022,217,33.8,25,40,"strop"
"3643","MX",25.733,-100.3,515,2022,219,34.3,30.8,37,"strop"
"3644","MX",25.733,-100.3,515,2022,220,30.4,24.6,37.8,"strop"
"3645","MX",25.733,-100.3,515,2022,221,31.3,25,38.2,"strop"
"3646","MX",25.733,-100.3,515,2022,222,32.8,24.6,38.2,"strop"
"3647","MX",25.733,-100.3,515,2022,223,33.3,24.6,39.6,"strop"
"3648","MX",25.733,-100.3,515,2022,224,36.2,34.4,38,"strop"
"3649","MX",25.733,-100.3,515,2022,226,31.3,27.6,35,"strop"
"3650","MX",25.733,-100.3,515,2022,227,26.8,23.6,32.8,"strop"
"3651","MX",25.733,-100.3,515,2022,228,28.9,25.6,33.4,"strop"
"3652","MX",25.733,-100.3,515,2022,229,30.3,24.6,35.2,"strop"
"3653","MX",25.733,-100.3,515,2022,230,31.6,25.2,35.4,"strop"
"3654","MX",25.733,-100.3,515,2022,231,31.9,25.2,37,"strop"
"3655","MX",25.733,-100.3,515,2022,233,34.6,32.4,36.8,"strop"
"3656","MX",25.733,-100.3,515,2022,234,32.5,25,38.8,"strop"
"3657","MX",25.733,-100.3,515,2022,235,32.1,26,37.4,"strop"
"3658","MX",25.733,-100.3,515,2022,236,32.1,26,37.4,"strop"
"3659","MX",25.733,-100.3,515,2022,237,30.4,25.4,38.8,"strop"
"3660","MX",25.733,-100.3,515,2022,238,28.3,24.6,36.9,"strop"
"3661","MX",25.733,-100.3,515,2022,239,25.7,24,34.8,"strop"
"3662","MX",25.733,-100.3,515,2022,241,30.3,24,37.1,"strop"
"3663","MX",25.733,-100.3,515,2022,242,31.1,25.6,34.6,"strop"
"3664","MX",25.733,-100.3,515,2022,243,27,23,35.7,"strop"
"3665","MX",25.733,-100.3,515,2022,244,28.9,24,32.8,"strop"
"3666","MX",25.733,-100.3,515,2022,245,29.1,24.2,34.4,"strop"
"3667","MX",25.733,-100.3,515,2022,248,22.9,20.8,30,"strop"
"3668","MX",25.733,-100.3,515,2022,249,23.9,21.2,27.6,"strop"
"3669","MX",25.733,-100.3,515,2022,250,26.7,21.8,33.2,"strop"
"3670","MX",25.733,-100.3,515,2022,251,27,20.8,34.4,"strop"
"3671","MX",25.733,-100.3,515,2022,252,30.3,21.4,35.6,"strop"
"3672","MX",25.733,-100.3,515,2022,255,29.5,23,35.2,"strop"
"3673","MX",25.733,-100.3,515,2022,256,29.3,22.8,34.8,"strop"
"3674","MX",25.733,-100.3,515,2022,257,28.8,23.2,33,"strop"
"3675","MX",25.733,-100.3,515,2022,258,27.7,22.8,33.8,"strop"
"3676","MX",25.733,-100.3,515,2022,259,27.4,22.6,31.4,"strop"
"3677","MX",25.733,-100.3,515,2022,262,28.8,23.4,33.2,"strop"
"3678","MX",25.733,-100.3,515,2022,263,28.1,22.8,34,"strop"
"3679","MX",25.733,-100.3,515,2022,264,27.9,23.2,34.4,"strop"
"3680","MX",25.733,-100.3,515,2022,265,29.7,26,34,"strop"
"3681","MX",25.733,-100.3,515,2022,266,28,22.2,34.8,"strop"
"3682","MX",25.733,-100.3,515,2022,267,25.3,22.8,34.4,"strop"
"3683","MX",25.733,-100.3,515,2022,268,27.2,22.8,34.4,"strop"
"3684","MX",25.733,-100.3,515,2022,269,27.4,22.6,31,"strop"
"3685","MX",25.733,-100.3,515,2022,270,23.4,21,32.8,"strop"
"3686","MX",25.733,-100.3,515,2022,271,26.8,24,30.2,"strop"
"3687","MX",25.733,-100.3,515,2022,272,24.7,20,31.4,"strop"
"3688","MX",25.733,-100.3,515,2022,276,23.7,19.8,27.2,"strop"
"3689","MX",25.733,-100.3,515,2022,277,24.2,21.4,26,"strop"
"3690","MX",25.733,-100.3,515,2022,278,23.9,22,28.6,"strop"
"3691","MX",25.733,-100.3,515,2022,279,23.7,21.8,25,"strop"
"3692","MX",25.733,-100.3,515,2022,280,21.6,17,25.4,"strop"
"3693","MX",25.733,-100.3,515,2022,283,24.7,23.6,26.6,"strop"
"3694","MX",25.733,-100.3,515,2022,284,23.1,19.8,26,"strop"
"3695","MX",25.733,-100.3,515,2022,285,26.4,20,33,"strop"
"3696","MX",25.733,-100.3,515,2022,286,29.3,21.6,35,"strop"
"3697","MX",25.733,-100.3,515,2022,287,27.1,21,36.2,"strop"
"3698","MX",25.733,-100.3,515,2022,288,27.1,22.6,31.6,"strop"
"3699","MX",25.733,-100.3,515,2022,291,14.6,14,15.4,"strop"
"3700","MX",25.733,-100.3,515,2022,292,18.3,14.2,22.2,"strop"
"3701","MX",25.733,-100.3,515,2022,293,21.2,17,27.4,"strop"
"3702","MX",25.733,-100.3,515,2022,294,21.2,12,28.8,"strop"
"3703","MX",25.733,-100.3,515,2022,296,23.7,18,31,"strop"
"3704","MX",25.733,-100.3,515,2022,297,26.3,20.6,34,"strop"
"3705","MX",25.733,-100.3,515,2022,298,23.9,19.6,27.8,"strop"
"3706","MX",25.733,-100.3,515,2022,299,21.3,14.2,29.2,"strop"
"3707","MX",25.733,-100.3,515,2022,300,21.3,14.2,27.8,"strop"
"3708","MX",25.733,-100.3,515,2022,301,24.1,15,29.2,"strop"
"3709","MX",25.733,-100.3,515,2022,302,24.5,15,30.2,"strop"
"3710","MX",25.733,-100.3,515,2022,304,20.1,14.8,27.6,"strop"
"3711","MX",25.733,-100.3,515,2022,306,20.9,17.6,25,"strop"
"3712","MX",25.733,-100.3,515,2022,307,22.6,20,28.4,"strop"
"3713","MX",25.733,-100.3,515,2022,308,26.3,21.2,32.4,"strop"
"3714","MX",25.733,-100.3,515,2022,311,26,14.8,32,"strop"
"3715","MX",25.733,-100.3,515,2022,312,24.6,21.4,28.2,"strop"
"3716","MX",25.733,-100.3,515,2022,313,25.3,20.2,27.2,"strop"
"3717","MX",25.733,-100.3,515,2022,314,24.6,20.8,29.4,"strop"
"3718","MX",25.733,-100.3,515,2022,315,25.4,20.8,32.6,"strop"
"3719","MX",25.733,-100.3,515,2022,316,18.1,12.8,28.2,"strop"
"3720","MX",25.733,-100.3,515,2022,319,18.6,10,29.8,"strop"
"3721","MX",25.733,-100.3,515,2022,320,13,10.2,17.4,"strop"
"3722","MX",25.733,-100.3,515,2022,322,10.4,9.4,11.6,"strop"
"3723","MX",25.733,-100.3,515,2022,326,10.7,4,13.2,"strop"
"3724","MX",25.733,-100.3,515,2022,327,14.1,12.2,16.4,"strop"
"3725","MX",25.733,-100.3,515,2022,328,19.9,15.4,27.4,"strop"
"3726","MX",25.733,-100.3,515,2022,329,17.3,14.8,22,"strop"
"3727","MX",25.733,-100.3,515,2022,332,22.9,9,31.4,"strop"
"3728","MX",25.733,-100.3,515,2022,333,24,17.4,32.4,"strop"
"3729","MX",25.733,-100.3,515,2022,334,20.1,15,33,"strop"
"3730","MX",25.733,-100.3,515,2022,335,12.9,10.4,22.4,"strop"
"3731","MX",25.733,-100.3,515,2022,336,15.2,13,22.2,"strop"
"3732","MX",25.733,-100.3,515,2022,337,18.3,12.6,23.2,"strop"
"3733","MX",25.733,-100.3,515,2022,338,18.8,17,21,"strop"
"3734","MX",25.733,-100.3,515,2022,339,21.2,19,26.8,"strop"
"3735","MX",25.733,-100.3,515,2022,340,21.4,17,27.4,"strop"
"3736","MX",25.733,-100.3,515,2022,341,21.4,17,27.8,"strop"
"3737","MX",25.733,-100.3,515,2022,342,20.2,18.2,25,"strop"
"3738","MX",25.733,-100.3,515,2022,343,20.6,17.6,24,"strop"
"3739","MX",25.733,-100.3,515,2022,345,20.6,18.6,26.6,"strop"
"3740","MX",25.733,-100.3,515,2022,347,19.2,15.6,25.2,"strop"
"3741","MX",25.733,-100.3,515,2022,348,21.3,15,32.2,"strop"
"3742","MX",25.733,-100.3,515,2022,353,14.1,9.6,21.4,"strop"
"3743","MX",25.733,-100.3,515,2022,354,15.6,9.8,25.2,"strop"
"3744","MX",25.733,-100.3,515,2022,355,13.1,9,26.2,"strop"
"3745","MX",25.733,-100.3,515,2022,356,14.2,9,24,"strop"
"3746","MX",25.733,-100.3,515,2022,357,7.6,-1.4,23.4,"strop"
"3747","MX",25.733,-100.3,515,2022,358,2.4,-0.4,7.6,"strop"
"3748","MX",25.733,-100.3,515,2022,361,14.2,2.8,25.2,"strop"
"3749","MX",25.733,-100.3,515,2022,362,19.3,11.6,29.6,"strop"
"3750","MX",25.733,-100.3,515,2022,364,19.5,13.4,30.2,"strop"
"3751","MX",25.733,-100.3,515,2022,365,21.6,11.8,27.6,"strop"
"3752","MX",25.733,-100.3,515,2023,3,23.3,15.2,32.6,"strop"
"3753","MX",25.733,-100.3,515,2023,4,23.5,12.6,30,"strop"
"3754","MX",25.733,-100.3,515,2023,5,22.4,11.8,28.6,"strop"
"3755","MX",25.733,-100.3,515,2023,6,21.6,11.8,28.4,"strop"
"3756","MX",25.733,-100.3,515,2023,7,23.2,16.6,29,"strop"
"3757","MX",25.733,-100.3,515,2023,9,21,16,24.6,"strop"
"3758","MX",25.733,-100.3,515,2023,10,20.8,13.6,28,"strop"
"3759","MX",25.733,-100.3,515,2023,11,22.6,15,32.6,"strop"
"3760","MX",25.733,-100.3,515,2023,12,22,14.4,33.2,"strop"
"3761","MX",25.733,-100.3,515,2023,13,16.3,12,21.4,"strop"
"3762","MX",25.733,-100.3,515,2023,14,17.7,12,22,"strop"
"3763","MX",25.733,-100.3,515,2023,16,24.7,16.6,34.2,"strop"
"3764","MX",25.733,-100.3,515,2023,17,25.5,20.2,30,"strop"
"3765","MX",25.733,-100.3,515,2023,18,22.2,15,31,"strop"
"3766","MX",25.733,-100.3,515,2023,19,20.7,15.8,29.2,"strop"
"3767","MX",25.733,-100.3,515,2023,20,17,14.6,22.8,"strop"
"3768","MX",25.733,-100.3,515,2023,21,21.6,18.4,25.4,"strop"
"3769","MX",25.733,-100.3,515,2023,23,16.1,11.6,25.8,"strop"
"3770","MX",25.733,-100.3,515,2023,24,16.9,12.4,24.8,"strop"
"3771","MX",25.733,-100.3,515,2023,25,17.4,9,26.4,"strop"
"3772","MX",25.733,-100.3,515,2023,26,12.6,6,22.2,"strop"
"3773","MX",25.733,-100.3,515,2023,27,10.7,7.8,13.8,"strop"
"3774","MX",25.733,-100.3,515,2023,28,14,8.6,22,"strop"
"3775","MX",25.733,-100.3,515,2023,30,24.3,13.4,31,"strop"
"3776","MX",25.733,-100.3,515,2023,31,13.1,8.8,24.8,"strop"
"3777","MX",25.733,-100.3,515,2023,32,6.1,4,8.4,"strop"
"3778","MX",25.733,-100.3,515,2023,33,8.1,5.4,15.8,"strop"
"3779","MX",25.733,-100.3,515,2023,34,12.3,6.4,19,"strop"
"3780","MX",25.733,-100.3,515,2023,35,12.8,7,21.8,"strop"
"3781","MX",25.733,-100.3,515,2023,36,19.3,10,26.4,"strop"
"3782","MX",25.733,-100.3,515,2023,37,19.2,12.2,29.6,"strop"
"3783","MX",25.733,-100.3,515,2023,38,22.9,14.6,29.8,"strop"
"3784","MX",25.733,-100.3,515,2023,39,21.3,14,31,"strop"
"3785","MX",25.733,-100.3,515,2023,40,19.4,14.8,24.6,"strop"
"3786","MX",25.733,-100.3,515,2023,41,17,11.2,25.6,"strop"
"3787","MX",25.733,-100.3,515,2023,42,12.2,7.6,19.6,"strop"
"3788","MX",25.733,-100.3,515,2023,43,16.8,11.2,22.6,"strop"
"3789","MX",25.733,-100.3,515,2023,44,17.8,11.4,24.4,"strop"
"3790","MX",25.733,-100.3,515,2023,45,23.3,11.2,31.4,"strop"
"3791","MX",25.733,-100.3,515,2023,46,25.8,14,35.8,"strop"
"3792","MX",25.733,-100.3,515,2023,47,22.2,16.6,32.6,"strop"
"3793","MX",25.733,-100.3,515,2023,48,13.3,8.6,25,"strop"
"3794","MX",25.733,-100.3,515,2023,49,12.7,7,18,"strop"
"3795","MX",25.733,-100.3,515,2023,51,21.8,16.2,28.2,"strop"
"3796","MX",25.733,-100.3,515,2023,52,24.9,15.6,32,"strop"
"3797","MX",25.733,-100.3,515,2023,53,28,18.6,35.6,"strop"
"3798","MX",25.733,-100.3,515,2023,61,32.4,21,40,"strop"
"3799","MX",25.733,-100.3,515,2023,62,23.3,18.2,28.6,"strop"
"3800","MX",25.733,-100.3,515,2023,63,21.7,14.4,30.2,"strop"
"3801","MX",25.733,-100.3,515,2023,64,22.4,13.6,31.2,"strop"
"3802","MX",25.733,-100.3,515,2023,65,27.3,21.4,32.2,"strop"
"3803","MX",25.733,-100.3,515,2023,66,25.6,20,33,"strop"
"3804","MX",25.733,-100.3,515,2023,67,24.3,19.2,33,"strop"
"3805","MX",25.733,-100.3,515,2023,68,24.1,18.8,31,"strop"
"3806","MX",25.733,-100.3,515,2023,69,24.4,18.8,29.8,"strop"
"3807","MX",25.733,-100.3,515,2023,70,23.6,19.2,31.4,"strop"
"3808","MX",25.733,-100.3,515,2023,71,27.8,20.8,35.6,"strop"
"3809","MX",25.733,-100.3,515,2023,73,18.4,15.2,22,"strop"
"3810","MX",25.733,-100.3,515,2023,75,24.8,18.4,33.2,"strop"
"3811","MX",25.733,-100.3,515,2023,76,22,16,34.6,"strop"
"3812","MX",25.733,-100.3,515,2023,77,14.1,11.4,22.8,"strop"
"3813","MX",25.733,-100.3,515,2023,78,5.7,5.2,6,"strop"
"3814","MX",25.733,-100.3,515,2023,80,20.1,14.2,29.2,"strop"
"3815","MX",25.733,-100.3,515,2023,81,24.1,16.6,31.4,"strop"
"3816","MX",25.733,-100.3,515,2023,82,27.3,20,34.4,"strop"
"3817","MX",25.733,-100.3,515,2023,83,30.2,20,38.4,"strop"
"3818","MX",25.733,-100.3,515,2023,84,27.7,19.6,39.2,"strop"
"3819","MX",25.733,-100.3,515,2023,85,25.9,20.2,33.4,"strop"
"3820","MX",25.733,-100.3,515,2023,86,28.3,19.6,34.6,"strop"
"3821","MX",25.733,-100.3,515,2023,87,23.9,17.6,30.4,"strop"
"3822","MX",25.733,-100.3,515,2023,89,15.9,13.6,21.2,"strop"
"3823","MX",25.733,-100.3,515,2023,90,22.3,18,31.8,"strop"
"3824","MX",25.733,-100.3,515,2023,93,32.3,26.8,37.8,"strop"
"3825","MX",25.733,-100.3,515,2023,94,30.2,21.2,38.8,"strop"
"3826","MX",25.733,-100.3,515,2023,95,29.1,22,34,"strop"
"3827","MX",25.733,-100.3,515,2023,96,20.4,15.6,29,"strop"
"3828","MX",25.733,-100.3,515,2023,97,14.7,12.8,17.8,"strop"
"3829","MX",25.733,-100.3,515,2023,98,16.6,14.2,20.2,"strop"
"3830","MX",25.733,-100.3,515,2023,99,18.8,16.6,21.2,"strop"
"3831","MX",25.733,-100.3,515,2023,100,20.2,13,22,"strop"
"3832","MX",25.733,-100.3,515,2023,101,20.8,17,26.8,"strop"
"3833","MX",25.733,-100.3,515,2023,151,24.7,22.8,27.4,"strop"
"3834","MX",25.733,-100.3,515,2023,152,27.9,25,31,"strop"
"3835","MX",25.733,-100.3,515,2023,153,26.3,23,32,"strop"
"3836","MX",25.733,-100.3,515,2023,154,25.9,22.8,30,"strop"
"3837","MX",25.733,-100.3,515,2023,156,26.4,21.6,32,"strop"
"3838","MX",25.733,-100.3,515,2023,157,30.1,23.6,33.8,"strop"
"3839","MX",25.733,-100.3,515,2023,158,31,21.8,34.8,"strop"
"3840","MX",25.733,-100.3,515,2023,159,30.1,23,35,"strop"
"3841","MX",25.733,-100.3,515,2023,160,33.2,25.4,38.2,"strop"
"3842","MX",25.733,-100.3,515,2023,161,27.4,25,31.6,"strop"
"3843","MX",25.733,-100.3,515,2023,163,36.2,32.4,37.8,"strop"
"3844","MX",25.733,-100.3,515,2023,164,34.9,26.8,40.8,"strop"
"3845","MX",25.733,-100.3,515,2023,165,35.3,25.8,41.4,"strop"
"3846","MX",25.733,-100.3,515,2023,166,35.9,26,42,"strop"
"3847","MX",25.733,-100.3,515,2023,167,34.7,26.4,41,"strop"
"3848","MX",25.733,-100.3,515,2023,168,31.4,26.4,39.6,"strop"
"3849","MX",25.733,-100.3,515,2023,171,37.8,28.8,43,"strop"
"3850","MX",25.733,-100.3,515,2023,172,38.4,28.4,44,"strop"
"3851","MX",25.733,-100.3,515,2023,173,33.7,26.2,44.8,"strop"
"3852","MX",25.733,-100.3,515,2023,174,34.8,27.4,39.8,"strop"
"3853","MX",25.733,-100.3,515,2023,175,31.7,25.6,40.4,"strop"
"3854","MX",25.733,-100.3,515,2023,177,33.4,25.4,40,"strop"
"3855","MX",25.733,-100.3,515,2023,178,32.9,25.8,39.6,"strop"
"3856","MX",25.733,-100.3,515,2023,179,33.4,25,39.2,"strop"
"3857","MX",25.733,-100.3,515,2023,180,29.1,24.6,39.8,"strop"
"3858","MX",25.733,-100.3,515,2023,181,29.9,25.6,34,"strop"
"3859","MX",25.733,-100.3,515,2023,183,28.3,24.8,33,"strop"
"3860","MX",25.733,-100.3,515,2023,184,32.1,31.6,32.4,"strop"
"3861","MX",25.733,-100.3,515,2023,185,32.8,29.8,36.4,"strop"
"3862","MX",25.733,-100.3,515,2023,186,32.9,23.8,37,"strop"
"3863","MX",25.733,-100.3,515,2023,187,34.1,24.2,37,"strop"
"3864","MX",25.733,-100.3,515,2023,188,30.7,24.4,34,"strop"
"3865","MX",25.733,-100.3,515,2023,190,34.6,31,36.8,"strop"
"3866","MX",25.733,-100.3,515,2023,191,35.5,24.2,37.6,"strop"
"3867","MX",25.733,-100.3,515,2023,192,32.7,26.6,38.4,"strop"
"3868","MX",25.733,-100.3,515,2023,193,33.4,25.4,39.4,"strop"
"3869","MX",25.733,-100.3,515,2023,194,34.4,26,40,"strop"
"3870","MX",25.733,-100.3,515,2023,195,33.2,25.4,40,"strop"
"3871","MX",25.733,-100.3,515,2023,196,29.9,25.4,40,"strop"
"3872","MX",25.733,-100.3,515,2023,197,28.9,25.2,39.8,"strop"
"3873","MX",25.733,-100.3,515,2023,198,32.8,24.8,39,"strop"
"3874","MX",25.733,-100.3,515,2023,199,33.6,24.8,40,"strop"
"3875","MX",25.733,-100.3,515,2023,200,33.9,25,40.2,"strop"
"3876","MX",25.733,-100.3,515,2023,201,33.3,25,40.6,"strop"
"3877","MX",25.733,-100.3,515,2023,202,33.2,24.6,40.2,"strop"
"3878","MX",25.733,-100.3,515,2023,203,33.1,24.6,40,"strop"
"3879","MX",25.733,-100.3,515,2023,204,31.1,25.2,39,"strop"
"3880","MX",25.733,-100.3,515,2023,205,32.6,26.2,37.8,"strop"
"3881","MX",25.733,-100.3,515,2023,206,31.8,24,36.8,"strop"
"3882","MX",25.733,-100.3,515,2023,207,31.9,24.8,38.4,"strop"
"3883","MX",25.733,-100.3,515,2023,208,33.8,24,38.8,"strop"
"3884","MX",25.733,-100.3,515,2023,209,31.5,23.6,39,"strop"
"3885","MX",25.733,-100.3,515,2023,210,30.6,22.6,38,"strop"
"3886","MX",25.733,-100.3,515,2023,212,32.7,26,38.6,"strop"
"3887","MX",25.733,-100.3,515,2023,213,35.4,29.4,39,"strop"
"3888","MX",25.733,-100.3,515,2023,214,33.8,24.4,39.6,"strop"
"3889","MX",25.733,-100.3,515,2023,215,33.3,25.4,39.2,"strop"
"3890","MX",25.733,-100.3,515,2023,216,34.8,26,40.2,"strop"
"3891","MX",25.733,-100.3,515,2023,217,29.1,24.8,35,"strop"
"3892","MX",25.733,-100.3,515,2023,218,31.5,25.6,40.8,"strop"
"3893","MX",25.733,-100.3,515,2023,219,35.8,25.4,40.6,"strop"
"3894","MX",25.733,-100.3,515,2023,220,33.3,25.4,36.2,"strop"
"3895","MX",25.733,-100.3,515,2023,224,34.9,28.2,39.6,"strop"
"3896","MX",25.733,-100.3,515,2023,225,28.2,26.4,30.8,"strop"
"3897","MX",25.733,-100.3,515,2023,226,31.6,26.8,37.8,"strop"
"3898","MX",25.733,-100.3,515,2023,227,29.6,25.6,39.8,"strop"
"3899","MX",25.733,-100.3,515,2023,228,38.1,37,38.2,"strop"
"3900","MX",25.733,-100.3,515,2023,229,36.3,27.4,39.6,"strop"
"3901","MX",25.733,-100.3,515,2023,230,32.9,26.4,40.4,"strop"
"3902","MX",25.733,-100.3,515,2023,231,31.6,26.4,36.4,"strop"
"3903","MX",25.733,-100.3,515,2023,232,32.4,25.4,36.2,"strop"
"3904","MX",25.733,-100.3,515,2023,233,32.6,25.4,36.6,"strop"
"3905","MX",25.733,-100.3,515,2023,234,30.6,27.4,35.8,"strop"
"3906","MX",25.733,-100.3,515,2023,235,30.4,26,33.8,"strop"
"3907","MX",25.733,-100.3,515,2023,236,32.6,24.4,36.6,"strop"
"3908","MX",25.733,-100.3,515,2023,237,33.9,26.2,37.6,"strop"
"3909","MX",25.733,-100.3,515,2023,238,32.9,26,36.6,"strop"
"3910","MX",25.733,-100.3,515,2023,239,32.7,25.4,38,"strop"
"3911","MX",25.733,-100.3,515,2023,240,35.3,26.8,39.8,"strop"
"3912","MX",25.733,-100.3,515,2023,241,33.9,26,41,"strop"
"3913","MX",25.733,-100.3,515,2023,242,31.1,25.2,37.8,"strop"
"3914","MX",25.733,-100.3,515,2023,243,34.3,25.4,39,"strop"
"3915","MX",25.733,-100.3,515,2023,244,34.2,25,40,"strop"
"3916","MX",25.733,-100.3,515,2023,246,34.9,24.8,39,"strop"
"3917","MX",25.733,-100.3,515,2023,247,34.4,24.8,39,"strop"
"3918","MX",25.733,-100.3,515,2023,248,33.3,26.2,40.4,"strop"
"3919","MX",25.733,-100.3,515,2023,249,33.7,26.2,41,"strop"
"3920","MX",25.733,-100.3,515,2023,250,33.8,27.4,38.2,"strop"
"3921","MX",25.733,-100.3,515,2023,251,33.3,26.4,39.2,"strop"
"3922","MX",25.733,-100.3,515,2023,252,28.8,25.4,37.6,"strop"
"3923","MX",25.733,-100.3,515,2023,253,36,25,40,"strop"
"3924","MX",25.733,-100.3,515,2023,254,33.9,25,40.6,"strop"
"3925","MX",25.733,-100.3,515,2023,255,34.6,25,39.8,"strop"
"3926","MX",25.733,-100.3,515,2023,256,32.6,25.2,39,"strop"
"3927","MX",25.733,-100.3,515,2023,257,33.5,25.2,38.8,"strop"
"3928","MX",25.733,-100.3,515,2023,258,34.6,25.6,39.6,"strop"
"3929","MX",25.733,-100.3,515,2023,260,30.6,22.2,36,"strop"
"3930","MX",25.733,-100.3,515,2023,261,26.6,23,36,"strop"
"3931","MX",25.733,-100.3,515,2023,262,28.4,23,36,"strop"
"3932","MX",25.733,-100.3,515,2023,263,31.2,23.8,37,"strop"
"3933","MX",25.733,-100.3,515,2023,264,31.5,24,37.8,"strop"
"3934","MX",25.733,-100.3,515,2023,265,31.7,24,37.6,"strop"
"3935","MX",25.733,-100.3,515,2023,268,33.1,25.4,39.6,"strop"
"3936","MX",25.733,-100.3,515,2023,269,31.7,24.6,38.4,"strop"
"3937","MX",25.733,-100.3,515,2023,270,32.1,24.6,37,"strop"
"3938","MX",25.733,-100.3,515,2023,271,25.6,21.4,38.2,"strop"
"3939","MX",25.733,-100.3,515,2023,272,28.5,21.4,36.4,"strop"
"3940","MX",25.733,-100.3,515,2023,274,30.8,24,35.4,"strop"
"3941","MX",25.733,-100.3,515,2023,275,29.6,22.4,34.8,"strop"
"3942","MX",25.733,-100.3,515,2023,276,30,24.4,33,"strop"
"3943","MX",25.733,-100.3,515,2023,277,30,24.8,34.2,"strop"
"3944","MX",25.733,-100.3,515,2023,278,29.6,23.4,33.6,"strop"
"3945","MX",25.733,-100.3,515,2023,279,22.9,21.4,24.2,"strop"
"3946","MX",25.733,-100.3,515,2023,280,21.4,19.8,24.2,"strop"
"3947","MX",25.733,-100.3,515,2023,281,18.6,16.8,24.8,"strop"
"3948","MX",25.733,-100.3,515,2023,282,19.9,17.6,23.2,"strop"
"3949","MX",25.733,-100.3,515,2023,283,20.3,16.6,24.8,"strop"
"3950","MX",25.733,-100.3,515,2023,284,19.9,18.8,21.2,"strop"
"3951","MX",25.733,-100.3,515,2023,285,26.4,20.2,32.4,"strop"
"3952","MX",25.733,-100.3,515,2023,286,29.6,22.4,35.8,"strop"
"3953","MX",25.733,-100.3,515,2023,288,18.1,17.6,26.2,"strop"
"3954","MX",25.733,-100.3,515,2023,289,21.8,19,24.4,"strop"
"3955","MX",25.733,-100.3,515,2023,290,18.8,14.6,26,"strop"
"3956","MX",25.733,-100.3,515,2023,291,18.4,14.4,27.4,"strop"
"3957","MX",25.733,-100.3,515,2023,292,21.4,17.4,29.8,"strop"
"3958","MX",25.733,-100.3,515,2023,293,24.4,19.4,32.2,"strop"
"3959","MX",25.733,-100.3,515,2023,294,25.7,19.6,33.4,"strop"
"3960","MX",25.733,-100.3,515,2023,295,25.6,19.6,32.6,"strop"
"3961","MX",25.733,-100.3,515,2023,296,24.3,21.6,30.2,"strop"
"3962","MX",25.733,-100.3,515,2023,297,24.8,22.8,29.2,"strop"
"3963","MX",25.733,-100.3,515,2023,298,26.2,23.4,32,"strop"
"3964","MX",25.733,-100.3,515,2023,299,25.1,23.4,30.8,"strop"
"3965","MX",25.733,-100.3,515,2023,300,25.6,23,29.6,"strop"
"3966","MX",25.733,-100.3,515,2023,301,25.1,21.4,30.4,"strop"
"3967","MX",25.733,-100.3,515,2023,302,24.6,21,30.6,"strop"
"3968","MX",25.733,-100.3,515,2023,303,10.4,8.2,NA,"strop"
"3969","MX",25.733,-100.3,515,2023,304,8.9,7.6,11.8,"strop"
"3970","MX",25.733,-100.3,515,2023,305,13.8,11.2,18,"strop"
"3971","MX",25.733,-100.3,515,2023,306,11.4,8.8,18.8,"strop"
"3972","MX",25.733,-100.3,515,2023,307,17.1,13,24.6,"strop"
"3973","MX",25.733,-100.3,515,2023,308,18.5,13,26.4,"strop"
"3974","MX",25.733,-100.3,515,2023,309,21.8,16,28.2,"strop"
"3975","MX",25.733,-100.3,515,2023,310,22.6,15,29.2,"strop"
"3976","MX",25.733,-100.3,515,2023,311,24.2,19,30,"strop"
"3977","MX",25.733,-100.3,515,2023,312,26.6,19.4,31.4,"strop"
"3978","MX",25.733,-100.3,515,2023,313,24.3,18.8,32.2,"strop"
"3979","MX",25.733,-100.3,515,2023,314,20.6,16,25.4,"strop"
"3980","MX",25.733,-100.3,515,2023,315,14.5,13.8,20.6,"strop"
"3981","MX",25.733,-100.3,515,2023,316,14.7,13,16,"strop"
"3982","MX",25.733,-100.3,515,2023,317,16.1,13,17.4,"strop"
"3983","MX",25.733,-100.3,515,2023,318,15.6,14,18,"strop"
"3984","MX",25.733,-100.3,515,2023,319,16.4,15.4,18.6,"strop"
"3985","MX",25.733,-100.3,515,2023,320,16.4,15.4,17.8,"strop"
"3986","MX",25.733,-100.3,515,2023,321,20.4,15,28.8,"strop"
"3987","MX",25.733,-100.3,515,2023,322,20.9,15,31.4,"strop"
"3988","MX",25.733,-100.3,515,2023,323,19.9,18.2,23.2,"strop"
"3989","MX",25.733,-100.3,515,2023,324,22.9,18,32,"strop"
"3990","MX",25.733,-100.3,515,2023,325,18.4,16,24.4,"strop"
"3991","MX",25.733,-100.3,515,2023,326,14.6,13.6,16.6,"strop"
"3992","MX",25.733,-100.3,515,2023,327,11.6,9.8,15.6,"strop"
"3993","MX",25.733,-100.3,515,2023,328,13.7,9,21,"strop"
"3994","MX",25.733,-100.3,515,2023,329,16.9,15.4,20,"strop"
"3995","MX",25.733,-100.3,515,2023,330,18.3,16.8,20.2,"strop"
"3996","MX",25.733,-100.3,515,2023,331,12.2,8.4,21.4,"strop"
"3997","MX",25.733,-100.3,515,2023,332,9.8,8,14,"strop"
"3998","MX",25.733,-100.3,515,2023,333,11.1,8,13,"strop"
"3999","MX",25.733,-100.3,515,2023,334,18.6,12.2,27,"strop"
"4000","MX",25.733,-100.3,515,2023,335,18.1,12,28,"strop"
"4001","MX",25.733,-100.3,515,2023,336,19.1,14.4,25.2,"strop"
"4002","MX",25.733,-100.3,515,2023,337,19,14,26,"strop"
"4003","MX",25.733,-100.3,515,2023,338,18.6,15,24.6,"strop"
"4004","MX",25.733,-100.3,515,2023,339,19.6,14,26,"strop"
"4005","MX",25.733,-100.3,515,2023,340,17.7,14,24,"strop"
"4006","MX",25.733,-100.3,515,2023,341,17.1,16,21,"strop"
"4007","MX",25.733,-100.3,515,2023,342,20.9,14.4,30.6,"strop"
"4008","MX",25.733,-100.3,515,2023,343,23.1,17,32,"strop"
"4009","MX",25.733,-100.3,515,2023,344,17.2,10.6,26,"strop"
"4010","MX",25.733,-100.3,515,2023,345,14.9,10,19,"strop"
"4011","MX",25.733,-100.3,515,2023,346,13.7,8.6,19,"strop"
"4012","MX",25.733,-100.3,515,2023,347,14.9,9.2,17.6,"strop"
"4013","MX",25.733,-100.3,515,2023,348,17,16.2,19,"strop"
"4014","MX",25.733,-100.3,515,2023,349,17.8,16.4,20.4,"strop"
"4015","MX",25.733,-100.3,515,2023,350,18.7,15.8,23,"strop"
"4016","MX",25.733,-100.3,515,2023,351,16.6,10.6,24,"strop"
"4017","MX",25.733,-100.3,515,2023,352,17.7,10,25,"strop"
"4018","MX",25.733,-100.3,515,2023,353,16.2,11.4,25,"strop"
"4019","MX",25.733,-100.3,515,2023,354,15.2,11,21.4,"strop"
"4020","MX",25.733,-100.3,515,2023,355,17.3,14.2,21.2,"strop"
"4021","MX",25.733,-100.3,515,2023,356,18.2,14,23,"strop"
"4022","MX",25.733,-100.3,515,2023,357,18.2,16.6,21.6,"strop"
"4023","MX",25.733,-100.3,515,2023,358,20.7,15.8,27.4,"strop"
"4024","MX",25.733,-100.3,515,2023,359,18.7,14.6,28.4,"strop"
"4025","MX",25.733,-100.3,515,2023,360,14.4,12.2,19,"strop"
"4026","MX",25.733,-100.3,515,2023,361,16.9,10.4,22.4,"strop"
"4027","MX",25.733,-100.3,515,2023,362,16,9.8,23.4,"strop"
"4028","MX",25.733,-100.3,515,2023,363,14.5,8.4,20.6,"strop"
"4029","MX",25.733,-100.3,515,2023,364,13.2,8.2,21.8,"strop"
"4030","MX",25.733,-100.3,515,2023,365,14.2,9.4,24.6,"strop"
"4031","MX",25.733,-100.3,515,2024,2,15.8,8.6,25,"strop"
"4032","MX",25.733,-100.3,515,2024,3,15.6,11.8,21,"strop"
"4033","MX",25.733,-100.3,515,2024,4,12.5,8.4,22.2,"strop"
"4034","MX",25.733,-100.3,515,2024,5,12.7,8,20.2,"strop"
"4035","MX",25.733,-100.3,515,2024,6,15.8,9.4,24,"strop"
"4036","MX",25.733,-100.3,515,2024,7,15.7,9.4,23.4,"strop"
"4037","MX",25.733,-100.3,515,2024,8,19.9,13.2,30,"strop"
"4038","MX",25.733,-100.3,515,2024,9,15.1,9.8,31,"strop"
"4039","MX",25.733,-100.3,515,2024,10,12.8,7.4,21.6,"strop"
"4040","MX",25.733,-100.3,515,2024,11,15.4,7.4,29,"strop"
"4041","MX",25.733,-100.3,515,2024,12,19.9,10.2,31,"strop"
"4042","MX",25.733,-100.3,515,2024,13,14.4,9.2,26,"strop"
"4043","MX",25.733,-100.3,515,2024,14,16.1,9.4,24.8,"strop"
"4044","MX",25.733,-100.3,515,2024,15,13.4,1.1,26,"strop"
"4045","MX",25.733,-100.3,515,2024,16,2.8,-2.4,7.4,"strop"
"4046","MX",25.733,-100.3,515,2024,17,3.3,-0.6,9.4,"strop"
"4047","MX",25.733,-100.3,515,2024,18,7.7,-1,21.2,"strop"
"4048","MX",25.733,-100.3,515,2024,19,16.4,3.8,29,"strop"
"4049","MX",25.733,-100.3,515,2024,20,10.7,7.8,23.8,"strop"
"4050","MX",25.733,-100.3,515,2024,21,6.5,5,9,"strop"
"4051","MX",25.733,-100.3,515,2024,22,13.9,8,21.6,"strop"
"4052","MX",25.733,-100.3,515,2024,23,18.4,15,23.2,"strop"
"4053","MX",25.733,-100.3,515,2024,24,19.3,14.4,24.8,"strop"
"4054","MX",25.733,-100.3,515,2024,25,17.3,15,23.2,"strop"
"4055","MX",25.733,-100.3,515,2024,26,19.1,15,26,"strop"
"4056","MX",25.733,-100.3,515,2024,27,20.7,16,28,"strop"
"4057","MX",25.733,-100.3,515,2024,28,18.2,11.4,25,"strop"
"4058","MX",25.733,-100.3,515,2024,29,16.3,9.2,23.8,"strop"
"4059","MX",25.733,-100.3,515,2024,30,17.8,9.2,23.8,"strop"
"4060","MX",25.733,-100.3,515,2024,31,18.5,12.2,23.6,"strop"
"4061","MX",25.733,-100.3,515,2024,32,20,14.8,25.2,"strop"
"4062","MX",25.733,-100.3,515,2024,33,23.8,15.6,32,"strop"
"4063","MX",25.733,-100.3,515,2024,34,24.9,15,33,"strop"
"4064","MX",25.733,-100.3,515,2024,35,18.9,14.2,30.4,"strop"
"4065","MX",25.733,-100.3,515,2024,36,20.3,14,29,"strop"
"4066","MX",25.733,-100.3,515,2024,37,23.2,14,26.4,"strop"
"4067","MX",25.733,-100.3,515,2024,38,18.3,10.8,25,"strop"
"4068","MX",25.733,-100.3,515,2024,39,19.1,14.6,27.2,"strop"
"4069","MX",25.733,-100.3,515,2024,40,20.2,14,28.4,"strop"
"4070","MX",25.733,-100.3,515,2024,41,23.1,16.6,30,"strop"
"4071","MX",25.733,-100.3,515,2024,42,21.4,16.6,28.8,"strop"
"4072","MX",25.733,-100.3,515,2024,43,21.3,19.6,22.6,"strop"
"4073","MX",25.733,-100.3,515,2024,44,16.2,6.6,23.6,"strop"
"4074","MX",25.733,-100.3,515,2024,45,17.9,12.6,22,"strop"
"4075","MX",25.733,-100.3,515,2024,46,17.2,13,21.4,"strop"
"4076","MX",25.733,-100.3,515,2024,47,17.3,14,20,"strop"
"4077","MX",25.733,-100.3,515,2024,48,13.5,10,17.6,"strop"
"4078","MX",25.733,-100.3,515,2024,49,9.4,6.8,14.8,"strop"
"4079","MX",25.733,-100.3,515,2024,50,12.5,6.4,24.4,"strop"
"4080","MX",25.733,-100.3,515,2024,51,18.8,12,29.8,"strop"
"4081","MX",25.733,-100.3,515,2024,52,21.9,11.2,30.8,"strop"
"4082","MX",25.733,-100.3,515,2024,53,25.3,17.2,36,"strop"
"4083","MX",25.733,-100.3,515,2024,54,22.4,20,25.2,"strop"
"4084","MX",25.733,-100.3,515,2024,55,20.1,15,27,"strop"
"4085","MX",25.733,-100.3,515,2024,56,21.6,15.2,32,"strop"
"4086","MX",25.733,-100.3,515,2024,57,25.7,18.2,35.6,"strop"
"4087","MX",25.733,-100.3,515,2024,58,28.9,20.6,38.4,"strop"
"4088","MX",25.733,-100.3,515,2024,59,26.9,17.8,39.4,"strop"
"4089","MX",25.733,-100.3,515,2024,60,17.1,12.6,26.4,"strop"
"4090","MX",25.733,-100.3,515,2024,61,16.3,11.2,26.4,"strop"
"4091","MX",25.733,-100.3,515,2024,62,21.3,14,30.6,"strop"
"4092","MX",25.733,-100.3,515,2024,63,23.3,13.2,31.8,"strop"
"4093","MX",25.733,-100.3,515,2024,64,25.8,17,32.2,"strop"
"4094","MX",25.733,-100.3,515,2024,65,25.2,19.4,34,"strop"
"4095","MX",25.733,-100.3,515,2024,66,23.1,18.6,35.2,"strop"
"4096","MX",25.733,-100.3,515,2024,67,21.4,21.2,22,"strop"
"4097","MX",25.733,-100.3,515,2024,68,23.2,18.4,32.6,"strop"
"4098","MX",25.733,-100.3,515,2024,69,18.8,15.4,22.2,"strop"
"4099","MX",25.733,-100.3,515,2024,70,16.2,13,23.4,"strop"
"4100","MX",25.733,-100.3,515,2024,71,18.4,13.2,23.2,"strop"
"4101","MX",25.733,-100.3,515,2024,72,20.6,17.4,28.2,"strop"
"4102","MX",25.733,-100.3,515,2024,73,25.6,18.2,34,"strop"
"4103","MX",25.733,-100.3,515,2024,74,24.1,17,36.4,"strop"
"4104","MX",25.733,-100.3,515,2024,75,25.6,17,36.2,"strop"
"4105","MX",25.733,-100.3,515,2024,76,20.5,20.2,21.6,"strop"
"4106","MX",25.733,-100.3,515,2024,77,24.5,20.6,29.2,"strop"
"4107","MX",25.733,-100.3,515,2024,78,16.4,14.4,25.8,"strop"
"4108","MX",25.733,-100.3,515,2024,79,13.4,11,22,"strop"
"4109","MX",25.733,-100.3,515,2024,80,15.8,13.2,21.6,"strop"
"4110","MX",25.733,-100.3,515,2024,81,21.2,16,27.8,"strop"
"4111","MX",25.733,-100.3,515,2024,82,21.5,15,30,"strop"
"4112","MX",25.733,-100.3,515,2024,83,21.4,15,32.8,"strop"
"4113","MX",25.733,-100.3,515,2024,84,20.6,17,29,"strop"
"4114","MX",25.733,-100.3,515,2024,85,27.8,16.8,33,"strop"
"4115","MX",25.733,-100.3,515,2024,86,21.8,16.4,33.4,"strop"
"4116","MX",25.733,-100.3,515,2024,87,17.5,15.2,28.4,"strop"
"4117","MX",25.733,-100.3,515,2024,92,33.1,31.8,33.8,"strop"
"4118","MX",25.733,-100.3,515,2024,93,30.4,23,35,"strop"
"4119","MX",25.733,-100.3,515,2024,94,22.4,17,30,"strop"
"4120","MX",25.733,-100.3,515,2024,95,23.4,17,29.6,"strop"
"4121","MX",25.733,-100.3,515,2024,96,23.5,16,31.4,"strop"
"4122","MX",25.733,-100.3,515,2024,97,25.5,18.2,36.2,"strop"
"4123","MX",25.733,-100.3,515,2024,98,27.2,17.6,37,"strop"
"4124","MX",25.733,-100.3,515,2024,99,26.1,21,33.4,"strop"
"4125","MX",25.733,-100.3,515,2024,100,28.2,23.2,35.6,"strop"
"4126","MX",25.733,-100.3,515,2024,101,27.1,18.6,36.4,"strop"
"4127","MX",25.733,-100.3,515,2024,102,26,18.4,33,"strop"
"4128","MX",25.733,-100.3,515,2024,103,24.3,17.8,32,"strop"
"4129","MX",25.733,-100.3,515,2024,104,23.6,17.2,31.8,"strop"
"4130","MX",25.733,-100.3,515,2024,105,25.5,19,34.2,"strop"
"4131","MX",25.733,-100.3,515,2024,106,25.2,18.2,35.4,"strop"
"4132","MX",25.733,-100.3,515,2024,107,28.2,23,35,"strop"
"4133","MX",25.733,-100.3,515,2024,108,28.7,23,35,"strop"
"4134","MX",25.733,-100.3,515,2024,109,27.6,23.4,34,"strop"
"4135","MX",25.733,-100.3,515,2024,110,27.9,22.4,33,"strop"
"4136","MX",25.733,-100.3,515,2024,111,26.6,22,34,"strop"
"4137","MX",25.733,-100.3,515,2024,112,22.5,16,30.6,"strop"
"4138","MX",25.733,-100.3,515,2024,113,15.3,14.8,17,"strop"
"4139","MX",25.733,-100.3,515,2024,114,21.9,15,26,"strop"
"4140","MX",25.733,-100.3,515,2024,115,25.6,22,29.8,"strop"
"4141","MX",25.733,-100.3,515,2024,116,27.9,22.4,31.6,"strop"
"4142","MX",25.733,-100.3,515,2024,118,29.6,23.8,35.4,"strop"
"4143","MX",25.733,-100.3,515,2024,119,28.9,23.2,36,"strop"
"4144","MX",25.733,-100.3,515,2024,120,29.4,23.2,35,"strop"
"4145","MX",25.733,-100.3,515,2024,121,27.2,23.6,34.6,"strop"
"4146","MX",25.733,-100.3,515,2024,123,30.5,25,40,"strop"
"4147","MX",25.733,-100.3,515,2024,124,30.4,24,41.4,"strop"
"4148","MX",25.733,-100.3,515,2024,125,28.6,24,34.6,"strop"
"4149","MX",25.733,-100.3,515,2024,126,29.2,24,34.2,"strop"
"4150","MX",25.733,-100.3,515,2024,127,27.7,24,35.4,"strop"
"4151","MX",25.733,-100.3,515,2024,128,33.2,26.4,39.6,"strop"
"4152","MX",25.733,-100.3,515,2024,129,29.5,25.2,41,"strop"
"4153","MX",25.733,-100.3,515,2024,130,35.4,25.2,42.8,"strop"
"4154","MX",25.733,-100.3,515,2024,131,34.6,26.2,44.8,"strop"
"4155","MX",25.733,-100.3,515,2024,132,27,23.8,32,"strop"
"4156","MX",25.733,-100.3,515,2024,133,28.7,23.6,33.6,"strop"
"4157","MX",25.733,-100.3,515,2024,134,30.7,25.4,39.8,"strop"
"4158","MX",25.733,-100.3,515,2024,135,29.7,24.6,41.4,"strop"
"4159","MX",25.733,-100.3,515,2024,136,28.6,23,36.2,"strop"
"4160","MX",25.733,-100.3,515,2024,137,30.6,25.4,38.4,"strop"
"4161","MX",25.733,-100.3,515,2024,138,29.6,23,40,"strop"
"4162","MX",25.733,-100.3,515,2024,139,26.1,23,32.2,"strop"
"4163","MX",25.733,-100.3,515,2024,140,31.9,24.2,39.6,"strop"
"4164","MX",25.733,-100.3,515,2024,141,31.8,25,40,"strop"
"4165","MX",25.733,-100.3,515,2024,142,31.4,25,40.2,"strop"
"4166","MX",25.733,-100.3,515,2024,143,32.5,27,40,"strop"
"4167","MX",25.733,-100.3,515,2024,144,33.6,26,41,"strop"
"4168","MX",25.733,-100.3,515,2024,145,34.6,27,43,"strop"
"4169","MX",25.733,-100.3,515,2024,146,33.9,27,45,"strop"
"4170","MX",25.733,-100.3,515,2024,147,31.9,27,41,"strop"
"4171","MX",25.733,-100.3,515,2024,148,33,27,44,"strop"
"4172","MX",25.733,-100.3,515,2024,149,30.5,24.8,39,"strop"
"4173","MX",25.733,-100.3,515,2024,150,28.1,21.2,40,"strop"
"4174","MX",25.733,-100.3,515,2024,151,28.9,21.2,35.8,"strop"
"4175","MX",25.733,-100.3,515,2024,152,29.9,24.6,37,"strop"
"4176","MX",25.733,-100.3,515,2024,153,30.1,26,35.8,"strop"
"4177","MX",25.733,-100.3,515,2024,154,30.4,26,36,"strop"
"4178","MX",25.733,-100.3,515,2024,155,30.9,26.6,36,"strop"
"4179","MX",25.733,-100.3,515,2024,156,31.8,26,37.8,"strop"
"4180","MX",25.733,-100.3,515,2024,157,32.8,25,42.6,"strop"
"4181","MX",25.733,-100.3,515,2024,158,31.8,24,43.2,"strop"
"4182","MX",25.733,-100.3,515,2024,159,28.9,22,37.2,"strop"
"4183","MX",25.733,-100.3,515,2024,160,29.6,23,37.2,"strop"
"4184","MX",25.733,-100.3,515,2024,161,30.3,25,36,"strop"
"4185","MX",25.733,-100.3,515,2024,162,28.6,25,36.8,"strop"
"4186","MX",25.733,-100.3,515,2024,163,31.2,25.2,38.4,"strop"
"4187","MX",25.733,-100.3,515,2024,164,31.7,24.8,40,"strop"
"4188","MX",25.733,-100.3,515,2024,165,31.9,25.2,38.2,"strop"
"4189","MX",25.733,-100.3,515,2024,166,31.4,25.2,38.6,"strop"
"4190","MX",25.733,-100.3,515,2024,167,31,24.6,38.6,"strop"
"4191","MX",25.733,-100.3,515,2024,168,30.6,24.6,38.2,"strop"
"4192","MX",25.733,-100.3,515,2024,169,30.6,24.6,39,"strop"
"4193","MX",25.733,-100.3,515,2024,170,30.6,25,38.8,"strop"
"4194","MX",25.733,-100.3,515,2024,171,28.4,25,36.2,"strop"
"4195","MX",25.733,-100.3,515,2024,172,23.9,23,31,"strop"
"4196","MX",25.733,-100.3,515,2024,173,24.2,22.2,35.4,"strop"
"4197","MX",25.733,-100.3,515,2024,174,23.7,22,26,"strop"
"4198","MX",25.733,-100.3,515,2024,175,24.2,22.4,28.2,"strop"
"4199","MX",25.733,-100.3,515,2024,176,25.3,23,31,"strop"
"4200","MX",25.733,-100.3,515,2024,177,30.9,27.8,33.8,"strop"
"4201","MX",25.733,-100.3,515,2024,178,32.2,25.2,34.4,"strop"
"4202","MX",25.733,-100.3,515,2024,179,29.5,25.4,34.6,"strop"
"4203","MX",25.733,-100.3,515,2024,180,28.9,25.6,34,"strop"
"4204","MX",25.733,-100.3,515,2024,181,29.7,25,35,"strop"
"4205","MX",25.733,-100.3,515,2024,182,25.9,22.7,34,"strop"
"4206","MX",25.733,-100.3,515,2024,183,25.3,22.2,29.4,"strop"
"4207","MX",25.733,-100.3,515,2024,184,26,22,30.2,"strop"
"4208","MX",25.733,-100.3,515,2024,185,28.1,24.4,34.2,"strop"
"4209","MX",25.733,-100.3,515,2024,186,29.1,25,33.8,"strop"
"4210","MX",25.733,-100.3,515,2024,187,28.9,24.6,34,"strop"
"4211","MX",25.733,-100.3,515,2024,188,29.9,25,35,"strop"
"4212","MX",25.733,-100.3,515,2024,189,29.9,25,35.8,"strop"
"4213","MX",25.733,-100.3,515,2024,190,31.2,25,36.6,"strop"
"4214","MX",25.733,-100.3,515,2024,191,30.7,25,37,"strop"
"4215","MX",25.733,-100.3,515,2024,192,28.5,25.2,33.8,"strop"
"4216","MX",25.733,-100.3,515,2024,193,27.1,23.8,31.6,"strop"
"4217","MX",25.733,-100.3,515,2024,194,25.1,22.6,32.8,"strop"
"4218","MX",25.733,-100.3,515,2024,195,25.2,23.2,29.6,"strop"
"4219","MX",25.733,-100.3,515,2024,196,28.1,23,32.6,"strop"
"4220","MX",25.733,-100.3,515,2024,197,28.7,24.4,33.6,"strop"
"4221","MX",25.733,-100.3,515,2024,198,28.1,23.8,34.2,"strop"
"4222","MX",25.733,-100.3,515,2024,199,27.9,24.8,31.2,"strop"
"4223","MX",25.733,-100.3,515,2024,200,27,23,33,"strop"
"4224","MX",25.733,-100.3,515,2024,201,27.7,24.2,33.8,"strop"
"4225","MX",25.733,-100.3,515,2024,202,28.5,25,33,"strop"
"4226","MX",25.733,-100.3,515,2024,203,29.5,24.8,34.2,"strop"
"4227","MX",25.733,-100.3,515,2024,204,28.1,24,33,"strop"
"4228","MX",25.733,-100.3,515,2024,205,27.9,23.4,33.6,"strop"
"4229","MX",25.733,-100.3,515,2024,206,27.2,23.4,34,"strop"
"4230","MX",25.733,-100.3,515,2024,207,25.3,23.6,28.2,"strop"
"4231","MX",25.733,-100.3,515,2024,208,25.4,23,34,"strop"
"4232","MX",25.733,-100.3,515,2024,209,26.6,23,31.6,"strop"
"4233","MX",25.733,-100.3,515,2024,210,26.5,24,33.2,"strop"
"4234","MX",25.733,-100.3,515,2024,211,28.2,25,33.6,"strop"
"4235","MX",25.733,-100.3,515,2024,212,28.3,24.4,33.8,"strop"
"4236","MX",25.733,-100.3,515,2024,213,28.3,24.4,35,"strop"
"4237","MX",25.733,-100.3,515,2024,214,28.2,21.9,33.4,"strop"
"4238","MX",25.733,-100.3,515,2024,215,26.7,24.4,34.4,"strop"
"4239","MX",25.733,-100.3,515,2024,216,29.8,24.8,35.2,"strop"
"4240","MX",25.733,-100.3,515,2024,217,30.9,24.4,36.2,"strop"
"4241","MX",25.733,-100.3,515,2024,218,31.5,24.6,36.8,"strop"
"4242","MX",25.733,-100.3,515,2024,219,30.1,24.6,35.6,"strop"
"4243","MX",25.733,-100.3,515,2024,220,31.5,26.2,37.4,"strop"
"4244","MX",25.733,-100.3,515,2024,221,32.9,27.2,38.6,"strop"
"4245","MX",25.733,-100.3,515,2024,222,31.4,26,39.6,"strop"
"4246","MX",25.733,-100.3,515,2024,223,28.8,24.4,34,"strop"
"4247","MX",25.733,-100.3,515,2024,224,28.1,24,35,"strop"
"4248","MX",25.733,-100.3,515,2024,226,28.9,23.8,36,"strop"
"4249","MX",25.733,-100.3,515,2024,227,29.6,24.6,34.4,"strop"
"4250","MX",25.733,-100.3,515,2024,228,29.9,25.2,34.2,"strop"
"4251","MX",25.733,-100.3,515,2024,229,30.6,25.4,34.8,"strop"
"4252","MX",25.733,-100.3,515,2024,230,30.2,25.4,35.4,"strop"
"4253","MX",25.733,-100.3,515,2024,231,32.3,24.8,36,"strop"
"4254","MX",25.733,-100.3,515,2024,232,29.4,25.2,34,"strop"
"4255","MX",25.733,-100.3,515,2024,233,30.4,24.8,36.2,"strop"
"4256","MX",25.733,-100.3,515,2024,234,31.8,25.6,37.8,"strop"
"4257","MX",25.733,-100.3,515,2024,235,32.4,24.8,38.8,"strop"
"4258","MX",25.733,-100.3,515,2024,236,31.4,25.6,38.6,"strop"
"4259","MX",25.733,-100.3,515,2024,237,31.1,24.6,36,"strop"
"4260","MX",25.733,-100.3,515,2024,238,30.5,25,34.6,"strop"
"4261","MX",25.733,-100.3,515,2024,239,30.3,25,35.6,"strop"
"4262","MX",25.733,-100.3,515,2024,240,29.4,24.6,35.4,"strop"
"4263","MX",25.733,-100.3,515,2024,241,27.4,23.6,34.2,"strop"
"4264","MX",25.733,-100.3,515,2024,242,30.6,25,33.8,"strop"
"4265","MX",25.733,-100.3,515,2024,243,29.2,25,35.4,"strop"
"4266","MX",25.733,-100.3,515,2024,244,28.6,25.8,33.6,"strop"
"4267","MX",25.733,-100.3,515,2024,245,28.1,24.6,30.2,"strop"
"4268","MX",25.733,-100.3,515,2024,246,27.4,24,31.4,"strop"
"4269","MX",25.733,-100.3,515,2024,247,26.7,23.6,32.4,"strop"
"4270","MX",25.733,-100.3,515,2024,248,26.5,23.6,33.2,"strop"
"4271","MX",25.733,-100.3,515,2024,249,24.6,23,32.4,"strop"
"4272","MX",25.733,-100.3,515,2024,250,24.7,23,31,"strop"
"4273","MX",25.733,-100.3,515,2024,251,25.9,22,30.2,"strop"
"4274","MX",25.733,-100.3,515,2024,252,25.6,21.8,30,"strop"
"4275","MX",25.733,-100.3,515,2024,253,25.8,21.2,28.6,"strop"
"4276","MX",25.733,-100.3,515,2024,254,26.8,24,31.4,"strop"
"4277","MX",25.733,-100.3,515,2024,255,27.9,24.2,33,"strop"
"4278","MX",25.733,-100.3,515,2024,256,28.2,24,34.4,"strop"
"4279","MX",25.733,-100.3,515,2024,257,28.7,26,32.2,"strop"
"4280","MX",25.733,-100.3,515,2024,258,28.2,25.8,31.4,"strop"
"4281","MX",25.733,-100.3,515,2024,259,25.7,22.2,29,"strop"
"4282","MX",25.733,-100.3,515,2024,260,23.9,21.8,28.4,"strop"
"4283","MX",25.733,-100.3,515,2024,261,25.3,23.6,30.2,"strop"
"4284","MX",25.733,-100.3,515,2024,262,26.6,24.4,30,"strop"
"4285","MX",25.733,-100.3,515,2024,263,28.3,25.4,33.4,"strop"
"4286","MX",25.733,-100.3,515,2024,264,28.8,26,33.4,"strop"
"4287","MX",25.733,-100.3,515,2024,265,27.3,24.8,33.4,"strop"
"4288","MX",25.733,-100.3,515,2024,266,27.9,24.4,32.4,"strop"
"4289","MX",25.733,-100.3,515,2024,267,28.8,24.6,32.6,"strop"
"4290","MX",25.733,-100.3,515,2024,268,28.3,24,33.6,"strop"
"4291","MX",25.733,-100.3,515,2024,269,29.3,22.6,35,"strop"
"4292","MX",25.733,-100.3,515,2024,270,27.6,23.4,32,"strop"
"4293","MX",25.733,-100.3,515,2024,271,25.3,22,30.8,"strop"
"4294","MX",25.733,-100.3,515,2024,272,25.7,21,33,"strop"
"4295","MX",25.733,-100.3,515,2024,273,27.9,21,35,"strop"
"4296","MX",25.733,-100.3,515,2024,274,29.8,21.8,34.8,"strop"
"4297","MX",25.733,-100.3,515,2024,275,30.6,21.8,35.6,"strop"
"4298","MX",25.733,-100.3,515,2024,276,32.3,30.8,33.2,"strop"
"4299","MX",25.733,-100.3,515,2024,277,28.7,21,34.2,"strop"
"4300","MX",25.733,-100.3,515,2024,278,27.4,21.8,34,"strop"
"4301","MX",25.733,-100.3,515,2024,279,23,21,31.2,"strop"
"4302","MX",25.733,-100.3,515,2024,280,26.2,21.4,30,"strop"
"4303","MX",25.733,-100.3,515,2024,281,25.5,22.4,28.6,"strop"
"4304","MX",25.733,-100.3,515,2024,282,27,20,32,"strop"
"4305","MX",25.733,-100.3,515,2024,283,28.9,20,33,"strop"
"4306","MX",25.733,-100.3,515,2024,284,28.1,19,34,"strop"
"4307","MX",25.733,-100.3,515,2024,285,28.4,19,33,"strop"
"4308","MX",25.733,-100.3,515,2024,286,26.7,19,32.4,"strop"
"4309","MX",25.733,-100.3,515,2024,287,22.8,18,32.6,"strop"
"4310","MX",25.733,-100.3,515,2024,288,26.3,19,33.4,"strop"
"4311","MX",25.733,-100.3,515,2024,289,24.8,18,34,"strop"
"4312","MX",25.733,-100.3,515,2024,290,24.3,19,33.6,"strop"
"4313","MX",25.733,-100.3,515,2024,291,21.3,18,32,"strop"
"4314","MX",25.733,-100.3,515,2024,292,20.3,19,22.8,"strop"
"4315","MX",25.733,-100.3,515,2024,293,21.3,18.6,23.4,"strop"
"4316","MX",25.733,-100.3,515,2024,294,21.8,20.2,25,"strop"
"4317","MX",25.733,-100.3,515,2024,295,21.8,20,29,"strop"
"4318","MX",25.733,-100.3,515,2024,296,24.3,21.2,27.6,"strop"
"4319","MX",25.733,-100.3,515,2024,297,25,21.2,29.2,"strop"
"4320","MX",25.733,-100.3,515,2024,298,23.9,19,30.6,"strop"
"4321","MX",25.733,-100.3,515,2024,299,24,18,30.2,"strop"
"4322","MX",25.733,-100.3,515,2024,300,23.8,18,31.6,"strop"
"4323","MX",25.733,-100.3,515,2024,301,21.7,19,31,"strop"
"4324","MX",25.733,-100.3,515,2024,302,22.8,18,31,"strop"
"4325","MX",25.733,-100.3,515,2024,303,22.8,18,30,"strop"
"4326","MX",25.733,-100.3,515,2024,304,24.6,21.4,30.6,"strop"
"4327","MX",25.733,-100.3,515,2024,305,23.9,20.2,31.8,"strop"
"4328","MX",25.733,-100.3,515,2024,306,24.8,23.2,28.2,"strop"
"4329","MX",25.733,-100.3,515,2024,307,27,23,29.8,"strop"
"4330","MX",25.733,-100.3,515,2024,308,26.7,22.2,30.6,"strop"
"4331","MX",25.733,-100.3,515,2024,309,26.1,22.4,33.8,"strop"
"4332","MX",25.733,-100.3,515,2024,310,25.1,20.8,30.2,"strop"
"4333","MX",25.733,-100.3,515,2024,311,21.8,16.8,29,"strop"
"4334","MX",25.733,-100.3,515,2024,312,24.5,18.8,30,"strop"
"4335","MX",25.733,-100.3,515,2024,313,26.6,23.2,30.4,"strop"
"4336","MX",25.733,-100.3,515,2024,314,22.2,18.4,27.6,"strop"
"4337","MX",25.733,-100.3,515,2024,315,21,19.4,24.8,"strop"
"4338","MX",25.733,-100.3,515,2024,316,23.2,19.8,26.6,"strop"
"4339","MX",25.733,-100.3,515,2024,317,23.1,19.4,28,"strop"
"4340","MX",25.733,-100.3,515,2024,318,24.7,21,31.6,"strop"
"4341","MX",25.733,-100.3,515,2024,319,24,20,28,"strop"
"4342","MX",25.733,-100.3,515,2024,320,21.6,17.8,25,"strop"
"4343","MX",25.733,-100.3,515,2024,321,22.4,18.6,26,"strop"
"4344","MX",25.733,-100.3,515,2024,322,22.3,19.8,26,"strop"
"4345","MX",25.733,-100.3,515,2024,327,19.9,14,26,"strop"
"4346","MX",25.733,-100.3,515,2024,328,20.6,13,27.4,"strop"
"4347","MX",25.733,-100.3,515,2024,329,21.4,15.8,27.2,"strop"
"4348","MX",25.733,-100.3,515,2024,330,23.1,17,31.4,"strop"
"4349","MX",25.733,-100.3,515,2024,331,19.7,16.2,32,"strop"
"4350","MX",25.733,-100.3,515,2024,332,19.3,14.6,29.8,"strop"
"4351","MX",25.733,-100.3,515,2024,333,20.7,14,31,"strop"
"4352","MX",25.733,-100.3,515,2024,334,15.3,13.2,18.8,"strop"
"4353","MX",25.733,-100.3,515,2024,337,18,16.6,19.6,"strop"
"4354","MX",25.733,-100.3,515,2024,338,13.7,13,15,"strop"
"4355","MX",25.733,-100.3,515,2024,339,15.3,12.8,19,"strop"
"4356","MX",25.733,-100.3,515,2024,340,17.1,15.2,20.8,"strop"
"4357","MX",25.733,-100.3,515,2024,341,15.1,13.4,17.6,"strop"
"4358","MX",25.733,-100.3,515,2024,342,11.8,9.4,13.4,"strop"
"4359","MX",25.733,-100.3,515,2024,343,12.1,9,15.4,"strop"
"4360","MX",25.733,-100.3,515,2024,344,21.4,14.6,28,"strop"
"4361","MX",25.733,-100.3,515,2024,345,20.6,14.6,31.2,"strop"
"4362","MX",25.733,-100.3,515,2024,346,12.8,8.8,17.6,"strop"
"4363","MX",25.733,-100.3,515,2024,347,12.4,7.6,19.4,"strop"
"4364","MX",25.733,-100.3,515,2024,348,15.4,11.8,22.7,"strop"
"4365","MX",25.733,-100.3,515,2024,349,17.4,11,24.4,"strop"
"4366","MX",25.733,-100.3,515,2024,350,24.3,21.4,26.6,"strop"
"4367","MX",25.733,-100.3,515,2024,351,22.4,13,27,"strop"
"4368","MX",25.733,-100.3,515,2024,352,21.6,17,25,"strop"
"4369","MX",25.733,-100.3,515,2024,353,23.3,18,25.6,"strop"
"4370","MX",25.733,-100.3,515,2024,354,21.3,18,27,"strop"
"4371","MX",25.733,-100.3,515,2024,355,17.9,15,23.8,"strop"
"4372","MX",25.733,-100.3,515,2024,356,15.9,14.9,17.2,"strop"
"4373","MX",25.733,-100.3,515,2024,357,17.3,14.4,19,"strop"
"4374","MX",25.733,-100.3,515,2024,358,23.6,17,25.2,"strop"
"4375","MX",25.733,-100.3,515,2024,359,21.8,15.7,27.2,"strop"
"4376","MX",25.733,-100.3,515,2024,360,23.7,22.6,24.6,"strop"
"4377","MX",25.733,-100.3,515,2024,361,23.2,18,29.6,"strop"
"4378","MX",25.733,-100.3,515,2024,362,22.6,14,30.6,"strop"
"4379","MX",25.733,-100.3,515,2024,363,23.9,16,31.8,"strop"
"4380","MX",25.733,-100.3,515,2024,364,23.3,15,29.2,"strop"
"4381","MX",25.733,-100.3,515,2024,365,24.1,15,32.8,"strop"
"4382","MX",25.733,-100.3,515,2024,366,25.4,13.8,34,"strop"
"4383","CA",53.667,-113.467,688,2022,1,-27.7,-32,-20,"temp"
"4384","CA",53.667,-113.467,688,2022,2,-10.6,-20,-3,"temp"
"4385","CA",53.667,-113.467,688,2022,3,-23.4,-25.1,-19,"temp"
"4386","CA",53.667,-113.467,688,2022,4,-26.5,-29,-24,"temp"
"4387","CA",53.667,-113.467,688,2022,5,-30.7,-34.6,-25.2,"temp"
"4388","CA",53.667,-113.467,688,2022,6,-27.6,-34.6,-27,"temp"
"4389","CA",53.667,-113.467,688,2022,10,-11,-17,-6,"temp"
"4390","CA",53.667,-113.467,688,2022,11,0.9,-6,4,"temp"
"4391","CA",53.667,-113.467,688,2022,12,1.7,-1,4,"temp"
"4392","CA",53.667,-113.467,688,2022,13,0.7,-1,2,"temp"
"4393","CA",53.667,-113.467,688,2022,14,-3.2,-7,0,"temp"
"4394","CA",53.667,-113.467,688,2022,17,0.5,-7,2,"temp"
"4395","CA",53.667,-113.467,688,2022,18,-16,-23,-8,"temp"
"4396","CA",53.667,-113.467,688,2022,19,-21.7,-25,-17,"temp"
"4397","CA",53.667,-113.467,688,2022,20,-10.3,-18,2,"temp"
"4398","CA",53.667,-113.467,688,2022,21,-1.4,-8,4,"temp"
"4399","CA",53.667,-113.467,688,2022,24,-7,-8,-6,"temp"
"4400","CA",53.667,-113.467,688,2022,25,-2.7,-9,4,"temp"
"4401","CA",53.667,-113.467,688,2022,26,2.1,1,4,"temp"
"4402","CA",53.667,-113.467,688,2022,27,-1.3,-5,1,"temp"
"4403","CA",53.667,-113.467,688,2022,28,-1.5,-4,2,"temp"
"4404","CA",53.667,-113.467,688,2022,31,-15,-16,-14,"temp"
"4405","CA",53.667,-113.467,688,2022,32,-18.4,-20,-16,"temp"
"4406","CA",53.667,-113.467,688,2022,33,-21.1,-26,-19,"temp"
"4407","CA",53.667,-113.467,688,2022,34,-20.2,-21,-19,"temp"
"4408","CA",53.667,-113.467,688,2022,35,-16.3,-22,-9,"temp"
"4409","CA",53.667,-113.467,688,2022,38,6.4,5,8,"temp"
"4410","CA",53.667,-113.467,688,2022,39,4.6,1,7,"temp"
"4411","CA",53.667,-113.467,688,2022,40,3.7,0,6,"temp"
"4412","CA",53.667,-113.467,688,2022,41,5.2,3,7,"temp"
"4413","CA",53.667,-113.467,688,2022,42,-2.2,-6,3,"temp"
"4414","CA",53.667,-113.467,688,2022,45,-5.1,-6,-4,"temp"
"4415","CA",53.667,-113.467,688,2022,46,-6.2,-9,-5,"temp"
"4416","CA",53.667,-113.467,688,2022,47,-13.3,-16,-9,"temp"
"4417","CA",53.667,-113.467,688,2022,48,-2.8,-15,5,"temp"
"4418","CA",53.667,-113.467,688,2022,53,-21,-27,-17,"temp"
"4419","CA",53.667,-113.467,688,2022,54,-18.3,-22,-13,"temp"
"4420","CA",53.667,-113.467,688,2022,55,-7.7,-9,-7,"temp"
"4421","CA",53.667,-113.467,688,2022,56,-8.2,-14,-1,"temp"
"4422","CA",53.667,-113.467,688,2022,59,-7.3,-13,-5,"temp"
"4423","CA",53.667,-113.467,688,2022,60,-5.2,-7,-4,"temp"
"4424","CA",53.667,-113.467,688,2022,61,-7,-8,-5,"temp"
"4425","CA",53.667,-113.467,688,2022,62,-9,-11,-6,"temp"
"4426","CA",53.667,-113.467,688,2022,63,-9.8,-11,-8,"temp"
"4427","CA",53.667,-113.467,688,2022,66,-1.7,-3,0,"temp"
"4428","CA",53.667,-113.467,688,2022,67,-6.6,-8,-3,"temp"
"4429","CA",53.667,-113.467,688,2022,68,-12,-15,-8,"temp"
"4430","CA",53.667,-113.467,688,2022,69,-12.2,-16,-8,"temp"
"4431","CA",53.667,-113.467,688,2022,70,-11.9,-19,-3,"temp"
"4432","CA",53.667,-113.467,688,2022,73,-3.4,-8,1,"temp"
"4433","CA",53.667,-113.467,688,2022,74,2.2,-4,9,"temp"
"4434","CA",53.667,-113.467,688,2022,75,5.6,2,7,"temp"
"4435","CA",53.667,-113.467,688,2022,76,5.2,0,9,"temp"
"4436","CA",53.667,-113.467,688,2022,77,3.2,-2,8,"temp"
"4437","CA",53.667,-113.467,688,2022,80,5,0,8,"temp"
"4438","CA",53.667,-113.467,688,2022,81,6.1,-1,11,"temp"
"4439","CA",53.667,-113.467,688,2022,82,10.7,5,18,"temp"
"4440","CA",53.667,-113.467,688,2022,83,5.7,2,15,"temp"
"4441","CA",53.667,-113.467,688,2022,84,1.6,-1,5,"temp"
"4442","CA",53.667,-113.467,688,2022,87,-1.2,-2,0,"temp"
"4443","CA",53.667,-113.467,688,2022,88,0.7,-6,7,"temp"
"4444","CA",53.667,-113.467,688,2022,89,5.1,-1,8,"temp"
"4445","CA",53.667,-113.467,688,2022,90,4.4,2,7,"temp"
"4446","CA",53.667,-113.467,688,2022,91,1.6,0,4,"temp"
"4447","CA",53.667,-113.467,688,2022,94,7.1,-1,13,"temp"
"4448","CA",53.667,-113.467,688,2022,95,5.2,2,8,"temp"
"4449","CA",53.667,-113.467,688,2022,96,4.8,1,8,"temp"
"4450","CA",53.667,-113.467,688,2022,97,6.1,-3,15,"temp"
"4451","CA",53.667,-113.467,688,2022,98,8.3,3,14,"temp"
"4452","CA",53.667,-113.467,688,2022,101,-6.3,-9,-2,"temp"
"4453","CA",53.667,-113.467,688,2022,102,-7.6,-11,-4,"temp"
"4454","CA",53.667,-113.467,688,2022,103,-7.3,-12,-4,"temp"
"4455","CA",53.667,-113.467,688,2022,104,-6.4,-12,-3,"temp"
"4456","CA",53.667,-113.467,688,2022,110,-2.8,-5,-1,"temp"
"4457","CA",53.667,-113.467,688,2022,115,10.1,2,16,"temp"
"4458","CA",53.667,-113.467,688,2022,116,9.1,1,16,"temp"
"4459","CA",53.667,-113.467,688,2022,117,3.7,0,13,"temp"
"4460","CA",53.667,-113.467,688,2022,118,7.6,1,12,"temp"
"4461","CA",53.667,-113.467,688,2022,119,6.1,0,11,"temp"
"4462","CA",53.667,-113.467,688,2022,122,9.6,3,14,"temp"
"4463","CA",53.667,-113.467,688,2022,123,6.3,1,14,"temp"
"4464","CA",53.667,-113.467,688,2022,124,11.9,6,18,"temp"
"4465","CA",53.667,-113.467,688,2022,125,14.1,6,23,"temp"
"4466","CA",53.667,-113.467,688,2022,126,14.2,10,23,"temp"
"4467","CA",53.667,-113.467,688,2022,129,5.1,3,8,"temp"
"4468","CA",53.667,-113.467,688,2022,130,3.2,-1,8,"temp"
"4469","CA",53.667,-113.467,688,2022,131,9.9,4,15,"temp"
"4470","CA",53.667,-113.467,688,2022,132,12.2,2,19,"temp"
"4471","CA",53.667,-113.467,688,2022,133,14.2,6,19,"temp"
"4472","CA",53.667,-113.467,688,2022,136,14.8,11,19,"temp"
"4473","CA",53.667,-113.467,688,2022,137,12.7,7,19,"temp"
"4474","CA",53.667,-113.467,688,2022,138,11.3,8,14,"temp"
"4475","CA",53.667,-113.467,688,2022,139,7.4,5,10,"temp"
"4476","CA",53.667,-113.467,688,2022,140,6.8,3,10,"temp"
"4477","CA",53.667,-113.467,688,2022,144,13.3,8,18,"temp"
"4478","CA",53.667,-113.467,688,2022,145,13.5,7,19,"temp"
"4479","CA",53.667,-113.467,688,2022,146,12.4,6,19,"temp"
"4480","CA",53.667,-113.467,688,2022,147,14.4,12,18,"temp"
"4481","CA",53.667,-113.467,688,2022,150,12.8,9,16,"temp"
"4482","CA",53.667,-113.467,688,2022,151,12.8,6,19,"temp"
"4483","CA",53.667,-113.467,688,2022,152,13.9,7,20,"temp"
"4484","CA",53.667,-113.467,688,2022,153,15.5,7,21,"temp"
"4485","CA",53.667,-113.467,688,2022,154,16.7,9,24,"temp"
"4486","CA",53.667,-113.467,688,2022,155,18.9,15,22,"temp"
"4487","CA",53.667,-113.467,688,2022,157,11.3,10,15,"temp"
"4488","CA",53.667,-113.467,688,2022,158,12.8,10,18,"temp"
"4489","CA",53.667,-113.467,688,2022,159,15.8,11,22,"temp"
"4490","CA",53.667,-113.467,688,2022,160,15.2,7,23,"temp"
"4491","CA",53.667,-113.467,688,2022,161,16.5,15,22,"temp"
"4492","CA",53.667,-113.467,688,2022,164,17.6,10,21,"temp"
"4493","CA",53.667,-113.467,688,2022,165,13.6,12,18,"temp"
"4494","CA",53.667,-113.467,688,2022,166,14.2,12,18,"temp"
"4495","CA",53.667,-113.467,688,2022,167,18.6,14,21,"temp"
"4496","CA",53.667,-113.467,688,2022,168,15.6,13,18,"temp"
"4497","CA",53.667,-113.467,688,2022,171,16.6,13,20,"temp"
"4498","CA",53.667,-113.467,688,2022,172,16.5,10,23,"temp"
"4499","CA",53.667,-113.467,688,2022,173,17.2,14,20,"temp"
"4500","CA",53.667,-113.467,688,2022,174,13.9,11,16,"temp"
"4501","CA",53.667,-113.467,688,2022,175,13.2,11,15,"temp"
"4502","CA",53.667,-113.467,688,2022,178,15.6,12,18,"temp"
"4503","CA",53.667,-113.467,688,2022,179,17.7,11,21,"temp"
"4504","CA",53.667,-113.467,688,2022,180,16.7,12,20,"temp"
"4505","CA",53.667,-113.467,688,2022,186,13.3,12,14,"temp"
"4506","CA",53.667,-113.467,688,2022,187,15.6,12,19,"temp"
"4507","CA",53.667,-113.467,688,2022,188,17.7,14,21,"temp"
"4508","CA",53.667,-113.467,688,2022,189,17.5,11.7,24,"temp"
"4509","CA",53.667,-113.467,688,2022,192,20.7,14,25,"temp"
"4510","CA",53.667,-113.467,688,2022,193,22.1,15,30,"temp"
"4511","CA",53.667,-113.467,688,2022,194,20.7,13,28,"temp"
"4512","CA",53.667,-113.467,688,2022,195,19.2,12,26,"temp"
"4513","CA",53.667,-113.467,688,2022,196,22.9,15,28,"temp"
"4514","CA",53.667,-113.467,688,2022,199,23.5,18,27,"temp"
"4515","CA",53.667,-113.467,688,2022,200,22,18,27,"temp"
"4516","CA",53.667,-113.467,688,2022,201,19.7,13,23,"temp"
"4517","CA",53.667,-113.467,688,2022,202,23,15,26,"temp"
"4518","CA",53.667,-113.467,688,2022,203,17.2,12,21,"temp"
"4519","CA",53.667,-113.467,688,2022,206,17.4,15,22,"temp"
"4520","CA",53.667,-113.467,688,2022,207,20.7,15,24,"temp"
"4521","CA",53.667,-113.467,688,2022,208,24.3,17,28,"temp"
"4522","CA",53.667,-113.467,688,2022,209,26.2,19,31,"temp"
"4523","CA",53.667,-113.467,688,2022,210,23.2,20,28,"temp"
"4524","CA",53.667,-113.467,688,2022,215,16.7,11,19,"temp"
"4525","CA",53.667,-113.467,688,2022,216,15.3,13,18,"temp"
"4526","CA",53.667,-113.467,688,2022,217,12.9,10,16,"temp"
"4527","CA",53.667,-113.467,688,2022,220,20.2,15,23,"temp"
"4528","CA",53.667,-113.467,688,2022,221,16.6,10,23,"temp"
"4529","CA",53.667,-113.467,688,2022,222,18.4,11,26,"temp"
"4530","CA",53.667,-113.467,688,2022,223,20.9,13,27,"temp"
"4531","CA",53.667,-113.467,688,2022,224,20.9,12,27,"temp"
"4532","CA",53.667,-113.467,688,2022,227,22.8,13,28,"temp"
"4533","CA",53.667,-113.467,688,2022,228,22.3,13,26.1,"temp"
"4534","CA",53.667,-113.467,688,2022,229,21.2,14,26,"temp"
"4535","CA",53.667,-113.467,688,2022,230,22.1,11,28,"temp"
"4536","CA",53.667,-113.467,688,2022,231,18,15.7,25,"temp"
"4537","CA",53.667,-113.467,688,2022,234,19.6,10,26,"temp"
"4538","CA",53.667,-113.467,688,2022,235,22.1,16,27,"temp"
"4539","CA",53.667,-113.467,688,2022,236,22.9,11,28,"temp"
"4540","CA",53.667,-113.467,688,2022,237,23.7,13,29,"temp"
"4541","CA",53.667,-113.467,688,2022,238,26.2,22,29,"temp"
"4542","CA",53.667,-113.467,688,2022,241,20.4,11,27,"temp"
"4543","CA",53.667,-113.467,688,2022,242,24.9,17,31,"temp"
"4544","CA",53.667,-113.467,688,2022,243,25.4,20,30,"temp"
"4545","CA",53.667,-113.467,688,2022,244,21.6,17,30,"temp"
"4546","CA",53.667,-113.467,688,2022,245,14.2,10,21,"temp"
"4547","CA",53.667,-113.467,688,2022,249,18.1,15,20,"temp"
"4548","CA",53.667,-113.467,688,2022,250,15.6,13.5,19,"temp"
"4549","CA",53.667,-113.467,688,2022,251,12.9,8,19,"temp"
"4550","CA",53.667,-113.467,688,2022,252,11.9,4,17,"temp"
"4551","CA",53.667,-113.467,688,2022,255,14.1,6,20,"temp"
"4552","CA",53.667,-113.467,688,2022,256,14.3,7,20,"temp"
"4553","CA",53.667,-113.467,688,2022,257,15.2,6,21,"temp"
"4554","CA",53.667,-113.467,688,2022,258,16.3,6,21,"temp"
"4555","CA",53.667,-113.467,688,2022,259,14.2,8,20,"temp"
"4556","CA",53.667,-113.467,688,2022,263,9.8,4,14,"temp"
"4557","CA",53.667,-113.467,688,2022,264,11.4,3,20,"temp"
"4558","CA",53.667,-113.467,688,2022,265,14.3,6,22,"temp"
"4559","CA",53.667,-113.467,688,2022,276,13.8,5,20,"temp"
"4560","CA",53.667,-113.467,688,2022,277,12.8,6,19,"temp"
"4561","CA",53.667,-113.467,688,2022,278,8.4,6,17,"temp"
"4562","CA",53.667,-113.467,688,2022,279,8.1,4,16,"temp"
"4563","CA",53.667,-113.467,688,2022,280,9.9,1.5,19,"temp"
"4564","CA",53.667,-113.467,688,2022,284,8.8,4,12,"temp"
"4565","CA",53.667,-113.467,688,2022,285,8.9,3,13,"temp"
"4566","CA",53.667,-113.467,688,2022,286,9.1,1,19.2,"temp"
"4567","CA",53.667,-113.467,688,2022,287,14.7,10,20,"temp"
"4568","CA",53.667,-113.467,688,2022,290,9.6,3,19,"temp"
"4569","CA",53.667,-113.467,688,2022,291,13.1,6,23,"temp"
"4570","CA",53.667,-113.467,688,2022,292,12.9,3,22,"temp"
"4571","CA",53.667,-113.467,688,2022,293,9.7,6,13,"temp"
"4572","CA",53.667,-113.467,688,2022,294,6.3,3.9,8,"temp"
"4573","CA",53.667,-113.467,688,2022,297,0.1,-2,3,"temp"
"4574","CA",53.667,-113.467,688,2022,298,2.4,-2,6,"temp"
"4575","CA",53.667,-113.467,688,2022,299,1.6,-5.3,8,"temp"
"4576","CA",53.667,-113.467,688,2022,300,10.5,5,16,"temp"
"4577","CA",53.667,-113.467,688,2022,301,8.2,6.7,12,"temp"
"4578","CA",53.667,-113.467,688,2022,304,1.4,-4,8,"temp"
"4579","CA",53.667,-113.467,688,2022,305,0.8,-1,2,"temp"
"4580","CA",53.667,-113.467,688,2022,306,-3.9,-5.9,1,"temp"
"4581","CA",53.667,-113.467,688,2022,307,-6.6,-9,-5,"temp"
"4582","CA",53.667,-113.467,688,2022,308,-3.1,-8,4,"temp"
"4583","CA",53.667,-113.467,688,2022,311,-14.6,-16.6,-13,"temp"
"4584","CA",53.667,-113.467,688,2022,312,-16.2,-18.7,-14,"temp"
"4585","CA",53.667,-113.467,688,2022,313,-18.4,-26,-13.5,"temp"
"4586","CA",53.667,-113.467,688,2022,314,-16.1,-21,-10,"temp"
"4587","CA",53.667,-113.467,688,2022,315,-13.7,-20.5,-8,"temp"
"4588","CA",53.667,-113.467,688,2022,318,-0.4,-4.5,2,"temp"
"4589","CA",53.667,-113.467,688,2022,319,-0.1,-6.5,4,"temp"
"4590","CA",53.667,-113.467,688,2022,320,-3.3,-7,2,"temp"
"4591","CA",53.667,-113.467,688,2022,321,-12,-20,-7,"temp"
"4592","CA",53.667,-113.467,688,2022,322,-6.9,-12,-3,"temp"
"4593","CA",53.667,-113.467,688,2022,325,2.8,0,5,"temp"
"4594","CA",53.667,-113.467,688,2022,326,2.4,0,6,"temp"
"4595","CA",53.667,-113.467,688,2022,327,2,-2,5,"temp"
"4596","CA",53.667,-113.467,688,2022,328,3.1,-1,9,"temp"
"4597","CA",53.667,-113.467,688,2022,329,2.1,-3,7,"temp"
"4598","CA",53.667,-113.467,688,2022,332,-11.7,-12.8,-11,"temp"
"4599","CA",53.667,-113.467,688,2022,333,-15.7,-18,-12,"temp"
"4600","CA",53.667,-113.467,688,2022,334,-18.9,-20.5,-17,"temp"
"4601","CA",53.667,-113.467,688,2022,335,-24.3,-27.4,-20,"temp"
"4602","CA",53.667,-113.467,688,2022,336,-23.6,-28,-19.9,"temp"
"4603","CA",53.667,-113.467,688,2022,339,-16.1,-19.2,-14,"temp"
"4604","CA",53.667,-113.467,688,2022,340,-26.6,-32,-19.7,"temp"
"4605","CA",53.667,-113.467,688,2022,341,-8.3,-14,-4,"temp"
"4606","CA",53.667,-113.467,688,2022,342,-7.5,-13,-3,"temp"
"4607","CA",53.667,-113.467,688,2022,343,-6.3,-10,-3,"temp"
"4608","CA",53.667,-113.467,688,2022,347,-12.5,-19,-7,"temp"
"4609","CA",53.667,-113.467,688,2022,348,-5.4,-8.8,-4,"temp"
"4610","CA",53.667,-113.467,688,2023,9,-5.7,-8,-4,"temp"
"4611","CA",53.667,-113.467,688,2023,10,-8.3,-11.2,-6,"temp"
"4612","CA",53.667,-113.467,688,2023,11,-5.6,-7,-4,"temp"
"4613","CA",53.667,-113.467,688,2023,12,-13,-15,-11,"temp"
"4614","CA",53.667,-113.467,688,2023,13,-14.6,-17,-12.9,"temp"
"4615","CA",53.667,-113.467,688,2023,16,-5.8,-7,-5,"temp"
"4616","CA",53.667,-113.467,688,2023,17,-6.6,-7.4,-6,"temp"
"4617","CA",53.667,-113.467,688,2023,18,-12.1,-16.4,-9,"temp"
"4618","CA",53.667,-113.467,688,2023,19,-6.9,-14,-0.9,"temp"
"4619","CA",53.667,-113.467,688,2023,20,-3.3,-6.2,2,"temp"
"4620","CA",53.667,-113.467,688,2023,23,-1.9,-5.3,3,"temp"
"4621","CA",53.667,-113.467,688,2023,24,2,0,3.1,"temp"
"4622","CA",53.667,-113.467,688,2023,25,0.2,-3.5,4,"temp"
"4623","CA",53.667,-113.467,688,2023,26,4.9,3.5,6,"temp"
"4624","CA",53.667,-113.467,688,2023,27,-4.6,-13,4,"temp"
"4625","CA",53.667,-113.467,688,2023,30,-12.2,-17.4,-8,"temp"
"4626","CA",53.667,-113.467,688,2023,31,-11.9,-14.5,-10,"temp"
"4627","CA",53.667,-113.467,688,2023,32,-15.4,-19,-11,"temp"
"4628","CA",53.667,-113.467,688,2023,33,-16.7,-20,-13,"temp"
"4629","CA",53.667,-113.467,688,2023,37,0.9,-3,4,"temp"
"4630","CA",53.667,-113.467,688,2023,38,4.1,3,5,"temp"
"4631","CA",53.667,-113.467,688,2023,39,-1.6,-7,3,"temp"
"4632","CA",53.667,-113.467,688,2023,40,-3.2,-11,1,"temp"
"4633","CA",53.667,-113.467,688,2023,41,1.4,-4.9,6,"temp"
"4634","CA",53.667,-113.467,688,2023,44,1.8,0,3,"temp"
"4635","CA",53.667,-113.467,688,2023,45,-8.9,-15.2,-4,"temp"
"4636","CA",53.667,-113.467,688,2023,46,-8.7,-11,-7,"temp"
"4637","CA",53.667,-113.467,688,2023,47,-0.6,-6.4,5,"temp"
"4638","CA",53.667,-113.467,688,2023,52,-19.2,-20,-18,"temp"
"4639","CA",53.667,-113.467,688,2023,53,-27.8,-31,-25.9,"temp"
"4640","CA",53.667,-113.467,688,2023,54,-24.4,-27.2,-21,"temp"
"4641","CA",53.667,-113.467,688,2023,55,-24.1,-31,-21,"temp"
"4642","CA",53.667,-113.467,688,2023,58,-8.8,-14.2,-6,"temp"
"4643","CA",53.667,-113.467,688,2023,59,-12.6,-16.4,-8,"temp"
"4644","CA",53.667,-113.467,688,2023,60,-8.1,-12,-1,"temp"
"4645","CA",53.667,-113.467,688,2023,61,-3.3,-8.5,6,"temp"
"4646","CA",53.667,-113.467,688,2023,62,-2.5,-8,1,"temp"
"4647","CA",53.667,-113.467,688,2023,65,-14.5,-15,-14,"temp"
"4648","CA",53.667,-113.467,688,2023,66,-14.8,-20,-10,"temp"
"4649","CA",53.667,-113.467,688,2023,67,-15.9,-21.6,-10,"temp"
"4650","CA",53.667,-113.467,688,2023,68,-15.6,-20.3,-11,"temp"
"4651","CA",53.667,-113.467,688,2023,69,-14.5,-18,-11,"temp"
"4652","CA",53.667,-113.467,688,2023,73,-8.5,-11.3,-2,"temp"
"4653","CA",53.667,-113.467,688,2023,74,-8.7,-16,-2.7,"temp"
"4654","CA",53.667,-113.467,688,2023,75,-3.9,-9,2,"temp"
"4655","CA",53.667,-113.467,688,2023,76,-1.2,-8,6,"temp"
"4656","CA",53.667,-113.467,688,2023,79,-2.1,-11,4,"temp"
"4657","CA",53.667,-113.467,688,2023,80,-8.3,-12,-4,"temp"
"4658","CA",53.667,-113.467,688,2023,81,0.1,-11,10,"temp"
"4659","CA",53.667,-113.467,688,2023,82,2.9,-6,8,"temp"
"4660","CA",53.667,-113.467,688,2023,83,-3.6,-6,-1,"temp"
"4661","CA",53.667,-113.467,688,2023,86,-7.6,-11.5,-6,"temp"
"4662","CA",53.667,-113.467,688,2023,87,-5.2,-13,0,"temp"
"4663","CA",53.667,-113.467,688,2023,88,-0.3,-6.5,5,"temp"
"4664","CA",53.667,-113.467,688,2023,89,-0.6,-3,2,"temp"
"4665","CA",53.667,-113.467,688,2023,90,-1.9,-7.2,3,"temp"
"4666","CA",53.667,-113.467,688,2023,93,0.1,-2,3,"temp"
"4667","CA",53.667,-113.467,688,2023,94,-0.2,-6,4,"temp"
"4668","CA",53.667,-113.467,688,2023,95,0.2,-5,5,"temp"
"4669","CA",53.667,-113.467,688,2023,96,2.1,-5,8,"temp"
"4670","CA",53.667,-113.467,688,2023,101,2.7,2,4,"temp"
"4671","CA",53.667,-113.467,688,2023,103,6.1,0,11,"temp"
"4672","CA",53.667,-113.467,688,2023,104,6.2,-2,10,"temp"
"4673","CA",53.667,-113.467,688,2023,107,8.9,7,11,"temp"
"4674","CA",53.667,-113.467,688,2023,109,4.1,1,8,"temp"
"4675","CA",53.667,-113.467,688,2023,110,1.7,-4,5,"temp"
"4676","CA",53.667,-113.467,688,2023,111,0.7,-4,3,"temp"
"4677","CA",53.667,-113.467,688,2023,114,8.2,2,13,"temp"
"4678","CA",53.667,-113.467,688,2023,115,9.1,2,15,"temp"
"4679","CA",53.667,-113.467,688,2023,116,8.8,0,14,"temp"
"4680","CA",53.667,-113.467,688,2023,117,9.1,3,14,"temp"
"4681","CA",53.667,-113.467,688,2023,118,13.7,8.1,18,"temp"
"4682","CA",53.667,-113.467,688,2023,122,21.1,13,28,"temp"
"4683","CA",53.667,-113.467,688,2023,123,17.1,12.6,22,"temp"
"4684","CA",53.667,-113.467,688,2023,124,23.7,20,30,"temp"
"4685","CA",53.667,-113.467,688,2023,125,20.1,12,28,"temp"
"4686","CA",53.667,-113.467,688,2023,129,14.2,10,19,"temp"
"4687","CA",53.667,-113.467,688,2023,130,14.4,7,20.2,"temp"
"4688","CA",53.667,-113.467,688,2023,131,15.2,8,19,"temp"
"4689","CA",53.667,-113.467,688,2023,132,16.3,8,24,"temp"
"4690","CA",53.667,-113.467,688,2023,137,15.8,8,20,"temp"
"4691","CA",53.667,-113.467,688,2023,138,11.8,3,19,"temp"
"4692","CA",53.667,-113.467,688,2023,139,18.6,11,26,"temp"
"4693","CA",53.667,-113.467,688,2023,143,17.3,12.2,21,"temp"
"4694","CA",53.667,-113.467,688,2023,144,13.8,8,20,"temp"
"4695","CA",53.667,-113.467,688,2023,145,14.5,9.2,18,"temp"
"4696","CA",53.667,-113.467,688,2023,146,16.7,7,22,"temp"
"4697","CA",53.667,-113.467,688,2023,149,20.8,15,26,"temp"
"4698","CA",53.667,-113.467,688,2023,150,20.6,13,25,"temp"
"4699","CA",53.667,-113.467,688,2023,151,18.1,10,24,"temp"
"4700","CA",53.667,-113.467,688,2023,152,15.2,14.1,16,"temp"
"4701","CA",53.667,-113.467,688,2023,153,18.7,12.2,25,"temp"
"4702","CA",53.667,-113.467,688,2023,156,17.6,14.2,21,"temp"
"4703","CA",53.667,-113.467,688,2023,157,18.6,9.7,24,"temp"
"4704","CA",53.667,-113.467,688,2023,158,22.1,15,29,"temp"
"4705","CA",53.667,-113.467,688,2023,159,22.1,10,29,"temp"
"4706","CA",53.667,-113.467,688,2023,160,22.9,16,30,"temp"
"4707","CA",53.667,-113.467,688,2023,163,27,26,28,"temp"
"4708","CA",53.667,-113.467,688,2023,164,24.2,18,30,"temp"
"4709","CA",53.667,-113.467,688,2023,165,12.6,11,15,"temp"
"4710","CA",53.667,-113.467,688,2023,166,11.6,9,19,"temp"
"4711","CA",53.667,-113.467,688,2023,167,18.4,13,23,"temp"
"4712","CA",53.667,-113.467,688,2023,170,9.5,8,12,"temp"
"4713","CA",53.667,-113.467,688,2023,171,9,8,10,"temp"
"4714","CA",53.667,-113.467,688,2023,172,13.6,7,18,"temp"
"4715","CA",53.667,-113.467,688,2023,173,16.8,9,21,"temp"
"4716","CA",53.667,-113.467,688,2023,174,18.3,15,22,"temp"
"4717","CA",53.667,-113.467,688,2023,175,22.1,15,26,"temp"
"4718","CA",53.667,-113.467,688,2023,177,20.9,9.7,26,"temp"
"4719","CA",53.667,-113.467,688,2023,178,23.2,18,26,"temp"
"4720","CA",53.667,-113.467,688,2023,179,22.2,14.2,27,"temp"
"4721","CA",53.667,-113.467,688,2023,180,24.4,19,27,"temp"
"4722","CA",53.667,-113.467,688,2023,186,20.4,12,24,"temp"
"4723","CA",53.667,-113.467,688,2023,187,20.8,14,24,"temp"
"4724","CA",53.667,-113.467,688,2023,188,20.5,12,24,"temp"
"4725","CA",53.667,-113.467,688,2023,189,20.8,17.5,23,"temp"
"4726","CA",53.667,-113.467,688,2023,191,17.2,15,20,"temp"
"4727","CA",53.667,-113.467,688,2023,192,17.4,10,22,"temp"
"4728","CA",53.667,-113.467,688,2023,193,19.3,14,25,"temp"
"4729","CA",53.667,-113.467,688,2023,194,20.8,15,24,"temp"
"4730","CA",53.667,-113.467,688,2023,195,19.1,15,22,"temp"
"4731","CA",53.667,-113.467,688,2023,198,18.7,12.7,22,"temp"
"4732","CA",53.667,-113.467,688,2023,199,16.2,12.7,19.1,"temp"
"4733","CA",53.667,-113.467,688,2023,200,20.3,13,24,"temp"
"4734","CA",53.667,-113.467,688,2023,201,21.3,14,25,"temp"
"4735","CA",53.667,-113.467,688,2023,202,22.8,13,27,"temp"
"4736","CA",53.667,-113.467,688,2023,205,22.4,16,26,"temp"
"4737","CA",53.667,-113.467,688,2023,206,21,14,26,"temp"
"4738","CA",53.667,-113.467,688,2023,207,14.8,11,20,"temp"
"4739","CA",53.667,-113.467,688,2023,208,13.9,12,15,"temp"
"4740","CA",53.667,-113.467,688,2023,212,21.7,15.5,25,"temp"
"4741","CA",53.667,-113.467,688,2023,213,20.6,14,25,"temp"
"4742","CA",53.667,-113.467,688,2023,214,19.9,15,24,"temp"
"4743","CA",53.667,-113.467,688,2023,215,19.9,14,24,"temp"
"4744","CA",53.667,-113.467,688,2023,220,16.3,13,18,"temp"
"4745","CA",53.667,-113.467,688,2023,221,17.3,15,22,"temp"
"4746","CA",53.667,-113.467,688,2023,222,17.2,13.2,21,"temp"
"4747","CA",53.667,-113.467,688,2023,223,17.4,12,22.4,"temp"
"4748","CA",53.667,-113.467,688,2023,226,21.6,15.9,25,"temp"
"4749","CA",53.667,-113.467,688,2023,227,24.7,15.6,31,"temp"
"4750","CA",53.667,-113.467,688,2023,228,22.6,18.7,26,"temp"
"4751","CA",53.667,-113.467,688,2023,229,23.2,17.7,30,"temp"
"4752","CA",53.667,-113.467,688,2023,230,17,11.9,28,"temp"
"4753","CA",53.667,-113.467,688,2023,233,17.4,10.6,21,"temp"
"4754","CA",53.667,-113.467,688,2023,234,18.1,17,20,"temp"
"4755","CA",53.667,-113.467,688,2023,235,16.7,15.7,18,"temp"
"4756","CA",53.667,-113.467,688,2023,236,16.8,13,20,"temp"
"4757","CA",53.667,-113.467,688,2023,237,16.2,8,22,"temp"
"4758","CA",53.667,-113.467,688,2023,240,22.2,14,29,"temp"
"4759","CA",53.667,-113.467,688,2023,241,22.4,14.4,30.2,"temp"
"4760","CA",53.667,-113.467,688,2023,242,22.4,14.7,27,"temp"
"4761","CA",53.667,-113.467,688,2023,243,18.9,15.7,23,"temp"
"4762","CA",53.667,-113.467,688,2023,248,11.3,7,15,"temp"
"4763","CA",53.667,-113.467,688,2023,249,12.4,5,18,"temp"
"4764","CA",53.667,-113.467,688,2023,250,15.7,10.7,19,"temp"
"4765","CA",53.667,-113.467,688,2023,251,16.7,11,22,"temp"
"4766","CA",53.667,-113.467,688,2023,254,18,13,23,"temp"
"4767","CA",53.667,-113.467,688,2023,255,17.7,13,21,"temp"
"4768","CA",53.667,-113.467,688,2023,256,16.4,12,20.1,"temp"
"4769","CA",53.667,-113.467,688,2023,257,14.7,9,18,"temp"
"4770","CA",53.667,-113.467,688,2023,258,16.2,6,24,"temp"
"4771","CA",53.667,-113.467,688,2023,261,11.3,9,13,"temp"
"4772","CA",53.667,-113.467,688,2023,262,10.3,5,15,"temp"
"4773","CA",53.667,-113.467,688,2023,263,10.9,7.4,14,"temp"
"4774","CA",53.667,-113.467,688,2023,264,11.6,2,17,"temp"
"4775","CA",53.667,-113.467,688,2023,265,15.6,5,21,"temp"
"4776","CA",53.667,-113.467,688,2023,268,13.4,3,22,"temp"
"4777","CA",53.667,-113.467,688,2023,269,14.7,12,20,"temp"
"4778","CA",53.667,-113.467,688,2023,270,14.1,8.5,18,"temp"
"4779","CA",53.667,-113.467,688,2023,271,13.8,5.2,17,"temp"
"4780","CA",53.667,-113.467,688,2023,276,11,3,15,"temp"
"4781","CA",53.667,-113.467,688,2023,277,10.4,7,14,"temp"
"4782","CA",53.667,-113.467,688,2023,278,5.8,2,12,"temp"
"4783","CA",53.667,-113.467,688,2023,279,6.3,-2,20,"temp"
"4784","CA",53.667,-113.467,688,2023,283,20.4,19,22,"temp"
"4785","CA",53.667,-113.467,688,2023,284,11.8,8.1,17,"temp"
"4786","CA",53.667,-113.467,688,2023,285,9.1,4.6,15,"temp"
"4787","CA",53.667,-113.467,688,2023,286,7.8,4,13,"temp"
"4788","CA",53.667,-113.467,688,2023,289,9.1,-1,16.2,"temp"
"4789","CA",53.667,-113.467,688,2023,290,8.6,5,11,"temp"
"4790","CA",53.667,-113.467,688,2023,291,11.3,2.5,20,"temp"
"4791","CA",53.667,-113.467,688,2023,292,16.2,9,21,"temp"
"4792","CA",53.667,-113.467,688,2023,293,9.9,3,13,"temp"
"4793","CA",53.667,-113.467,688,2023,296,-5.8,-7,-5,"temp"
"4794","CA",53.667,-113.467,688,2023,297,-7.2,-10.2,-5,"temp"
"4795","CA",53.667,-113.467,688,2023,298,-7.1,-10.1,-5,"temp"
"4796","CA",53.667,-113.467,688,2023,299,-6.5,-9,-4,"temp"
"4797","CA",53.667,-113.467,688,2023,300,-4.5,-7,-3,"temp"
"4798","CA",53.667,-113.467,688,2023,303,-0.8,-5,1,"temp"
"4799","CA",53.667,-113.467,688,2023,304,3.7,0,6,"temp"
"4800","CA",53.667,-113.467,688,2023,305,1.8,-4,6,"temp"
"4801","CA",53.667,-113.467,688,2023,306,1.7,-2,5,"temp"
"4802","CA",53.667,-113.467,688,2023,307,1.7,-3.5,6,"temp"
"4803","CA",53.667,-113.467,688,2023,310,-0.4,-8,5,"temp"
"4804","CA",53.667,-113.467,688,2023,311,-0.9,-2,0,"temp"
"4805","CA",53.667,-113.467,688,2023,312,1.5,-2.5,5,"temp"
"4806","CA",53.667,-113.467,688,2023,313,0.4,-4.5,5.1,"temp"
"4807","CA",53.667,-113.467,688,2023,314,0.7,-3.1,5,"temp"
"4808","CA",53.667,-113.467,688,2023,318,1.9,-5.2,6,"temp"
"4809","CA",53.667,-113.467,688,2023,319,-0.4,-4.5,2,"temp"
"4810","CA",53.667,-113.467,688,2023,320,-2.9,-8.7,4,"temp"
"4811","CA",53.667,-113.467,688,2023,321,1.6,0,3.1,"temp"
"4812","CA",53.667,-113.467,688,2023,324,-0.6,-4,1,"temp"
"4813","CA",53.667,-113.467,688,2023,325,-3.2,-7.7,1,"temp"
"4814","CA",53.667,-113.467,688,2023,326,-4.8,-7.4,0,"temp"
"4815","CA",53.667,-113.467,688,2023,327,-2.8,-7.2,3,"temp"
"4816","CA",53.667,-113.467,688,2023,328,-3.6,-4,-2,"temp"
"4817","CA",53.667,-113.467,688,2023,331,0.6,-2.2,2,"temp"
"4818","CA",53.667,-113.467,688,2023,332,2.4,-3.2,7,"temp"
"4819","CA",53.667,-113.467,688,2023,333,0.1,-2,2,"temp"
"4820","CA",53.667,-113.467,688,2023,334,-5,-11.7,-2,"temp"
"4821","CA",53.667,-113.467,688,2023,335,-9.2,-15.7,-5,"temp"
"4822","CA",53.667,-113.467,688,2023,338,-0.8,-4,1.1,"temp"
"4823","CA",53.667,-113.467,688,2023,339,1.3,-4,4,"temp"
"4824","CA",53.667,-113.467,688,2023,340,1.1,-3,4,"temp"
"4825","CA",53.667,-113.467,688,2023,341,-0.9,-2.1,0,"temp"
"4826","CA",53.667,-113.467,688,2023,342,-6.7,-10.5,-4,"temp"
"4827","CA",53.667,-113.467,688,2023,345,-7.1,-10,-5,"temp"
"4828","CA",53.667,-113.467,688,2023,346,-5.2,-9.2,1,"temp"
"4829","CA",53.667,-113.467,688,2023,347,-1.6,-3,0.2,"temp"
"4830","CA",53.667,-113.467,688,2024,8,-14,-19,-10,"temp"
"4831","CA",53.667,-113.467,688,2024,9,-15.3,-16,-15,"temp"
"4832","CA",53.667,-113.467,688,2024,10,-25.2,-27,-24,"temp"
"4833","CA",53.667,-113.467,688,2024,11,-30,-32.3,-26.7,"temp"
"4834","CA",53.667,-113.467,688,2024,12,-35.6,-43.7,-32.8,"temp"
"4835","CA",53.667,-113.467,688,2024,13,-36.8,-37,-36,"temp"
"4836","CA",53.667,-113.467,688,2024,15,-27.6,-35.4,-24,"temp"
"4837","CA",53.667,-113.467,688,2024,16,-17,-24,-14,"temp"
"4838","CA",53.667,-113.467,688,2024,17,-19.9,-23,-16,"temp"
"4839","CA",53.667,-113.467,688,2024,18,-20.6,-23,-18.8,"temp"
"4840","CA",53.667,-113.467,688,2024,19,-21.6,-28.4,-16,"temp"
"4841","CA",53.667,-113.467,688,2024,22,-13.3,-16,-11,"temp"
"4842","CA",53.667,-113.467,688,2024,23,-9.7,-14,-6,"temp"
"4843","CA",53.667,-113.467,688,2024,24,-3.7,-9,2,"temp"
"4844","CA",53.667,-113.467,688,2024,25,-5.9,-9.5,-2,"temp"
"4845","CA",53.667,-113.467,688,2024,26,0.1,-4.4,4,"temp"
"4846","CA",53.667,-113.467,688,2024,29,4.2,1.5,7,"temp"
"4847","CA",53.667,-113.467,688,2024,30,9.1,6,11,"temp"
"4848","CA",53.667,-113.467,688,2024,31,3.2,-6,7,"temp"
"4849","CA",53.667,-113.467,688,2024,32,4.2,0.9,8,"temp"
"4850","CA",53.667,-113.467,688,2024,33,-0.3,-3.3,3.1,"temp"
"4851","CA",53.667,-113.467,688,2024,36,-8.1,-9.2,-7,"temp"
"4852","CA",53.667,-113.467,688,2024,37,-6.9,-8,-5,"temp"
"4853","CA",53.667,-113.467,688,2024,38,-5.2,-6.9,-4,"temp"
"4854","CA",53.667,-113.467,688,2024,39,-4.1,-5.5,-3,"temp"
"4855","CA",53.667,-113.467,688,2024,40,-7.2,-14.7,-3,"temp"
"4856","CA",53.667,-113.467,688,2024,43,-1.6,-8.2,2,"temp"
"4857","CA",53.667,-113.467,688,2024,44,-3.9,-6,0,"temp"
"4858","CA",53.667,-113.467,688,2024,45,-6.9,-8.4,-3,"temp"
"4859","CA",53.667,-113.467,688,2024,46,-8.4,-11.6,-7,"temp"
"4860","CA",53.667,-113.467,688,2024,47,-11.2,-13,-7,"temp"
"4861","CA",53.667,-113.467,688,2024,51,-2.6,-8.5,2,"temp"
"4862","CA",53.667,-113.467,688,2024,52,-1.7,-8.9,4,"temp"
"4863","CA",53.667,-113.467,688,2024,53,3.8,-4.5,8,"temp"
"4864","CA",53.667,-113.467,688,2024,54,5.6,0,12,"temp"
"4865","CA",53.667,-113.467,688,2024,57,-20.9,-22,-20,"temp"
"4866","CA",53.667,-113.467,688,2024,58,-21.1,-25.4,-18,"temp"
"4867","CA",53.667,-113.467,688,2024,59,-18.9,-23,-15,"temp"
"4868","CA",53.667,-113.467,688,2024,60,-15.8,-18.3,-13,"temp"
"4869","CA",53.667,-113.467,688,2024,61,-18.3,-19.2,-17,"temp"
"4870","CA",53.667,-113.467,688,2024,64,-21.4,-25.3,-18,"temp"
"4871","CA",53.667,-113.467,688,2024,65,-19.8,-23,-18,"temp"
"4872","CA",53.667,-113.467,688,2024,66,-21.8,-28.2,-16,"temp"
"4873","CA",53.667,-113.467,688,2024,67,-10.8,-21,-3,"temp"
"4874","CA",53.667,-113.467,688,2024,68,-3.3,-12.4,4,"temp"
"4875","CA",53.667,-113.467,688,2024,71,1.9,-4,6,"temp"
"4876","CA",53.667,-113.467,688,2024,72,0.5,-3,7,"temp"
"4877","CA",53.667,-113.467,688,2024,73,-1,-9,6,"temp"
"4878","CA",53.667,-113.467,688,2024,74,5.4,-0.2,10,"temp"
"4879","CA",53.667,-113.467,688,2024,75,6.9,3.9,10,"temp"
"4880","CA",53.667,-113.467,688,2024,78,11.9,6,16,"temp"
"4881","CA",53.667,-113.467,688,2024,79,0.9,-3.9,15,"temp"
"4882","CA",53.667,-113.467,688,2024,80,-5.1,-8,-2.7,"temp"
"4883","CA",53.667,-113.467,688,2024,81,-5.7,-7.9,-4,"temp"
"4884","CA",53.667,-113.467,688,2024,82,-7.7,-11.2,-4,"temp"
"4885","CA",53.667,-113.467,688,2024,85,-4.3,-7,-3,"temp"
"4886","CA",53.667,-113.467,688,2024,87,0.1,-4,6,"temp"
"4887","CA",53.667,-113.467,688,2024,94,5.8,3,10,"temp"
"4888","CA",53.667,-113.467,688,2024,95,0.2,-1,2,"temp"
"4889","CA",53.667,-113.467,688,2024,96,-0.3,-1,1,"temp"
"4890","CA",53.667,-113.467,688,2024,99,10.4,3.2,14,"temp"
"4891","CA",53.667,-113.467,688,2024,100,8.2,3,11,"temp"
"4892","CA",53.667,-113.467,688,2024,101,6.3,1,11,"temp"
"4893","CA",53.667,-113.467,688,2024,102,9.4,2,14,"temp"
"4894","CA",53.667,-113.467,688,2024,103,9.2,1,15,"temp"
"4895","CA",53.667,-113.467,688,2024,106,9.1,6.4,11,"temp"
"4896","CA",53.667,-113.467,688,2024,107,3.3,0,6,"temp"
"4897","CA",53.667,-113.467,688,2024,108,-0.9,-4,2,"temp"
"4898","CA",53.667,-113.467,688,2024,109,-0.3,-6,4,"temp"
"4899","CA",53.667,-113.467,688,2024,110,-0.1,-9,6,"temp"
"4900","CA",53.667,-113.467,688,2024,113,12.8,4.9,18.1,"temp"
"4901","CA",53.667,-113.467,688,2024,115,16.4,13,18,"temp"
"4902","CA",53.667,-113.467,688,2024,120,8.6,6,11,"temp"
"4903","CA",53.667,-113.467,688,2024,121,2.9,-0.5,9,"temp"
"4904","CA",53.667,-113.467,688,2024,123,10.9,8,13,"temp"
"4905","CA",53.667,-113.467,688,2024,124,9.2,6,12,"temp"
"4906","CA",53.667,-113.467,688,2024,127,9.5,8,11,"temp"
"4907","CA",53.667,-113.467,688,2024,128,7.7,7,9,"temp"
"4908","CA",53.667,-113.467,688,2024,129,12.6,7,17,"temp"
"4909","CA",53.667,-113.467,688,2024,130,16.7,10,22,"temp"
"4910","CA",53.667,-113.467,688,2024,131,19.3,9.6,25,"temp"
"4911","CA",53.667,-113.467,688,2024,134,15.9,9,19,"temp"
"4912","CA",53.667,-113.467,688,2024,135,16.2,9,21,"temp"
"4913","CA",53.667,-113.467,688,2024,136,12.5,10,16.2,"temp"
"4914","CA",53.667,-113.467,688,2024,137,9.5,8,12,"temp"
"4915","CA",53.667,-113.467,688,2024,138,7.4,4,14,"temp"
"4916","CA",53.667,-113.467,688,2024,142,12.1,9,14,"temp"
"4917","CA",53.667,-113.467,688,2024,143,10.2,6,14,"temp"
"4918","CA",53.667,-113.467,688,2024,144,8.9,6.4,12,"temp"
"4919","CA",53.667,-113.467,688,2024,145,10.7,5,15,"temp"
"4920","CA",53.667,-113.467,688,2024,149,16.3,10.2,22,"temp"
"4921","CA",53.667,-113.467,688,2024,150,16.8,13,22,"temp"
"4922","CA",53.667,-113.467,688,2024,151,13.1,9,16,"temp"
"4923","CA",53.667,-113.467,688,2024,152,11.9,9,14,"temp"
"4924","CA",53.667,-113.467,688,2024,156,14.9,10,18,"temp"
"4925","CA",53.667,-113.467,688,2024,157,13.9,9,19,"temp"
"4926","CA",53.667,-113.467,688,2024,158,14.5,8,18,"temp"
"4927","CA",53.667,-113.467,688,2024,159,14.3,6,19,"temp"
"4928","CA",53.667,-113.467,688,2024,162,17.2,13,20,"temp"
"4929","CA",53.667,-113.467,688,2024,163,16.9,9.6,24,"temp"
"4930","CA",53.667,-113.467,688,2024,164,10.7,9.2,14,"temp"
"4931","CA",53.667,-113.467,688,2024,165,13.7,9.9,20,"temp"
"4932","CA",53.667,-113.467,688,2024,166,16.9,14,21,"temp"
"4933","CA",53.667,-113.467,688,2024,169,9.3,7,12,"temp"
"4934","CA",53.667,-113.467,688,2024,170,10,6,12,"temp"
"4935","CA",53.667,-113.467,688,2024,171,14.7,10,17,"temp"
"4936","CA",53.667,-113.467,688,2024,172,16.3,7,21,"temp"
"4937","CA",53.667,-113.467,688,2024,173,20.6,16.6,23,"temp"
"4938","CA",53.667,-113.467,688,2024,176,19.5,17,22,"temp"
"4939","CA",53.667,-113.467,688,2024,177,14.9,10.6,19,"temp"
"4940","CA",53.667,-113.467,688,2024,178,17.1,10,23,"temp"
"4941","CA",53.667,-113.467,688,2024,179,16.9,14,21,"temp"
"4942","CA",53.667,-113.467,688,2024,185,16.3,13,19,"temp"
"4943","CA",53.667,-113.467,688,2024,186,18.7,13,22,"temp"
"4944","CA",53.667,-113.467,688,2024,187,20.5,13,24,"temp"
"4945","CA",53.667,-113.467,688,2024,190,25.9,18,31,"temp"
"4946","CA",53.667,-113.467,688,2024,191,27.5,18,33,"temp"
"4947","CA",53.667,-113.467,688,2024,192,27.8,21,33,"temp"
"4948","CA",53.667,-113.467,688,2024,193,25.1,20,28,"temp"
"4949","CA",53.667,-113.467,688,2024,194,17.7,13,22,"temp"
"4950","CA",53.667,-113.467,688,2024,197,21.5,16,26,"temp"
"4951","CA",53.667,-113.467,688,2024,198,25.2,19.5,30,"temp"
"4952","CA",53.667,-113.467,688,2024,199,26.9,17,32,"temp"
"4953","CA",53.667,-113.467,688,2024,200,25.7,17,33,"temp"
"4954","CA",53.667,-113.467,688,2024,201,26.1,18,33,"temp"
"4955","CA",53.667,-113.467,688,2024,205,24.4,22,28,"temp"
"4956","CA",53.667,-113.467,688,2024,206,21.5,18,27,"temp"
"4957","CA",53.667,-113.467,688,2024,207,12.7,11,15,"temp"
"4958","CA",53.667,-113.467,688,2024,208,13.9,11,17,"temp"
"4959","CA",53.667,-113.467,688,2024,212,22.4,16.7,26,"temp"
"4960","CA",53.667,-113.467,688,2024,213,23.4,21.4,25,"temp"
"4961","CA",53.667,-113.467,688,2024,214,14.4,12,17,"temp"
"4962","CA",53.667,-113.467,688,2024,219,16.2,10.4,19,"temp"
"4963","CA",53.667,-113.467,688,2024,220,16.9,13.1,20,"temp"
"4964","CA",53.667,-113.467,688,2024,221,18.3,11,22,"temp"
"4965","CA",53.667,-113.467,688,2024,222,19.3,12,23,"temp"
"4966","CA",53.667,-113.467,688,2024,225,23.6,15,28,"temp"
"4967","CA",53.667,-113.467,688,2024,226,20.4,11,26,"temp"
"4968","CA",53.667,-113.467,688,2024,227,19,15,23,"temp"
"4969","CA",53.667,-113.467,688,2024,228,17.1,6.4,25,"temp"
"4970","CA",53.667,-113.467,688,2024,229,15.5,14,17,"temp"
"4971","CA",53.667,-113.467,688,2024,233,18.3,16,22,"temp"
"4972","CA",53.667,-113.467,688,2024,234,18.7,13,25,"temp"
"4973","CA",53.667,-113.467,688,2024,235,15.6,12,22,"temp"
"4974","CA",53.667,-113.467,688,2024,236,18.3,11,28,"temp"
"4975","CA",53.667,-113.467,688,2024,240,20.2,16,25,"temp"
"4976","CA",53.667,-113.467,688,2024,241,13.8,10.9,18,"temp"
"4977","CA",53.667,-113.467,688,2024,242,16.8,12,23,"temp"
"4978","CA",53.667,-113.467,688,2024,243,13.9,9,22,"temp"
"4979","CA",53.667,-113.467,688,2024,248,16.6,13.7,20,"temp"
"4980","CA",53.667,-113.467,688,2024,249,17.4,10.2,24,"temp"
"4981","CA",53.667,-113.467,688,2024,251,22.1,11,30,"temp"
"4982","CA",53.667,-113.467,688,2024,260,17.4,13,21,"temp"
"4983","CA",53.667,-113.467,688,2024,263,16.1,14.2,18,"temp"
"4984","CA",53.667,-113.467,688,2024,269,15.1,12,19.2,"temp"
"4985","CA",53.667,-113.467,688,2024,271,19.4,16,22,"temp"
"4986","CA",53.667,-113.467,688,2024,275,9.9,8,12,"temp"
"4987","CA",53.667,-113.467,688,2024,281,12.4,4,21,"temp"
"4988","CA",53.667,-113.467,688,2024,282,11.9,7,19,"temp"
"4989","CA",53.667,-113.467,688,2024,283,8.1,5,11,"temp"
"4990","CA",53.667,-113.467,688,2024,284,7.6,1,13,"temp"
"4991","CA",53.667,-113.467,688,2024,285,8.8,7,11,"temp"
"4992","CA",53.667,-113.467,688,2024,289,10.1,5,14,"temp"
"4993","CA",53.667,-113.467,688,2024,290,7.4,5,11,"temp"
"4994","CA",53.667,-113.467,688,2024,291,6.2,1,10,"temp"
"4995","CA",53.667,-113.467,688,2024,295,-2.3,-3,-1.9,"temp"
"4996","CA",53.667,-113.467,688,2024,296,1.2,-3.4,7,"temp"
"4997","CA",53.667,-113.467,688,2024,297,5.4,2,9,"temp"
"4998","CA",53.667,-113.467,688,2024,298,6.4,5,8,"temp"
"4999","CA",53.667,-113.467,688,2024,299,2.7,-3.2,8,"temp"
"5000","CA",53.667,-113.467,688,2024,303,-2.5,-3.4,-1,"temp"
"5001","CA",53.667,-113.467,688,2024,304,0.3,-7,7,"temp"
"5002","CA",53.667,-113.467,688,2024,305,-1.1,-2,0,"temp"
"5003","CA",53.667,-113.467,688,2024,306,-1.4,-2,0,"temp"
"5004","CA",53.667,-113.467,688,2024,309,3.4,-3,7,"temp"
"5005","CA",53.667,-113.467,688,2024,310,1.6,0,3,"temp"
"5006","CA",53.667,-113.467,688,2024,311,4.3,-1.2,10,"temp"
"5007","CA",53.667,-113.467,688,2024,312,10.4,5,14,"temp"
"5008","CA",53.667,-113.467,688,2024,313,10.3,2,15.2,"temp"
"5009","CA",53.667,-113.467,688,2024,317,7.6,5.2,9,"temp"
"5010","CA",53.667,-113.467,688,2024,318,0.4,-3.4,4,"temp"
"5011","CA",53.667,-113.467,688,2024,319,-1.6,-5.6,1,"temp"
"5012","CA",53.667,-113.467,688,2024,320,-0.9,-2.2,0,"temp"
"5013","CA",53.667,-113.467,688,2024,327,-12.7,-14.7,-11,"temp"
"5014","CA",53.667,-113.467,688,2024,330,-14.2,-16.2,-12,"temp"
"5015","CA",53.667,-113.467,688,2024,331,-13.4,-16.2,-10,"temp"
"5016","CA",53.667,-113.467,688,2024,332,-13.7,-16.3,-10,"temp"
"5017","CA",53.667,-113.467,688,2024,333,-18.6,-20,-16,"temp"
"5018","CA",53.667,-113.467,688,2024,334,-19.1,-22.2,-17,"temp"
"5019","CA",53.667,-113.467,688,2024,337,-7.7,-11.6,-5,"temp"
"5020","CA",53.667,-113.467,688,2024,338,0.6,-3.6,5,"temp"
"5021","CA",53.667,-113.467,688,2024,339,-9.1,-12.8,-1,"temp"
"5022","CA",53.667,-113.467,688,2024,340,1,-8.2,4,"temp"
"5023","CA",53.667,-113.467,688,2024,341,3.7,2,6,"temp"
"5024","CA",53.667,-113.467,688,2024,344,-2.8,-5.6,-1,"temp"
"5025","CA",53.667,-113.467,688,2024,345,-10.9,-13.1,-1,"temp"
